jméno_poskytovatele,procento_distribucí_nedostupných,počet_distribucí_se_souborem_nedostupných,počet_distribucí_se_souborem_celkem
Statutární město Hradec Králové,100,25,25
Jihomoravský kraj,100,10,10
Ministerstvo zemědělství,94,471,501
Státní ústav pro kontrolu léčiv,50,8,16
Moravskoslezský kraj,50,1,2
Česká informační agentura životního prostředí,23,15,63
Ministerstvo životního prostředí,18,54,291
Liberecký kraj,16,2,12
Ministerstvo pro místní rozvoj,12,3,24
Český statistický úřad,8,91,1098
HLAVNÍ MĚSTO PRAHA,4,80,1850
Ministerstvo zdravotnictví,3,9,259
Česká školní inspekce,3,1,30
Ministerstvo financí,2,16,789
Statutární město Ostrava,2,10,472
Ministerstvo vnitra,1,256,15925
Statutární město Děčín,1,2,127
Český úřad zeměměřický a katastrální,0,6,175976
Statutární město Brno,0,2,852
