jméno_poskytovatele,procento_distribucí_nedostupných,počet_distribucí_se_souborem_nedostupných,počet_distribucí_se_souborem_celkem
Úřad průmyslového vlastnictví,100,1267,1267
"Ministerstvo školství, mládeže a tělovýchovy",100,15,15
Liberecký kraj,100,12,12
ČESKÁ NÁRODNÍ BANKA,100,7,7
Obec Huntířov,100,5,5
Česká správa sociálního zabezpečení,99,153,154
Český statistický úřad,91,1001,1098
Nejvyšší kontrolní úřad,90,20,22
Státní ústav pro kontrolu léčiv,87,14,16
Moravskoslezský kraj,50,1,2
Ministerstvo zdravotnictví,39,102,259
Statutární město Ostrava,23,109,472
Úřad vlády České republiky,23,9,39
Ministerstvo životního prostředí,18,55,291
HLAVNÍ MĚSTO PRAHA,11,212,1850
Ministerstvo financí,5,41,789
Ministerstvo vnitra,0,33,15925
