jméno_poskytovatele,downloadURL
HLAVNÍ MĚSTO PRAHA,http://www.geoportalpraha.cz/cs/fulltext_geoportal/id/17E1E8B9-CCC4-4BC8-B415-E3065F20D049
HLAVNÍ MĚSTO PRAHA,https://developers.google.com/transit/gtfs/
HLAVNÍ MĚSTO PRAHA,https://golemio.docs.apiary.io/#introduction/cykloscitace/detailni-informace-o-cykloscitacich
HLAVNÍ MĚSTO PRAHA,https://golemio.docs.apiary.io/#introduction/priroda-ve-meste/bio-obchody
HLAVNÍ MĚSTO PRAHA,https://golemio.docs.apiary.io/#introduction/priroda-ve-meste/farmarske-trhy
HLAVNÍ MĚSTO PRAHA,https://golemio.docs.apiary.io/#introduction/priroda-ve-meste/komunitni-lednice
HLAVNÍ MĚSTO PRAHA,https://golemio.docs.apiary.io/#introduction/priroda-ve-meste/komunitni-zahrady
HLAVNÍ MĚSTO PRAHA,https://golemio.docs.apiary.io/#introduction/priroda-ve-meste/vcelnice
HLAVNÍ MĚSTO PRAHA,https://golemio.docs.apiary.io/#introduction/statistiky-odpadoveho-hospodarstvi-v-praze/katalog-odpadu
HLAVNÍ MĚSTO PRAHA,https://golemio.docs.apiary.io/#introduction/statistiky-odpadoveho-hospodarstvi-v-praze/statistiky-trideneho-odpadu
HLAVNÍ MĚSTO PRAHA,https://golemio.docs.apiary.io/#introduction/udrzitelna-energetika/energeticke-budovy
HLAVNÍ MĚSTO PRAHA,https://golemio.docs.apiary.io/#introduction/udrzitelna-energetika/fotovoltaicke-elektrarny
HLAVNÍ MĚSTO PRAHA,https://opravujeme.to/static/v1/swagger
HLAVNÍ MĚSTO PRAHA,https://storage.golemio.cz/ckan/mhmp/schema/Cerpani_rozpoctu_MHMP.schema.json
HLAVNÍ MĚSTO PRAHA,https://storage.golemio.cz/ckan/mhmp/schema/Dopravni_prestupky_MHMP.schema.json
HLAVNÍ MĚSTO PRAHA,https://storage.golemio.cz/ckan/mhmp/schema/Faktury_MHMP.schema.json
HLAVNÍ MĚSTO PRAHA,https://storage.golemio.cz/ckan/mhmp/schema/Financni_vztahy_mezi_HMP_a_MC_HMP.schema.json
HLAVNÍ MĚSTO PRAHA,https://storage.golemio.cz/ckan/mhmp/schema/PKO_dle_splatnosti.schema.json
HLAVNÍ MĚSTO PRAHA,https://storage.golemio.cz/ckan/mhmp/schema/PKO_dle_ucetni_operace.schema.json
HLAVNÍ MĚSTO PRAHA,https://storage.golemio.cz/ckan/mhmp/schema/Pocet_nove_uzavrenych_najemnich_vztahu_HMP.schema.json
HLAVNÍ MĚSTO PRAHA,https://storage.golemio.cz/ckan/mhmp/schema/Pocet_opravenych_bytu_HMP.schema.json
HLAVNÍ MĚSTO PRAHA,https://storage.golemio.cz/ckan/mhmp/schema/Pocet_uvolnenych_bytu_HMP.schema.json
HLAVNÍ MĚSTO PRAHA,https://storage.golemio.cz/ckan/mhmp/schema/Pocet_vedenych_soudnich_sporu_k_bytovemu_fondu_HMP.schema.json
HLAVNÍ MĚSTO PRAHA,https://storage.golemio.cz/ckan/mhmp/schema/Rozpocet_MHMP.schema.json
HLAVNÍ MĚSTO PRAHA,https://storage.golemio.cz/ckan/mhmp/schema/Struktura_bytoveho_fondu_HMP.schema.json
HLAVNÍ MĚSTO PRAHA,https://storage.golemio.cz/ckan/mhmp/schema/Verejne_osvetleni.schema.json
HLAVNÍ MĚSTO PRAHA,https://storage.golemio.cz/ckan/mhmp/schema/Volne_nebytove_prostory_MHMP.schema.json
HLAVNÍ MĚSTO PRAHA,https://storage.golemio.cz/ckan/mhmp/schema/Vybrane_kontroly_OKC_MHMP.schema.json
HLAVNÍ MĚSTO PRAHA,https://storage.golemio.cz/ckan/mhmp/schema/Vysledky_hlasovani_ZHMP.schema.json
HLAVNÍ MĚSTO PRAHA,https://storage.golemio.cz/ckan/mhmp/schema/Zadosti_o_pronajem_bytu_HMP.schema.json
HLAVNÍ MĚSTO PRAHA,https://www.praha11.cz/cs/mestska-cast/zivotni-prostredi/uklid-verejnych-prostranstvi/odpadkove-kose.html
HLAVNÍ MĚSTO PRAHA,https://www.praha11.cz/opendata/json.php?akce=tematicke_mapy&tmID=74
Liberecký kraj,http://geoportal.kraj-lbc.cz/metadata/records/58a19485-8a18-447a-94fb-8896c371c416?format=application/xml
Liberecký kraj,http://geoportal.kraj-lbc.cz/metadata/records/58a19a42-8d4c-47b3-900a-52fec371c416?format=application/xml
Liberecký kraj,http://geoportal.kraj-lbc.cz/php/metadata/records/589d89be-b044-4e49-a321-49f8c371c416?format=application/xml
Ministerstvo financí,https://monitor.statnipokladna.cz/data/xsd/ciselniky/monitorAktorg.xsd
Ministerstvo financí,https://monitor.statnipokladna.cz/data/xsd/ciselniky/monitorCofog.xsd
Ministerstvo financí,https://monitor.statnipokladna.cz/data/xsd/ciselniky/monitorDruhrizeni.xsd
Ministerstvo financí,https://monitor.statnipokladna.cz/data/xsd/ciselniky/monitorDruhuj.xsd
Ministerstvo financí,https://monitor.statnipokladna.cz/data/xsd/ciselniky/monitorDruhukazatele.xsd
Ministerstvo financí,https://monitor.statnipokladna.cz/data/xsd/ciselniky/monitorEds.xsd
Ministerstvo financí,https://monitor.statnipokladna.cz/data/xsd/ciselniky/monitorFinmisto.xsd
Ministerstvo financí,https://monitor.statnipokladna.cz/data/xsd/ciselniky/monitorForma.xsd
Ministerstvo financí,https://monitor.statnipokladna.cz/data/xsd/ciselniky/monitorIsektor.xsd
Ministerstvo financí,https://monitor.statnipokladna.cz/data/xsd/ciselniky/monitorKapitola.xsd
Ministerstvo financí,https://monitor.statnipokladna.cz/data/xsd/ciselniky/monitorKatobyv.xsd
Ministerstvo financí,https://monitor.statnipokladna.cz/data/xsd/ciselniky/monitorNastroj.xsd
Ministerstvo financí,https://monitor.statnipokladna.cz/data/xsd/ciselniky/monitorNastrojanal.xsd
Ministerstvo financí,https://monitor.statnipokladna.cz/data/xsd/ciselniky/monitorNuts.xsd
Ministerstvo financí,https://monitor.statnipokladna.cz/data/xsd/ciselniky/monitorOrp.xsd
Ministerstvo financí,https://monitor.statnipokladna.cz/data/xsd/ciselniky/monitorParagraf.xsd
Ministerstvo financí,https://monitor.statnipokladna.cz/data/xsd/ciselniky/monitorParagraflong.xsd
Ministerstvo financí,https://monitor.statnipokladna.cz/data/xsd/ciselniky/monitorPoddruhuj.xsd
Ministerstvo financí,https://monitor.statnipokladna.cz/data/xsd/ciselniky/monitorPodklad.xsd
Ministerstvo financí,https://monitor.statnipokladna.cz/data/xsd/ciselniky/monitorPolozka.xsd
Ministerstvo financí,https://monitor.statnipokladna.cz/data/xsd/ciselniky/monitorPolvkk.xsd
Ministerstvo financí,https://monitor.statnipokladna.cz/data/xsd/ciselniky/monitorPolvyk.xsd
Ministerstvo financí,https://monitor.statnipokladna.cz/data/xsd/ciselniky/monitorPomv.xsd
Ministerstvo financí,https://monitor.statnipokladna.cz/data/xsd/ciselniky/monitorPou.xsd
Ministerstvo financí,https://monitor.statnipokladna.cz/data/xsd/ciselniky/monitorProstjedn.xsd
Ministerstvo financí,https://monitor.statnipokladna.cz/data/xsd/ciselniky/monitorPsuk.xsd
Ministerstvo financí,https://monitor.statnipokladna.cz/data/xsd/ciselniky/monitorPvs.xsd
Ministerstvo financí,https://monitor.statnipokladna.cz/data/xsd/ciselniky/monitorRozprog.xsd
Ministerstvo financí,https://monitor.statnipokladna.cz/data/xsd/ciselniky/monitorTypfinmista.xsd
Ministerstvo financí,https://monitor.statnipokladna.cz/data/xsd/ciselniky/monitorTyporg.xsd
Ministerstvo financí,https://monitor.statnipokladna.cz/data/xsd/ciselniky/monitorUcel.xsd
Ministerstvo financí,https://monitor.statnipokladna.cz/data/xsd/ciselniky/monitorUcelznak.xsd
Ministerstvo financí,https://monitor.statnipokladna.cz/data/xsd/ciselniky/monitorUcjed.xsd
Ministerstvo financí,https://monitor.statnipokladna.cz/data/xsd/ciselniky/monitorUctosnova.xsd
Ministerstvo financí,https://monitor.statnipokladna.cz/data/xsd/ciselniky/monitorVeduc.xsd
Ministerstvo financí,https://monitor.statnipokladna.cz/data/xsd/ciselniky/monitorVykaz.xsd
Ministerstvo financí,https://monitor.statnipokladna.cz/data/xsd/ciselniky/monitorZazjedn.xsd
Ministerstvo financí,https://monitor.statnipokladna.cz/data/xsd/ciselniky/monitorZdroj.xsd
Ministerstvo financí,https://monitor.statnipokladna.cz/data/xsd/ciselniky/monitorZdrojfin.xsd
Ministerstvo financí,https://monitor.statnipokladna.cz/data/xsd/ciselniky/monitorZpodm.xsd
Ministerstvo financí,https://monitor.statnipokladna.cz/data/xsd/ciselniky/monitorZuj.xsd
Ministerstvo vnitra,https://joinup.ec.europa.eu/catalogue/distribution/adms_xml_schema_v101zip
Ministerstvo vnitra,https://portal.gov.cz/portal/obcan/rejstriky/data/115217898/rej-115217898-definice.xsd
Ministerstvo vnitra,https://portal.isoss.cz/ciselniky/schema/csv/isoss_export_toc1.json
Ministerstvo vnitra,https://portal.isoss.cz/ciselniky/schema/xsd/isoss_export_toc1.xsd
Ministerstvo vnitra,https://portal.isoss.cz/opendata/schema/xsd/govcz_obsazovana_sluzebni_mista.xsd
Ministerstvo vnitra,https://portal.isoss.cz/opendata/schema/xsd/govcz_organizacni_struktura_sluzebnich_uradu.xsd
Ministerstvo vnitra,https://smlouvy.gov.cz/soubor/isrs-xsd.zip
Ministerstvo vnitra,https://www.mojedatovaschranka.cz/sds/datafile.do?format=xml&service=seznam_ds_fo
Ministerstvo vnitra,https://www.mojedatovaschranka.cz/sds/datafile.do?format=xml&service=seznam_ds_ovm
Ministerstvo vnitra,https://www.mojedatovaschranka.cz/sds/datafile.do?format=xml&service=seznam_ds_pfo
Ministerstvo vnitra,https://www.mojedatovaschranka.cz/sds/datafile.do?format=xml&service=seznam_ds_po
Ministerstvo zdravotnictví,https://onemocneni-aktualne.mzcr.cz/api/v1/covid-19/nakaza.csv-metadata.json
Ministerstvo zdravotnictví,https://onemocneni-aktualne.mzcr.cz/api/v1/covid-19/nakazeni-vyleceni-umrti-testy.csv-metadata.json
Ministerstvo zdravotnictví,https://onemocneni-aktualne.mzcr.cz/api/v1/covid-19/osoby.csv-metadata.json
Ministerstvo zdravotnictví,https://onemocneni-aktualne.mzcr.cz/api/v1/covid-19/pomucky.csv-metadata.json
Ministerstvo zdravotnictví,https://onemocneni-aktualne.mzcr.cz/api/v1/covid-19/testy.csv-metadata.json
Ministerstvo zdravotnictví,https://onemocneni-aktualne.mzcr.cz/api/v2/covid-19/hospitalizace.csv-metadata.json
Ministerstvo zdravotnictví,https://onemocneni-aktualne.mzcr.cz/api/v2/covid-19/incidence-7-14-cr.csv-metadata.json
Ministerstvo zdravotnictví,https://onemocneni-aktualne.mzcr.cz/api/v2/covid-19/incidence-7-14-kraje.csv-metadata.json
Ministerstvo zdravotnictví,https://onemocneni-aktualne.mzcr.cz/api/v2/covid-19/incidence-7-14-okresy.csv-metadata.json
Ministerstvo zdravotnictví,https://onemocneni-aktualne.mzcr.cz/api/v2/covid-19/kraj-okres-nakazeni-vyleceni-umrti.csv-metadata.json
Ministerstvo zdravotnictví,https://onemocneni-aktualne.mzcr.cz/api/v2/covid-19/kraj-okres-testy.csv-metadata.json
Ministerstvo zdravotnictví,https://onemocneni-aktualne.mzcr.cz/api/v2/covid-19/mestske-casti.csv-metadata.json
Ministerstvo zdravotnictví,https://onemocneni-aktualne.mzcr.cz/api/v2/covid-19/nakaza.csv-metadata.json
Ministerstvo zdravotnictví,https://onemocneni-aktualne.mzcr.cz/api/v2/covid-19/nakazeni-vyleceni-umrti-testy.csv-metadata.json
Ministerstvo zdravotnictví,https://onemocneni-aktualne.mzcr.cz/api/v2/covid-19/obce.csv-metadata.json
Ministerstvo zdravotnictví,https://onemocneni-aktualne.mzcr.cz/api/v2/covid-19/ockovaci-mista.csv-metadata.json
Ministerstvo zdravotnictví,https://onemocneni-aktualne.mzcr.cz/api/v2/covid-19/ockovaci-zarizeni.csv-metadata.json
Ministerstvo zdravotnictví,https://onemocneni-aktualne.mzcr.cz/api/v2/covid-19/ockovani-demografie.csv-metadata.json
Ministerstvo zdravotnictví,https://onemocneni-aktualne.mzcr.cz/api/v2/covid-19/ockovani-distribuce-sklad.csv-metadata.json
Ministerstvo zdravotnictví,https://onemocneni-aktualne.mzcr.cz/api/v2/covid-19/ockovani-distribuce.csv-metadata.json
Ministerstvo zdravotnictví,https://onemocneni-aktualne.mzcr.cz/api/v2/covid-19/ockovani-geografie.csv-metadata.json
Ministerstvo zdravotnictví,https://onemocneni-aktualne.mzcr.cz/api/v2/covid-19/ockovani-hospitalizace.csv-metadata.json
Ministerstvo zdravotnictví,https://onemocneni-aktualne.mzcr.cz/api/v2/covid-19/ockovani-jip.csv-metadata.json
Ministerstvo zdravotnictví,https://onemocneni-aktualne.mzcr.cz/api/v2/covid-19/ockovani-pozitivni.csv-metadata.json
Ministerstvo zdravotnictví,https://onemocneni-aktualne.mzcr.cz/api/v2/covid-19/ockovani-pozitivni65.csv-metadata.json
Ministerstvo zdravotnictví,https://onemocneni-aktualne.mzcr.cz/api/v2/covid-19/ockovani-profese.csv-metadata.json
Ministerstvo zdravotnictví,https://onemocneni-aktualne.mzcr.cz/api/v2/covid-19/ockovani-registrace.csv-metadata.json
Ministerstvo zdravotnictví,https://onemocneni-aktualne.mzcr.cz/api/v2/covid-19/ockovani-rezervace.csv-metadata.json
Ministerstvo zdravotnictví,https://onemocneni-aktualne.mzcr.cz/api/v2/covid-19/ockovani-spotreba.csv-metadata.json
Ministerstvo zdravotnictví,https://onemocneni-aktualne.mzcr.cz/api/v2/covid-19/ockovani-umrti.csv-metadata.json
Ministerstvo zdravotnictví,https://onemocneni-aktualne.mzcr.cz/api/v2/covid-19/ockovani-zakladni-prehled.csv-metadata.json
Ministerstvo zdravotnictví,https://onemocneni-aktualne.mzcr.cz/api/v2/covid-19/ockovani.csv-metadata.json
Ministerstvo zdravotnictví,https://onemocneni-aktualne.mzcr.cz/api/v2/covid-19/orp.csv-metadata.json
Ministerstvo zdravotnictví,https://onemocneni-aktualne.mzcr.cz/api/v2/covid-19/osoby.csv-metadata.json
Ministerstvo zdravotnictví,https://onemocneni-aktualne.mzcr.cz/api/v2/covid-19/pomucky.csv-metadata.json
Ministerstvo zdravotnictví,https://onemocneni-aktualne.mzcr.cz/api/v2/covid-19/prehled-ockovacich-mist.csv-metadata.json
Ministerstvo zdravotnictví,https://onemocneni-aktualne.mzcr.cz/api/v2/covid-19/prehled-odberovych-mist.csv-metadata.json
Ministerstvo zdravotnictví,https://onemocneni-aktualne.mzcr.cz/api/v2/covid-19/prioritni-skupiny.csv-metadata.json
Ministerstvo zdravotnictví,https://onemocneni-aktualne.mzcr.cz/api/v2/covid-19/testy-pcr-antigenni.csv-metadata.json
Ministerstvo zdravotnictví,https://onemocneni-aktualne.mzcr.cz/api/v2/covid-19/testy.csv-metadata.json
Ministerstvo zdravotnictví,https://onemocneni-aktualne.mzcr.cz/api/v2/covid-19/umrti.csv-metadata.json
Ministerstvo zdravotnictví,https://onemocneni-aktualne.mzcr.cz/api/v2/covid-19/vyleceni.csv-metadata.json
Ministerstvo zdravotnictví,https://onemocneni-aktualne.mzcr.cz/api/v2/covid-19/zakladni-prehled.csv-metadata.json
Ministerstvo zdravotnictví,https://opendata.mzcr.cz/data/dip/kapacity-intenzivni-pece.csv-metadata.json
Ministerstvo zdravotnictví,https://opendata.mzcr.cz/data/faktury/2018/01/faktury.csv-metadata.json
Ministerstvo zdravotnictví,https://opendata.mzcr.cz/data/faktury/2018/01/polozky.csv-metadata.json
Ministerstvo zdravotnictví,https://opendata.mzcr.cz/data/faktury/2018/02/faktury.csv-metadata.json
Ministerstvo zdravotnictví,https://opendata.mzcr.cz/data/faktury/2018/02/polozky.csv-metadata.json
Ministerstvo zdravotnictví,https://opendata.mzcr.cz/data/faktury/2018/03/faktury.csv-metadata.json
Ministerstvo zdravotnictví,https://opendata.mzcr.cz/data/faktury/2018/03/polozky.csv-metadata.json
Ministerstvo zdravotnictví,https://opendata.mzcr.cz/data/faktury/2018/04/faktury.csv-metadata.json
Ministerstvo zdravotnictví,https://opendata.mzcr.cz/data/faktury/2018/04/polozky.csv-metadata.json
Ministerstvo zdravotnictví,https://opendata.mzcr.cz/data/faktury/2018/05/faktury.csv-metadata.json
Ministerstvo zdravotnictví,https://opendata.mzcr.cz/data/faktury/2018/05/polozky.csv-metadata.json
Ministerstvo zdravotnictví,https://opendata.mzcr.cz/data/faktury/2018/06/faktury.csv-metadata.json
Ministerstvo zdravotnictví,https://opendata.mzcr.cz/data/faktury/2018/06/polozky.csv-metadata.json
Ministerstvo zdravotnictví,https://opendata.mzcr.cz/data/faktury/2018/07/faktury.csv-metadata.json
Ministerstvo zdravotnictví,https://opendata.mzcr.cz/data/faktury/2018/07/polozky.csv-metadata.json
Ministerstvo zdravotnictví,https://opendata.mzcr.cz/data/faktury/2018/08/faktury.csv-metadata.json
Ministerstvo zdravotnictví,https://opendata.mzcr.cz/data/faktury/2018/08/polozky.csv-metadata.json
Ministerstvo zdravotnictví,https://opendata.mzcr.cz/data/faktury/2018/09/faktury.csv-metadata.json
Ministerstvo zdravotnictví,https://opendata.mzcr.cz/data/faktury/2018/09/polozky.csv-metadata.json
Ministerstvo zdravotnictví,https://opendata.mzcr.cz/data/faktury/2018/10/faktury.csv-metadata.json
Ministerstvo zdravotnictví,https://opendata.mzcr.cz/data/faktury/2018/10/polozky.csv-metadata.json
Ministerstvo zdravotnictví,https://opendata.mzcr.cz/data/faktury/2018/11/faktury.csv-metadata.json
Ministerstvo zdravotnictví,https://opendata.mzcr.cz/data/faktury/2018/11/polozky.csv-metadata.json
Ministerstvo zdravotnictví,https://opendata.mzcr.cz/data/faktury/2018/12/faktury.csv-metadata.json
Ministerstvo zdravotnictví,https://opendata.mzcr.cz/data/faktury/2018/12/polozky.csv-metadata.json
Ministerstvo zdravotnictví,https://opendata.mzcr.cz/data/faktury/2019/01/faktury.csv-metadata.json
Ministerstvo zdravotnictví,https://opendata.mzcr.cz/data/faktury/2019/01/polozky.csv-metadata.json
Ministerstvo zdravotnictví,https://opendata.mzcr.cz/data/nrpzs/narodni-registr-poskytovatelu-zdravotnich-sluzeb.csv-metadata.json
Ministerstvo zdravotnictví,https://opendata.mzcr.cz/data/pzu/enums/ciselnik-schema.json
Ministerstvo zdravotnictví,https://opendata.mzcr.cz/data/pzu/standardizovana-incidence-zhoubnych-novotvaru-a-novotvaru-in-situ-bez-c44.csv-metadata.json
Ministerstvo zdravotnictví,https://opendata.mzcr.cz/data/pzu/standardizovana-incidence-zn-prudusnice-prudusky-a-plice-c33-34.csv-metadata.json
Ministerstvo zdravotnictví,https://opendata.mzcr.cz/data/pzu/standardizovana-incidence-zn-tlusteho-streva-c18.csv-metadata.json
Ministerstvo zdravotnictví,https://opendata.mzcr.cz/data/pzu/standardizovana-umrtnost-na-poraneni-a-otravy.csv-metadata.json
Ministerstvo zdravotnictví,https://opendata.mzcr.cz/data/pzu/standardizovana-umrtnost.csv-metadata.json
Ministerstvo zdravotnictví,https://opendata.mzcr.cz/data/pzu/stredni-delka-zivota.csv-metadata.json
Ministerstvo zdravotnictví,https://opendata.mzcr.cz/data/pzu/urazy-domaci-ostatni-na-100-000-obyvatel.csv-metadata.json
Ministerstvo zdravotnictví,https://opendata.mzcr.cz/data/pzu/urazy-dopravni-na-100-000-obyvatel.csv-metadata.json
Ministerstvo zdravotnictví,https://opendata.mzcr.cz/data/pzu/urazy-na-100-000-obyvatel.csv-metadata.json
Ministerstvo zdravotnictví,https://opendata.mzcr.cz/data/pzu/urazy-pracovni-na-100-000-obyvatel.csv-metadata.json
Ministerstvo zdravotnictví,https://opendata.mzcr.cz/data/pzu/urazy-sportovni-na-100-000-obyvatel.csv-metadata.json
"Ministerstvo školství, mládeže a tělovýchovy",https://rejstriky.msmt.cz/opendata/metadata/PopisVetyRSPO.txt
"Ministerstvo školství, mládeže a tělovýchovy",https://rejstriky.msmt.cz/opendata/metadata/PopisVetyVrejskol.txt
Ministerstvo životního prostředí,https://opendata.mzp.cz/schema/schema_faktura.json
Ministerstvo životního prostředí,https://opendata.mzp.cz/schema/schema_gmo.json
Ministerstvo životního prostředí,https://opendata.mzp.cz/schema/schema_objednavka.json
Ministerstvo životního prostředí,https://opendata.mzp.cz/schema/schema_smlouva.json
Moravskoslezský kraj,http://www.msk.cz/opendata/rozpocet-datove-schema-xml.xsd
Nejvyšší kontrolní úřad,http://data.nku.cz/download/kontrolni-akce/koordinovane_audity_schema.csv
Nejvyšší kontrolní úřad,http://data.nku.cz/download/kontrolni-akce/prehled_kontrolnich_akci_schema.csv
Nejvyšší kontrolní úřad,http://data.nku.cz/download/kontrolovane-osoby/kontrolovane_osoby_schema.csv
Nejvyšší kontrolní úřad,http://data.nku.cz/download/personalni-oblast/personalni_oblast_schema.csv
Nejvyšší kontrolní úřad,http://data.nku.cz/download/podani-obcanu/podani_obcanu_schema.csv
Nejvyšší kontrolní úřad,http://data.nku.cz/download/pravni-predpisy/pravni_predpisy_v_kontrolnich_zaverech_schema.csv
Nejvyšší kontrolní úřad,http://data.nku.cz/download/rozpocet/plneni_zavaznych_ukazatelu_schema.csv
Nejvyšší kontrolní úřad,http://data.nku.cz/download/rozpocet/rozpocet_2015_schema.csv
Nejvyšší kontrolní úřad,http://data.nku.cz/download/rozpocet/rozpocet_2016_schema.csv
Nejvyšší kontrolní úřad,http://data.nku.cz/download/rozpocet/rozpocet_2017_schema.csv
Nejvyšší kontrolní úřad,http://data.nku.cz/download/soucinnost-organu/soucinnost_s_octr_schema.csv
Nejvyšší kontrolní úřad,https://data.nku.cz/download/kolegium/clenove_kolegia_schema.csv
Nejvyšší kontrolní úřad,https://data.nku.cz/download/vystupy-z-kontrol/ka-19-05/MeO_2011_a_2018_schema.csv
Nejvyšší kontrolní úřad,https://data.nku.cz/download/vystupy-z-kontrol/ka-20-32/DistribuceSklady_schema.csv
Nejvyšší kontrolní úřad,https://data.nku.cz/download/vystupy-z-kontrol/ka-20-32/DodaciListyAZapisyOPrevzeti_schema.csv
Nejvyšší kontrolní úřad,https://data.nku.cz/download/vystupy-z-kontrol/ka-20-32/FakturyAPlatebniPoukazy_schema.csv
Nejvyšší kontrolní úřad,https://data.nku.cz/download/vystupy-z-kontrol/ka-20-32/Kvalita_schema.csv
Nejvyšší kontrolní úřad,https://data.nku.cz/download/vystupy-z-kontrol/ka-20-32/MezinarodniDopravaNakladMV_schema.csv
Nejvyšší kontrolní úřad,https://data.nku.cz/download/vystupy-z-kontrol/ka-20-32/MezinarodniDopravaSpojeMV_schema.csv
Nejvyšší kontrolní úřad,https://data.nku.cz/download/vystupy-z-kontrol/ka-20-32/ObjednavkyASmlouvy_schema.csv
Obec Huntířov,http://petrtichy.eu/opendata/schema/knihovny-datove-schema-csv.json
Obec Huntířov,http://petrtichy.eu/opendata/schema/materske-skoly-datove-schema-csv.json
Obec Huntířov,http://petrtichy.eu/opendata/schema/sportoviste-datove-schema-csv.json
Obec Huntířov,http://petrtichy.eu/opendata/schema/turisticke-cile-datove-schema-csv.json
Obec Huntířov,http://petrtichy.eu/opendata/schema/zakladni-skoly-datove-schema-csv.json
Statutární město Ostrava,http://mapy.ostrava.cz/opendata/data/xml/3Dmodel_JTSK_metadata_inspire.xml
Statutární město Ostrava,http://mapy.ostrava.cz/opendata/data/xml/adrbod_JTSK_metadata_inspire.xml
Statutární město Ostrava,http://mapy.ostrava.cz/opendata/data/xml/blokmapa_JTSK_metadata_inspire.xml
Statutární město Ostrava,http://mapy.ostrava.cz/opendata/data/xml/cenova_mapa_03_JTSK_metadata_inspire.xml
Statutární město Ostrava,http://mapy.ostrava.cz/opendata/data/xml/cenova_mapa_04_JTSK_metadata_inspire.xml
Statutární město Ostrava,http://mapy.ostrava.cz/opendata/data/xml/cenova_mapa_05_JTSK_metadata_inspire.xml
Statutární město Ostrava,http://mapy.ostrava.cz/opendata/data/xml/cenova_mapa_06_JTSK_metadata_inspire.xml
Statutární město Ostrava,http://mapy.ostrava.cz/opendata/data/xml/cenova_mapa_07_JTSK_metadata_inspire.xml
Statutární město Ostrava,http://mapy.ostrava.cz/opendata/data/xml/cenova_mapa_08_JTSK_metadata_inspire.xml
Statutární město Ostrava,http://mapy.ostrava.cz/opendata/data/xml/cenova_mapa_09_JTSK_metadata_inspire.xml
Statutární město Ostrava,http://mapy.ostrava.cz/opendata/data/xml/cenova_mapa_10_JTSK_metadata_inspire.xml
Statutární město Ostrava,http://mapy.ostrava.cz/opendata/data/xml/cenova_mapa_11_JTSK_metadata_inspire.xml
Statutární město Ostrava,http://mapy.ostrava.cz/opendata/data/xml/cenova_mapa_13_JTSK_metadata_inspire.xml
Statutární město Ostrava,http://mapy.ostrava.cz/opendata/data/xml/cenova_mapa_14_JTSK_metadata_inspire.xml
Statutární město Ostrava,http://mapy.ostrava.cz/opendata/data/xml/cenova_mapa_15_JTSK_metadata_inspire.xml
Statutární město Ostrava,http://mapy.ostrava.cz/opendata/data/xml/cenova_mapa_16_JTSK_metadata_inspire.xml
Statutární město Ostrava,http://mapy.ostrava.cz/opendata/data/xml/cenova_mapa_17_JTSK_metadata_inspire.xml
Statutární město Ostrava,http://mapy.ostrava.cz/opendata/data/xml/cyklo_JTSK_metadata_inspire.xml
Statutární město Ostrava,http://mapy.ostrava.cz/opendata/data/xml/cyklo_bod_JTSK_metadata_inspire.xml
Statutární město Ostrava,http://mapy.ostrava.cz/opendata/data/xml/gen100_JTSK_metadata_inspire.xml
Statutární město Ostrava,http://mapy.ostrava.cz/opendata/data/xml/gen50_JTSK_metadata_inspire.xml
Statutární město Ostrava,http://mapy.ostrava.cz/opendata/data/xml/katastry_JTSK_metadata_inspire.xml
Statutární město Ostrava,http://mapy.ostrava.cz/opendata/data/xml/klad1000_JTSK_metadata_inspire.xml
Statutární město Ostrava,http://mapy.ostrava.cz/opendata/data/xml/klad2000_JTSK_metadata_inspire.xml
Statutární město Ostrava,http://mapy.ostrava.cz/opendata/data/xml/klad5000_JTSK_metadata_inspire.xml
Statutární město Ostrava,http://mapy.ostrava.cz/opendata/data/xml/koleje_tram_JTSK_metadata_inspire.xml
Statutární město Ostrava,http://mapy.ostrava.cz/opendata/data/xml/koleje_tram_osy_JTSK_metadata_inspire.xml
Statutární město Ostrava,http://mapy.ostrava.cz/opendata/data/xml/koleje_vlak_JTSK_metadata_inspire.xml
Statutární město Ostrava,http://mapy.ostrava.cz/opendata/data/xml/kontejnery_na_separovany_odpad_JTSK_metadata_inspire.xml
Statutární město Ostrava,http://mapy.ostrava.cz/opendata/data/xml/koty_JTSK_metadata_inspire.xml
Statutární město Ostrava,http://mapy.ostrava.cz/opendata/data/xml/mestske_casti_JTSK_metadata_inspire.xml
Statutární město Ostrava,http://mapy.ostrava.cz/opendata/data/xml/neudrzovane_komunikace_JTSK_metadata_inspire.xml
Statutární město Ostrava,http://mapy.ostrava.cz/opendata/data/xml/obce_JTSK_metadata_inspire.xml
Statutární město Ostrava,http://mapy.ostrava.cz/opendata/data/xml/obvody_JTSK_metadata_inspire.xml
Statutární město Ostrava,http://mapy.ostrava.cz/opendata/data/xml/pam_stromy_JTSK_metadata_inspire.xml
Statutární město Ostrava,http://mapy.ostrava.cz/opendata/data/xml/skoly_JTSK_metadata_inspire.xml
Statutární město Ostrava,http://mapy.ostrava.cz/opendata/data/xml/ulice_JTSK_metadata_inspire.xml
Statutární město Ostrava,http://mapy.ostrava.cz/opendata/data/xml/verejna_prostranstvi_JTSK_metadata_inspire.xml
Statutární město Ostrava,http://mapy.ostrava.cz/opendata/data/xml/volne_pobihani_psu_JTSK_metadata_inspire.xml
Statutární město Ostrava,http://mapy.ostrava.cz/opendata/data/xml/vrst_2008_JTSK_metadata_inspire.xml
Statutární město Ostrava,http://mapy.ostrava.cz/opendata/data/xml/zakaz_konzumace_alkoholu_JTSK_metadata_inspire.xml
Statutární město Ostrava,http://mapy.ostrava.cz/opendata/data/xml/zastavky_MHD_JTSK_metadata_inspire.xml
Statutární město Ostrava,https://mapy.ostrava.cz/opendata/data/xml/Zakaz_reklam_JTSK_metadata_inspire.xml
Statutární město Ostrava,https://mapy.ostrava.cz/opendata/data/xml/cenova_mapa_18_JTSK_metadata_inspire.xml
Statutární město Ostrava,https://mapy.ostrava.cz/opendata/data/xml/cenova_mapa_19_JTSK_metadata_inspire.xml
Statutární město Ostrava,https://mapy.ostrava.cz/opendata/data/xml/cenova_mapa_20_JTSK_metadata_inspire.xml
Statutární město Ostrava,https://mapy.ostrava.cz/opendata/data/xml/cenova_mapa_21_JTSK_metadata_inspire.xml
Statutární město Ostrava,https://mapy.ostrava.cz/opendata/data/xml/parkovaci_zony_JTSK_metadata_inspire.xml
Statutární město Ostrava,https://mapy.ostrava.cz/opendata/data/xml/pocitova_mapa_2016_JTSK_metadata_inspire.xml
Statutární město Ostrava,https://mapy.ostrava.cz/opendata/data/xml/pocitova_mapa_horka_2017_JTSK_metadata_inspire.xml
Statutární město Ostrava,https://mapy.ostrava.cz/opendata/data/xml/sportoviste_JTSK_metadata_inspire.xml
Statutární město Ostrava,https://mapy.ostrava.cz/opendata/data/xml/stavba_roku_JTSK_metadata_inspire.xml
Státní ústav pro kontrolu léčiv,https://eregpublicsecure.ksrzis.cz/Registr/RZPRO/Content/RZPRO_OS_CIN_csvw.jsonld
Státní ústav pro kontrolu léčiv,https://eregpublicsecure.ksrzis.cz/Registr/RZPRO/Content/RZPRO_OS_VYR_csvw.jsonld
Státní ústav pro kontrolu léčiv,https://eregpublicsecure.ksrzis.cz/Registr/RZPRO/Content/RZPRO_OS_ZP_csvw.jsonld
Státní ústav pro kontrolu léčiv,https://eregpublicsecure.ksrzis.cz/Registr/RZPRO/Content/RZPRO_OS_csvw.jsonld
Státní ústav pro kontrolu léčiv,https://eregpublicsecure.ksrzis.cz/Registr/RZPRO/Content/RZPRO_ZP_OS_csvw.jsonld
Státní ústav pro kontrolu léčiv,https://eregpublicsecure.ksrzis.cz/Registr/RZPRO/Content/RZPRO_ZP_VAR_csvw.jsonld
Státní ústav pro kontrolu léčiv,https://eregpublicsecure.ksrzis.cz/Registr/RZPRO/Content/RZPRO_ZP_VSE_csvw.jsonld
Státní ústav pro kontrolu léčiv,https://eregpublicsecure.ksrzis.cz/Registr/RZPRO/Content/RZPRO_ZP_csvw.jsonld
Státní ústav pro kontrolu léčiv,https://opendata.sukl.cz/soubory/DODAVKY_datove_rozhrani20170913.csv
Úřad průmyslového vlastnictví,https://isdv.upv.cz/webapp/appldoc/dtd/OpenDataPatent_cz.dtd
Úřad průmyslového vlastnictví,https://isdv.upv.cz/webapp/appldoc/xsd/OpenDataDesign_cz.xsd
Úřad průmyslového vlastnictví,https://isdv.upv.cz/webapp/appldoc/xsd/OpenDataTrademark_cz_v201909.xsd
Úřad vlády České republiky,https://www.isvavai.cz/dokumenty/open-data/CEA-poskytovatel.csv-metadata.json
Úřad vlády České republiky,https://www.isvavai.cz/dokumenty/open-data/CEA-prijemce.csv-metadata.json
Úřad vlády České republiky,https://www.isvavai.cz/dokumenty/open-data/CEA-programy.csv-metadata.json
Úřad vlády České republiky,https://www.isvavai.cz/dokumenty/open-data/CEP-projekty.csv-metadata.json
Úřad vlády České republiky,https://www.isvavai.cz/dokumenty/open-data/CEP-ucastnici.csv-metadata.json
Úřad vlády České republiky,https://www.isvavai.cz/dokumenty/open-data/RIV-2018.csv-metadata.json
Úřad vlády České republiky,https://www.isvavai.cz/dokumenty/open-data/RIV-2019.csv-metadata.json
Úřad vlády České republiky,https://www.isvavai.cz/dokumenty/open-data/RIV-2020.csv-metadata.json
Úřad vlády České republiky,https://www.isvavai.cz/dokumenty/open-data/VES.csv-metadata.json
ČESKÁ NÁRODNÍ BANKA,https://www.cnb.cz/cs/dohled-financni-trh/.galleries/seznamy/otevrena_data/download/banky.json
ČESKÁ NÁRODNÍ BANKA,https://www.cnb.cz/cs/dohled-financni-trh/.galleries/seznamy/otevrena_data/download/npsu.json
ČESKÁ NÁRODNÍ BANKA,https://www.cnb.cz/cs/dohled-financni-trh/.galleries/seznamy/otevrena_data/download/smenarny.json
ČESKÁ NÁRODNÍ BANKA,https://www.cnb.cz/cs/dohled-financni-trh/.galleries/seznamy/otevrena_data/download/szsu.json
ČESKÁ NÁRODNÍ BANKA,https://www.cnb.cz/cs/dohled-financni-trh/.galleries/seznamy/otevrena_data/download/vzsu.json
ČESKÁ NÁRODNÍ BANKA,https://www.cnb.cz/cs/dohled-financni-trh/.galleries/seznamy/otevrena_data/download/zvsu.json
ČESKÁ NÁRODNÍ BANKA,https://www.cnb.cz/cs/dohled-financni-trh/.galleries/seznamy/otevrena_data/download/zzsu.json
Česká správa sociálního zabezpečení,https://data.cssz.cz/dump/ciselnik-datovych-typu-schema.json
Česká správa sociálního zabezpečení,https://data.cssz.cz/dump/ciselnik-datovych-typu-vocabulary.trig
Česká správa sociálního zabezpečení,https://data.cssz.cz/dump/ciselnik-druhu-akci-v-tiskopise-onz-schema.json
Česká správa sociálního zabezpečení,https://data.cssz.cz/dump/ciselnik-druhu-akci-v-tiskopise-onz-vocabulary.trig
Česká správa sociálního zabezpečení,https://data.cssz.cz/dump/ciselnik-druhu-pracovnich-cinnosti-schema.json
Česká správa sociálního zabezpečení,https://data.cssz.cz/dump/ciselnik-druhu-pracovnich-cinnosti-vocabulary.trig
Česká správa sociálního zabezpečení,https://data.cssz.cz/dump/ciselnik-druhu-zamestnani-pro-e-neschopenku-schema.json
Česká správa sociálního zabezpečení,https://data.cssz.cz/dump/ciselnik-druhu-zamestnani-pro-e-neschopenku-vocabulary.trig
Česká správa sociálního zabezpečení,https://data.cssz.cz/dump/ciselnik-duvodu-k-ukonceni-pracovni-neschopnosti-schema.json
Česká správa sociálního zabezpečení,https://data.cssz.cz/dump/ciselnik-duvodu-k-ukonceni-pracovni-neschopnosti-vocabulary.trig
Česká správa sociálního zabezpečení,https://data.cssz.cz/dump/ciselnik-okresu-schema.json
Česká správa sociálního zabezpečení,https://data.cssz.cz/dump/ciselnik-okresu-vocabulary.trig
Česká správa sociálního zabezpečení,https://data.cssz.cz/dump/ciselnik-pohlavi-schema.json
Česká správa sociálního zabezpečení,https://data.cssz.cz/dump/ciselnik-pohlavi-vocabulary.trig
Česká správa sociálního zabezpečení,https://data.cssz.cz/dump/ciselnik-specifikace-cizozemskeho-nositele-pojisteni-schema.json
Česká správa sociálního zabezpečení,https://data.cssz.cz/dump/ciselnik-specifikace-cizozemskeho-nositele-pojisteni-vocabulary.trig
Česká správa sociálního zabezpečení,https://data.cssz.cz/dump/ciselnik-zdravotnich-pojistoven-schema.json
Česká správa sociálního zabezpečení,https://data.cssz.cz/dump/ciselnik-zdravotnich-pojistoven-vocabulary.trig
Česká správa sociálního zabezpečení,https://data.cssz.cz/dump/doba-rizeni-o-namitkach-schema.json
Česká správa sociálního zabezpečení,https://data.cssz.cz/dump/doba-rizeni-o-namitkach-vocabulary.trig
Česká správa sociálního zabezpečení,https://data.cssz.cz/dump/duchodci-v-cr-krajich-okresech-schema.json
Česká správa sociálního zabezpečení,https://data.cssz.cz/dump/duchody-dle-veku-schema.json
Česká správa sociálního zabezpečení,https://data.cssz.cz/dump/invalidita-schema.json
Česká správa sociálního zabezpečení,https://data.cssz.cz/dump/kontroly-plneni-povinnosti-zamestnavatelu-v-oblasti-socialniho-zabezpeceni-schema.json
Česká správa sociálního zabezpečení,https://data.cssz.cz/dump/kontroly-plneni-povinnosti-zamestnavatelu-v-oblasti-socialniho-zabezpeceni-vocabulary.trig
Česká správa sociálního zabezpečení,https://data.cssz.cz/dump/minimalni-vymerovaci-zaklad-osvc-schema.json
Česká správa sociálního zabezpečení,https://data.cssz.cz/dump/minimalni-vymerovaci-zaklad-osvc-vocabulary.trig
Česká správa sociálního zabezpečení,https://data.cssz.cz/dump/nejcastejsi-priciny-vzniku-invalidity-schema.json
Česká správa sociálního zabezpečení,https://data.cssz.cz/dump/nejcastejsi-priciny-vzniku-invalidity-vocabulary.trig
Česká správa sociálního zabezpečení,https://data.cssz.cz/dump/nove-priznane-duchody-dle-osobniho-vymerovaciho-zakladu-schema.json
Česká správa sociálního zabezpečení,https://data.cssz.cz/dump/nove-priznane-duchody-dle-veku-schema.json
Česká správa sociálního zabezpečení,https://data.cssz.cz/dump/nove-priznane-duchody-dle-vyse-duchodu-schema.json
Česká správa sociálního zabezpečení,https://data.cssz.cz/dump/pocet-davek-nemocenskeho-pojisteni-s-exekucni-srazkou-ci-insolvenci-podle-kraju-schema.json
Česká správa sociálního zabezpečení,https://data.cssz.cz/dump/pocet-davek-nemocenskeho-pojisteni-s-exekucni-srazkou-ci-insolvenci-podle-kraju-vocabulary.trig
Česká správa sociálního zabezpečení,https://data.cssz.cz/dump/pocet-davek-nemocenskeho-pojisteni-s-exekucni-srazkou-ci-insolvenci-podle-okresu-schema.json
Česká správa sociálního zabezpečení,https://data.cssz.cz/dump/pocet-davek-nemocenskeho-pojisteni-s-exekucni-srazkou-ci-insolvenci-podle-okresu-vocabulary.trig
Česká správa sociálního zabezpečení,https://data.cssz.cz/dump/pocet-davek-nemocenskeho-pojisteni-s-exekucni-srazkou-ci-insolvenci-v-cr-schema.json
Česká správa sociálního zabezpečení,https://data.cssz.cz/dump/pocet-davek-nemocenskeho-pojisteni-s-exekucni-srazkou-ci-insolvenci-v-cr-vocabulary.trig
Česká správa sociálního zabezpečení,https://data.cssz.cz/dump/pocet-duchodcu-s-exekucni-srazkou-podle-kraju-schema.json
Česká správa sociálního zabezpečení,https://data.cssz.cz/dump/pocet-duchodcu-s-exekucni-srazkou-podle-kraju-vocabulary.trig
Česká správa sociálního zabezpečení,https://data.cssz.cz/dump/pocet-duchodcu-s-exekucni-srazkou-v-cr-schema.json
Česká správa sociálního zabezpečení,https://data.cssz.cz/dump/pocet-duchodcu-s-exekucni-srazkou-v-cr-vocabulary.trig
Česká správa sociálního zabezpečení,https://data.cssz.cz/dump/pocet-duchodcu-s-vyplatou-do-ciziny-dle-statu-schema.json
Česká správa sociálního zabezpečení,https://data.cssz.cz/dump/pocet-duchodcu-s-vyplatou-do-ciziny-dle-statu-vocabulary.trig
Česká správa sociálního zabezpečení,https://data.cssz.cz/dump/pocet-duchodu-s-vyplatou-do-ciziny-dle-statu-schema.json
Česká správa sociálního zabezpečení,https://data.cssz.cz/dump/pocet-duchodu-s-vyplatou-do-ciziny-dle-statu-vocabulary.trig
Česká správa sociálního zabezpečení,https://data.cssz.cz/dump/pocet-muzu-a-zen-v-cssz-schema.json
Česká správa sociálního zabezpečení,https://data.cssz.cz/dump/pocet-muzu-a-zen-v-cssz-vocabulary.trig
Česká správa sociálního zabezpečení,https://data.cssz.cz/dump/pocet-namitek-schema.json
Česká správa sociálního zabezpečení,https://data.cssz.cz/dump/pocet-namitek-vocabulary.trig
Česká správa sociálního zabezpečení,https://data.cssz.cz/dump/pocet-podanych-eldp-schema.json
Česká správa sociálního zabezpečení,https://data.cssz.cz/dump/pocet-podanych-eldp-vocabulary.trig
Česká správa sociálního zabezpečení,https://data.cssz.cz/dump/pocet-predcasnych-starobnich-duchodu-a-vydaje-v-cr-schema.json
Česká správa sociálního zabezpečení,https://data.cssz.cz/dump/pocet-predcasnych-starobnich-duchodu-a-vydaje-v-cr-vocabulary.trig
Česká správa sociálního zabezpečení,https://data.cssz.cz/dump/pocet-spravnich-exekuci-schema.json
Česká správa sociálního zabezpečení,https://data.cssz.cz/dump/pocet-spravnich-exekuci-vocabulary.trig
Česká správa sociálního zabezpečení,https://data.cssz.cz/dump/pocet-sto-a-viceletych-duchodcu-podle-kraju-schema.json
Česká správa sociálního zabezpečení,https://data.cssz.cz/dump/pocet-sto-a-viceletych-duchodcu-podle-kraju-vocabulary.trig
Česká správa sociálního zabezpečení,https://data.cssz.cz/dump/pocet-sto-a-viceletych-duchodcu-v-cr-schema.json
Česká správa sociálního zabezpečení,https://data.cssz.cz/dump/pocet-sto-a-viceletych-duchodcu-v-cr-vocabulary.trig
Česká správa sociálního zabezpečení,https://data.cssz.cz/dump/pocet-vyplacenych-dnp-podle-kraju-schema.json
Česká správa sociálního zabezpečení,https://data.cssz.cz/dump/pocet-vyplacenych-dnp-podle-kraju-vocabulary.trig
Česká správa sociálního zabezpečení,https://data.cssz.cz/dump/pocet-vyplacenych-dnp-podle-okresu-schema.json
Česká správa sociálního zabezpečení,https://data.cssz.cz/dump/pocet-vyplacenych-dnp-podle-okresu-vocabulary.trig
Česká správa sociálního zabezpečení,https://data.cssz.cz/dump/pocet-vyplacenych-dnp-v-cr-schema.json
Česká správa sociálního zabezpečení,https://data.cssz.cz/dump/pocet-vyplacenych-dnp-v-cr-vocabulary.trig
Česká správa sociálního zabezpečení,https://data.cssz.cz/dump/pocet-vyplacenych-invalidnich-duchodu-v-ceske-republice-schema.json
Česká správa sociálního zabezpečení,https://data.cssz.cz/dump/pocet-vyplat-duchodu-s-exekucni-srazkou-schema.json
Česká správa sociálního zabezpečení,https://data.cssz.cz/dump/pocet-vyplat-duchodu-s-exekucni-srazkou-vocabulary.trig
Česká správa sociálního zabezpečení,https://data.cssz.cz/dump/pocet-vyplat-priplatku-a-prispevku-k-duchodum-dle-odskodnovacich-zakonu-schema.json
Česká správa sociálního zabezpečení,https://data.cssz.cz/dump/pocet-vyplat-priplatku-a-prispevku-k-duchodum-dle-odskodnovacich-zakonu-vocabulary.trig
Česká správa sociálního zabezpečení,https://data.cssz.cz/dump/pocet-vyrizenych-ioldp-schema.json
Česká správa sociálního zabezpečení,https://data.cssz.cz/dump/pocet-vyrizenych-ioldp-vocabulary.trig
Česká správa sociálního zabezpečení,https://data.cssz.cz/dump/pocet-vystavenych-potvrzeni-o-prislusnosti-k-ceskym-pravnim-predpisum-schema.json
Česká správa sociálního zabezpečení,https://data.cssz.cz/dump/pocet-vystavenych-potvrzeni-o-prislusnosti-k-ceskym-pravnim-predpisum-vocabulary.trig
Česká správa sociálního zabezpečení,https://data.cssz.cz/dump/pocty-prihlasenych-pohledavek-cssz-do-insolvencniho-rizeni-schema.json
Česká správa sociálního zabezpečení,https://data.cssz.cz/dump/pocty-prihlasenych-pohledavek-cssz-do-insolvencniho-rizeni-vocabulary.trig
Česká správa sociálního zabezpečení,https://data.cssz.cz/dump/pomocne-ciselniky-schema.json
Česká správa sociálního zabezpečení,https://data.cssz.cz/dump/posudky-provedene-lps-schema.json
Česká správa sociálního zabezpečení,https://data.cssz.cz/dump/posudky-provedene-lps-vocabulary.trig
Česká správa sociálního zabezpečení,https://data.cssz.cz/dump/prehled-o-celkovem-poctu-osvc-podle-kraju-schema.json
Česká správa sociálního zabezpečení,https://data.cssz.cz/dump/prehled-o-celkovem-poctu-osvc-podle-kraju-vocabulary.trig
Česká správa sociálního zabezpečení,https://data.cssz.cz/dump/prehled-o-celkovem-poctu-osvc-podle-okresu-schema.json
Česká správa sociálního zabezpečení,https://data.cssz.cz/dump/prehled-o-celkovem-poctu-osvc-podle-okresu-vocabulary.trig
Česká správa sociálního zabezpečení,https://data.cssz.cz/dump/prehled-o-celkovem-poctu-osvc-v-cr-schema.json
Česká správa sociálního zabezpečení,https://data.cssz.cz/dump/prehled-o-celkovem-poctu-osvc-v-cr-vocabulary.trig
Česká správa sociálního zabezpečení,https://data.cssz.cz/dump/prehled-o-poctu-zamestnavatelu-pojistencu-a-pojistnych-vztahu-podle-kraju-schema.json
Česká správa sociálního zabezpečení,https://data.cssz.cz/dump/prehled-o-poctu-zamestnavatelu-pojistencu-a-pojistnych-vztahu-podle-kraju-vocabulary.trig
Česká správa sociálního zabezpečení,https://data.cssz.cz/dump/prehled-o-poctu-zamestnavatelu-pojistencu-a-pojistnych-vztahu-podle-okresu-schema.json
Česká správa sociálního zabezpečení,https://data.cssz.cz/dump/prehled-o-poctu-zamestnavatelu-pojistencu-a-pojistnych-vztahu-podle-okresu-vocabulary.trig
Česká správa sociálního zabezpečení,https://data.cssz.cz/dump/prehled-o-poctu-zamestnavatelu-pojistencu-a-pojistnych-vztahu-v-cr-schema.json
Česká správa sociálního zabezpečení,https://data.cssz.cz/dump/prehled-o-poctu-zamestnavatelu-pojistencu-a-pojistnych-vztahu-v-cr-vocabulary.trig
Česká správa sociálního zabezpečení,https://data.cssz.cz/dump/prijmy-a-vydaje-na-socialni-zabezpeceni-schema.json
Česká správa sociálního zabezpečení,https://data.cssz.cz/dump/prijmy-a-vydaje-na-socialni-zabezpeceni-vocabulary.trig
Česká správa sociálního zabezpečení,https://data.cssz.cz/dump/prum-delka-pobirani-s-duchodu-schema.json
Česká správa sociálního zabezpečení,https://data.cssz.cz/dump/prum-vek-u-nove-priznanych-duchodu-dle-druhu-schema.json
Česká správa sociálního zabezpečení,https://data.cssz.cz/dump/prum-vyse-duchodu-u-nove-priznanych-duchodu-podle-druhu-duchodu-schema.json
Česká správa sociálního zabezpečení,https://data.cssz.cz/dump/prum-vyse-osobniho-vymerovaciho-zakladu-u-nove-priznanych-duchodu-podle-druhu-duchodu-schema.json
Česká správa sociálního zabezpečení,https://data.cssz.cz/dump/prumerny-plat-v-cssz-schema.json
Česká správa sociálního zabezpečení,https://data.cssz.cz/dump/prumerny-plat-v-cssz-vocabulary.trig
Česká správa sociálního zabezpečení,https://data.cssz.cz/dump/rocenka-vocabulary.trig
Česká správa sociálního zabezpečení,https://data.cssz.cz/dump/rozhodovani-o-promijeni-penale-schema.json
Česká správa sociálního zabezpečení,https://data.cssz.cz/dump/rozhodovani-o-promijeni-penale-vocabulary.trig
Česká správa sociálního zabezpečení,https://data.cssz.cz/dump/rozlozeni-souboru-duchodcu-podle-vyse-duchodu-v-kvantilovem-vyjadreni-schema.json
Česká správa sociálního zabezpečení,https://data.cssz.cz/dump/sazby-pojisteni-v-cr-schema.json
Česká správa sociálního zabezpečení,https://data.cssz.cz/dump/sazby-pojisteni-v-cr-vocabulary.trig
Česká správa sociálního zabezpečení,https://data.cssz.cz/dump/statistika-zadosti-dle-zak-106-1999-sb-schema.json
Česká správa sociálního zabezpečení,https://data.cssz.cz/dump/statistika-zadosti-dle-zak-106-1999-sb-vocabulary.trig
Česká správa sociálního zabezpečení,https://data.cssz.cz/dump/systemizovana-mista-a-fluktuace-zamestnancu-cssz-schema.json
Česká správa sociálního zabezpečení,https://data.cssz.cz/dump/systemizovana-mista-a-fluktuace-zamestnancu-cssz-vocabulary.trig
Česká správa sociálního zabezpečení,https://data.cssz.cz/dump/udaje-o-cinnosti-call-centra-pro-dp-schema.json
Česká správa sociálního zabezpečení,https://data.cssz.cz/dump/udaje-o-cinnosti-call-centra-pro-dp-vocabulary.trig
Česká správa sociálního zabezpečení,https://data.cssz.cz/dump/udaje-o-cinnosti-call-centra-pro-np-schema.json
Česká správa sociálního zabezpečení,https://data.cssz.cz/dump/udaje-o-cinnosti-call-centra-pro-np-vocabulary.trig
Česká správa sociálního zabezpečení,https://data.cssz.cz/dump/udaje-o-plneni-podilu-osob-se-zdravotnim-postizenim-schema.json
Česká správa sociálního zabezpečení,https://data.cssz.cz/dump/udaje-o-plneni-podilu-osob-se-zdravotnim-postizenim-vocabulary.trig
Česká správa sociálního zabezpečení,https://data.cssz.cz/dump/ukazatel-pracovni-neschopnosti-podle-delky-trvani-dpn-a-kraju-schema.json
Česká správa sociálního zabezpečení,https://data.cssz.cz/dump/ukazatel-pracovni-neschopnosti-podle-delky-trvani-dpn-a-kraju-vocabulary.trig
Česká správa sociálního zabezpečení,https://data.cssz.cz/dump/ukazatel-pracovni-neschopnosti-podle-delky-trvani-dpn-v-cr-schema.json
Česká správa sociálního zabezpečení,https://data.cssz.cz/dump/ukazatel-pracovni-neschopnosti-podle-delky-trvani-dpn-v-cr-vocabulary.trig
Česká správa sociálního zabezpečení,https://data.cssz.cz/dump/ukazatele-pracovni-neschopnosti-podle-kraju-schema.json
Česká správa sociálního zabezpečení,https://data.cssz.cz/dump/ukazatele-pracovni-neschopnosti-podle-kraju-vocabulary.trig
Česká správa sociálního zabezpečení,https://data.cssz.cz/dump/ukazatele-pracovni-neschopnosti-podle-pohlavi-a-diagnozy-schema.json
Česká správa sociálního zabezpečení,https://data.cssz.cz/dump/ukazatele-pracovni-neschopnosti-podle-pohlavi-a-diagnozy-vocabulary.trig
Česká správa sociálního zabezpečení,https://data.cssz.cz/dump/ukazatele-pracovni-neschopnosti-podle-pohlavi-a-vekove-skupiny-schema.json
Česká správa sociálního zabezpečení,https://data.cssz.cz/dump/ukazatele-pracovni-neschopnosti-podle-pohlavi-a-vekove-skupiny-vocabulary.trig
Česká správa sociálního zabezpečení,https://data.cssz.cz/dump/ukazatele-pracovni-neschopnosti-schema.json
Česká správa sociálního zabezpečení,https://data.cssz.cz/dump/ukazatele-pracovni-neschopnosti-vocabulary.trig
Česká správa sociálního zabezpečení,https://data.cssz.cz/dump/vydaje-na-duchody-v-cr-schema.json
Česká správa sociálního zabezpečení,https://data.cssz.cz/dump/vyplacene-duchody-dle-vyse-schema.json
Česká správa sociálního zabezpečení,https://data.cssz.cz/dump/zamestnanci-cssz-dle-veku-schema.json
Česká správa sociálního zabezpečení,https://data.cssz.cz/dump/zamestnanci-cssz-dle-veku-vocabulary.trig
Česká správa sociálního zabezpečení,https://data.cssz.cz/dump/zamestnanci-cssz-dle-vzdelani-schema.json
Česká správa sociálního zabezpečení,https://data.cssz.cz/dump/zamestnanci-cssz-dle-vzdelani-vocabulary.trig
Česká správa sociálního zabezpečení,https://data.cssz.cz/dump/zanikle-duchody-schema.json
Česká správa sociálního zabezpečení,https://data.cssz.cz/dump/zmeny-mezi-stupni-invalidniho-duchodu-schema.json
Česká správa sociálního zabezpečení,https://data.cssz.cz/dump/zpusob-vyplat-duchodu-v-cr-schema.json
Česká správa sociálního zabezpečení,https://data.cssz.cz/dump/zpusob-vyplat-duchodu-v-cr-vocabulary.trig
Český statistický úřad,http://volby.cz/opendata/kv2014/kv_vysledky_obce_okres.xsd
Český statistický úřad,https://apl.czso.cz/iSMS/xsd/isms_cisel.xsd
Český statistický úřad,https://apl.czso.cz/iSMS/xsd/isms_klas.xsd
Český statistický úřad,https://apl.czso.cz/iSMS/xsd/isms_vazby.xsd
Český statistický úřad,https://vdb.czso.cz/huz/huzcsv.json
Český statistický úřad,https://vdb.czso.cz/vdb/od/ciselnikyCSV.json
Český statistický úřad,https://vdb.czso.cz/vdb/od/klasifikaceCSV.json
Český statistický úřad,https://vdb.czso.cz/vdb/od/vazbyCSV.json
Český statistický úřad,https://volby.cz/opendata/kz2016/KZ2016_datovaveta_xsd.zip
Český statistický úřad,https://volby.cz/opendata/kz2016/KZ2016regPopis_xsd.zip
Český statistický úřad,https://volby.cz/opendata/kz2016/kz_vysledky.xsd
Český statistický úřad,https://volby.cz/opendata/kz2016/kz_vysledky_kandid.xsd
Český statistický úřad,https://volby.cz/opendata/kz2016/kz_vysledky_krajmesta.xsd
Český statistický úřad,https://volby.cz/opendata/kz2016/kz_vysledky_okres.xsd
Český statistický úřad,https://volby.cz/opendata/kz2020/KZ2020_data_20201004a_csv.zip
Český statistický úřad,https://volby.cz/opendata/kz2020/KZ2020_datovavetaXSD.zip
Český statistický úřad,https://volby.cz/opendata/kz2020/KZ2020reg20201004a_csv.zip
Český statistický úřad,https://volby.cz/opendata/kz2020/KZ2020regPopis_xsd.zip
Český statistický úřad,https://volby.cz/opendata/kz2020/kz_vysledky.xsd
Český statistický úřad,https://volby.cz/opendata/kz2020/kz_vysledky_kandid.xsd
Český statistický úřad,https://volby.cz/opendata/kz2020/kz_vysledky_krajmesta.xsd
Český statistický úřad,https://volby.cz/opendata/kz2020/kz_vysledky_okres.xsd
Český statistický úřad,https://volby.cz/opendata/prez2018/PREZ2018_datovavetaXSD.zip
Český statistický úřad,https://volby.cz/opendata/ps2017/PS2017_datovaveta_xsd.zip
Český statistický úřad,https://volby.cz/opendata/ps2017/PS2017ciselniky20170905_csv.zip
Český statistický úřad,https://volby.cz/opendata/ps2017/PS2017ciselnikyXSD.zip
Český statistický úřad,https://volby.cz/opendata/ps2017/PS2017data20171021_csv.zip
Český statistický úřad,https://volby.cz/opendata/ps2017/PS2017regXSD.zip
Český statistický úřad,https://volby.cz/opendata/ps2017/ps_vysledky.xsd
Český statistický úřad,https://volby.cz/opendata/ps2017/ps_vysledky_kandid.xsd
Český statistický úřad,https://volby.cz/opendata/ps2017/ps_vysledky_krajmesta.xsd
Český statistický úřad,https://volby.cz/opendata/ps2017/ps_vysledky_okres.xsd
Český statistický úřad,https://volby.cz/opendata/ps2017/ps_vysledky_zahranici.xsd
Český statistický úřad,https://volby.cz/opendata/ps2021/csv_od/psrzvo.json
Český statistický úřad,https://volby.cz/opendata/ps2021/csv_od/pst4.json
Český statistický úřad,https://volby.cz/opendata/ps2021/csv_od/pst4p.json
Český statistický úřad,https://www.volby.cz/opendata/ep2019/EP2019_datovaveta_xsd.zip
Český statistický úřad,https://www.volby.cz/opendata/ep2019/EP2019ciselniky20190513_csv.zip
Český statistický úřad,https://www.volby.cz/opendata/ep2019/EP2019ciselnikyPopis_xsd.zip
Český statistický úřad,https://www.volby.cz/opendata/ep2019/EP2019data20190526_csv.zip
Český statistický úřad,https://www.volby.cz/opendata/kz2016/KZ2016ciselnikyPopis_xsd.zip
Český statistický úřad,https://www.volby.cz/opendata/kz2020/KZ2020ciselniky20200918_csv.zip
Český statistický úřad,https://www.volby.cz/opendata/kz2020/KZ2020ciselnikyPopis_xsd.zip
Český statistický úřad,https://www.volby.cz/opendata/prez2018/PREZ2018ciselniky20171215_csv.zip
Český statistický úřad,https://www.volby.cz/opendata/prez2018/PREZ2018ciselnikyXSD.zip
Český statistický úřad,https://www.volby.cz/opendata/prez2018/PREZ2018data20180127_csv_kolo2.zip
Český statistický úřad,https://www.volby.cz/opendata/ps2021/csv_od/cisob.json
Český statistický úřad,https://www.volby.cz/opendata/ps2021/csv_od/cns.json
Český statistický úřad,https://www.volby.cz/opendata/ps2021/csv_od/cnumnuts.json
Český statistický úřad,https://www.volby.cz/opendata/ps2021/csv_od/cpp.json
Český statistický úřad,https://www.volby.cz/opendata/ps2021/csv_od/cvs.json
Český statistický úřad,https://www.volby.cz/opendata/ps2021/csv_od/cvs_slozeni.json
Český statistický úřad,https://www.volby.cz/opendata/ps2021/csv_od/pscoco.json
Český statistický úřad,https://www.volby.cz/opendata/ps2021/csv_od/psrk.json
Český statistický úřad,https://www.volby.cz/opendata/ps2021/csv_od/psrkl.json
Český statistický úřad,https://www.volby.cz/opendata/ps2021/csv_od/psrkl_slozeni.json
Český statistický úřad,https://www.volby.cz/opendata/ps2021/csv_od/psvolkr.json
Český statistický úřad,https://www.volby.cz/opendata/se2016/SENAT_datovaveta_xsd.zip
Český statistický úřad,https://www.volby.cz/opendata/se2016/se_vysledky.xsd
Český statistický úřad,https://www.volby.cz/opendata/se2016/se_vysledky_celk.xsd
Český statistický úřad,https://www.volby.cz/opendata/se2017/SENAT_datovaveta_xsd.zip
Český statistický úřad,https://www.volby.cz/opendata/se2017/se_vysledky.xsd
Český statistický úřad,https://www.volby.cz/opendata/se2018/SE2018ciselnik20181004_csv.zip
Český statistický úřad,https://www.volby.cz/opendata/se2018/SENAT2018_data_20181013_k2_csv.zip
Český statistický úřad,https://www.volby.cz/opendata/se2018/SENAT_datovavetaXSD.zip
Český statistický úřad,https://www.volby.cz/opendata/se2018/SENATciselnikyPopis_xsd.zip
Český statistický úřad,https://www.volby.cz/opendata/se2018/se_vysledky.xsd
Český statistický úřad,https://www.volby.cz/opendata/se2020/SE2020ciselnik20200918_csv.zip
Český statistický úřad,https://www.volby.cz/opendata/se2020/SENAT2020_data_20201010_k2_csv.zip
Český statistický úřad,https://www.volby.cz/opendata/se2020/SENATciselnikyPopis_xsd.zip
Český statistický úřad,https://www.volby.cz/opendata/se2020/se_vysledky.xsd
