jméno_poskytovatele,procento_nedostupných_autorské_dílo,počet_nedostupných_autorské_dílo,procento_nedostupných_autorská_databáze,počet_nedostupných_autorská_databáze,procento_nedostupných_zvláštní_právo,počet_nedostupných_zvláštní_právo,počet_distribucí_celkem
Ministerstvo obrany,100,18,100,18,100,18,18
"Ministerstvo školství, mládeže a tělovýchovy",100,15,100,15,100,15,15
Statutární město Opava,100,39,100,39,100,39,39
Úřad průmyslového vlastnictví,100,1267,100,1267,100,1267,1267
Česká obchodní inspekce,100,19,100,19,100,19,19
Český telekomunikační úřad,100,241,100,241,100,241,241
Český úřad zeměměřický a katastrální,100,175976,100,175976,100,175976,175976
Jihomoravský kraj,100,10,100,10,0,0,10
Česká informační agentura životního prostředí,100,93,100,93,0,0,93
Statutární město Brno,100,862,0,0,0,0,862
Ministerstvo vnitra,98,15681,98,15681,98,15681,15969
Statutární město Ostrava,98,464,98,464,98,464,472
Statutární město Děčín,58,74,58,74,58,74,127
HLAVNÍ MĚSTO PRAHA,54,1012,54,1012,54,1012,1850
Moravskoslezský kraj,33,1,33,1,33,1,3
Ministerstvo zdravotnictví,28,73,28,73,28,73,259
Nejvyšší kontrolní úřad,4,1,4,1,4,1,22
Ministerstvo financí,0,0,77,852,69,756,1093
Ministerstvo pro místní rozvoj,0,0,16,4,0,0,24
Karlovarský kraj,0,0,0,0,100,1,1
Česká školní inspekce,0,0,0,0,100,30,30
Jihočeský kraj,0,0,0,0,75,6,8
