jméno_poskytovatele,downloadURL
HLAVNÍ MĚSTO PRAHA,http://creativecommons.org/licenses/by-sa/3.0/cz/
HLAVNÍ MĚSTO PRAHA,http://opendata.iprpraha.cz/
HLAVNÍ MĚSTO PRAHA,http://www.czgbc.org/certifikace/registry-of-certified-building
HLAVNÍ MĚSTO PRAHA,http://www.elektrarny.pro/kontakt.php
HLAVNÍ MĚSTO PRAHA,http://www.hristepraha.cz/o-projektu
HLAVNÍ MĚSTO PRAHA,http://www.lhmp.cz/eko/navrat-vcel-do-prazskych-lesu/rozmisteni-nasich-vcelnic-po-praze/
HLAVNÍ MĚSTO PRAHA,http://www.opendefinition.org/licenses/cc-by
HLAVNÍ MĚSTO PRAHA,http://www.opendefinition.org/licenses/cc-by-sa
HLAVNÍ MĚSTO PRAHA,http://www.opendefinition.org/licenses/cc-zero
HLAVNÍ MĚSTO PRAHA,https://creativecommons.org/publicdomain/zero/1.0/%20
HLAVNÍ MĚSTO PRAHA,https://creativecommons.org/publicdomain/zero/1.0/deed.cs
HLAVNÍ MĚSTO PRAHA,https://pid.cz/opendata/
HLAVNÍ MĚSTO PRAHA,https://www.praha11.cz/opendata/json.php?akce=tematicke_mapy&tmID=74
Jihomoravský kraj,https://creativecommons.org/licenses/by/4.0/
Jihočeský kraj,https://creativecommons.org/publicdomain/zero/1.0/
Karlovarský kraj,https://creativecommons.org/publicdomain/zero/1.0/
Ministerstvo financí,https://creativecommons.org/licenses/by/4.0/
Ministerstvo financí,https://monitor.statnipokladna.cz/datovy-katalog/licence
Ministerstvo obrany,https://data.army.cz/cs/podm%C3%ADnky-u%C5%BE%C3%ADv%C3%A1n%C3%AD
Ministerstvo obrany,https://datainst.army.cz/cs/podm%C3%ADnky-u%C5%BE%C3%ADv%C3%A1n%C3%AD
Ministerstvo pro místní rozvoj,https://creativecommons.org/licenses/by/4.0/
Ministerstvo vnitra,http://dataor.justice.cz/files/ISVR_OpenData_Podminky_uziti.pdf
Ministerstvo vnitra,https://smlouvy.gov.cz/stranka/otevrena-data
Ministerstvo zdravotnictví,https://creativecommons.org/publicdomain/zero/1.0/deed.cs
"Ministerstvo školství, mládeže a tělovýchovy",https://rejstriky.msmt.cz/opendata/metadata/podminky-uziti-OD.html
"Ministerstvo školství, mládeže a tělovýchovy",https://rejstriky.msmt.cz/opendata/metadata/podminky-uziti.html
Moravskoslezský kraj,http://www.msk.cz/cz/verejna_sprava/informace-o-podminkach-uziti-datove-sady-73496/
Nejvyšší kontrolní úřad,https://creativecommons.org/publicdomain/zero/1.0/
Statutární město Brno,https://creativecommons.org/licenses/by-sa/4.0/
Statutární město Brno,https://creativecommons.org/licenses/by/4.0/
Statutární město Děčín,https://opendata.mmdecin.cz/about
Statutární město Opava,https://creativecommons.org/licenses/by-sa/4.0/deed.cs
Statutární město Ostrava,http://creativecommons.org/licenses/by-sa/4.0/deed.cs
Statutární město Ostrava,https://creativecommons.org/licenses/by-sa/4.0/deed.cs
Úřad průmyslového vlastnictví,https://isdv.upv.cz/doc/opendata/doc/podminky_uziti.html
Česká informační agentura životního prostředí,https://creativecommons.org/licenses/by/4.0/
Česká informační agentura životního prostředí,https://creativecommons.org/publicdomain/zero/1.0/
Česká obchodní inspekce,http://www.coi.cz/cz/spotrebitel/otevrena-data/licence-otevrenych-dat/
Česká školní inspekce,https://www.csicr.cz/cz/Otevreny-urad-QL/Otevreny-urad/Otevrena-data/Podminky-uziti-otevrenych-dat-Ceske-skolni-inspekc
Český telekomunikační úřad,https://data.ctu.cz/podminky-uziti-dat
Český úřad zeměměřický a katastrální,https://creativecommons.org/licenses/by/4.0/
Český úřad zeměměřický a katastrální,https://geoportal.cuzk.cz/Dokumenty/Podminky.pdf
Český úřad zeměměřický a katastrální,https://geoportal.cuzk.cz/zakazky/SPH/SPH_SHP_JTSK.zip
Český úřad zeměměřický a katastrální,https://www.cuzk.cz/Predpisy/Podminky-poskytovani-prostor-dat-a-sitovych-sluzeb/Podminky-poskytovani-prostorovych-dat-CUZK.aspx
