jméno_poskytovatele,chyba,downloadURL
HLAVNÍ MĚSTO PRAHA,404 : Not Found,https://storage.golemio.cz/ckan/mhmp/schema/Faktury_MHMP.documentation.html%20
HLAVNÍ MĚSTO PRAHA,Read timed out,http://www.geoportalpraha.cz/cs/fulltext_geoportal?id=9EBD1E43-303D-4C0C-B4AB-F5940F64B43B#.WtTHwX8uCHs
HLAVNÍ MĚSTO PRAHA,Read timed out,http://www.geoportalpraha.cz/cs/fulltext_geoportal?id=C121457E-5450-42D0-9009-204D8D899A06
Jihomoravský kraj,503 : Service Unavailable,http://mapy.kr-jihomoravsky.cz/(S(c04bswqzuk1ncjkpfcbsq1xk))/Default.aspx?menu=10&mode=TextMeta&text=OpenData&side=OpenData
Jihomoravský kraj,503 : Service Unavailable,http://mapy.kr-jihomoravsky.cz/(S(jiclidvarcb130hpkdpaixrh))/Default.aspx?menu=10&mode=TextMeta&text=OpenData&side=OpenData
Ministerstvo vnitra,404 : Not Found,http://www.isnno.cz/opendata/ENNO%20-%20Anal%C3%BDza%20dat_v100.docx
Ministerstvo vnitra,Connection reset,https://www.sluzby-isvs.cz/ISoISVS/opendata/IS%20o%20ISVS%20-%20Anal%C3%BDza%20dat_v100.docx
Moravskoslezský kraj,no protocol: /errmsg/errorNoNews.html,http://www.msk.cz/cz/verejna_sprava/datova-sada:-uredni-deska-71989/
Moravskoslezský kraj,no protocol: /errmsg/errorNoNews.html,http://www.msk.cz/cz/verejna_sprava/rozpocet-41275/
Statutární město Brno,403 : Forbidden,https://mmbonline-my.sharepoint.com/:w:/g/personal/kominek_jiri_brno_cz/EW_2EsFBJR5NrvapMV8xf1wBPBKZjM_ofBAcnBxjz712jA?e=Fn09oy&wdLOR=c7D83C8BC-D1E2-4A65-98DA-B9B78542BA5D
Statutární město Brno,403 : Forbidden,https://mmbonline-my.sharepoint.com/:x:/g/personal/kominek_jiri_brno_cz/ERyihjIKj4JHl3ascNfuSdsBTJ8c0N8ZdDmAT8coBL9gTQ
Statutární město Brno,403 : Forbidden,https://mmbonline-my.sharepoint.com/:x:/g/personal/kominek_jiri_brno_cz/EXrVel_jaI5ChDM3btqa9ikBYsdN5RWtm9ndLOBb5JO6zg
Statutární město Brno,403 : Forbidden,https://mmbonline.sharepoint.com/:b:/s/public/OMI/gis/EfuA84cX0hlBuICNByABXksBLk8AA9wLfne-KOMah7ei7w?e=Wz4Dw1
Statutární město Brno,403 : Forbidden,https://mmbonline.sharepoint.com/:w:/s/public/odae/EX4xO3W4a_VCls79syNk67MBG1Wj_F0adbh8QRjtYTUP6g?e=4VUx0M
Statutární město Brno,403 : Forbidden,https://mmbonline.sharepoint.com/:x:/s/public/OMI/gis/EQ0tfKqo35NKq5w0svldrqAB8KkU7-mzgGOyPkj-rZrJAw?e=aeoFKl
Statutární město Brno,403 : Forbidden,https://mmbonline.sharepoint.com/:x:/s/public/OMI/gis/EQNBkhBOqk5CmGzdlh3MbWIB26AaETrb0GLbvWkO2yKOTQ?e=C3qxyj
Statutární město Brno,403 : Forbidden,https://mmbonline.sharepoint.com/:x:/s/public/OMI/gis/EQY91sWx2BNClcKOHN6BZ94B-vj5kRF1ATisN7E_KfvqPA?e=MrhgoP
Statutární město Brno,403 : Forbidden,https://mmbonline.sharepoint.com/:x:/s/public/OMI/gis/EQf-TRaWVZVIselQ9TjcURYB0fm1MNm0D1-NimW-Lw29RA?e=FPknvH
Statutární město Brno,403 : Forbidden,https://mmbonline.sharepoint.com/:x:/s/public/OMI/gis/EQmNcHhqoddDtnAs5xCjJD8BfC0oQ3ivsB9LfRWNqa2-sQ?e=U0KkwF
Statutární město Brno,403 : Forbidden,https://mmbonline.sharepoint.com/:x:/s/public/OMI/gis/ERtndFPLyt5LmzC_Z_q3gKsBeQpiHk3MtUVotSWXeK26Lg?e=0zFCVP
Statutární město Brno,403 : Forbidden,https://mmbonline.sharepoint.com/:x:/s/public/OMI/gis/ESSNf_YdsBZCvl7YNq_vGAkBIziHjDjNhXSjPEXAbycUpQ?e=HblT5J
Statutární město Brno,403 : Forbidden,https://mmbonline.sharepoint.com/:x:/s/public/OMI/gis/ESV9n4M4kkdIj0DprUNB2XEBS1GUJCMsHM1qL6NHsdZV-A?e=cKlR6E
Statutární město Brno,403 : Forbidden,https://mmbonline.sharepoint.com/:x:/s/public/OMI/gis/ESbLvGfMC-VFoKO9ckap7pYB_2SmyxDgYLnpN2wxrM66Dg?e=xtc13B
Statutární město Brno,403 : Forbidden,https://mmbonline.sharepoint.com/:x:/s/public/OMI/gis/ETUPd72rl3ZJnaBvrhbYQigB_6Z0UlopfSYLOKgbzeLDow?e=Jqt0Ps
Statutární město Brno,403 : Forbidden,https://mmbonline.sharepoint.com/:x:/s/public/OMI/gis/ETYNFSsPJmxLjGOR-4eQpM0BrV6CUMvSzS_apKmfnJQ0ng?e=LJQ6sU
Statutární město Brno,403 : Forbidden,https://mmbonline.sharepoint.com/:x:/s/public/OMI/gis/ETe1I89yq3ZJhb8KjV9UzDABQxwtMYSIiX_TYThhHucQng?e=rbu8jX
Statutární město Brno,403 : Forbidden,https://mmbonline.sharepoint.com/:x:/s/public/OMI/gis/EUhS5j1XnQ9GrCEREvqh3IUBZAnZb-H86_HqrYaviwOWBg?e=V6GhtD
Statutární město Brno,403 : Forbidden,https://mmbonline.sharepoint.com/:x:/s/public/OMI/gis/EUx6CTJx4nRAnGZaGpRX4xYBenKwSsKtDuX5Ap-NbqH1rQ?e=SsNvFD
Statutární město Brno,403 : Forbidden,https://mmbonline.sharepoint.com/:x:/s/public/OMI/gis/EVehexOQLaVDpHXgsHJIyr4BDgYjv0mtaWLVBthLSJJywQ?e=belGTb
Statutární město Brno,403 : Forbidden,https://mmbonline.sharepoint.com/:x:/s/public/OMI/gis/EVfuuk0UU1BGkpYAvcFQl58BxRThgi_v9kn5DNGWgn0UXA?e=zmOWHg
Statutární město Brno,403 : Forbidden,https://mmbonline.sharepoint.com/:x:/s/public/OMI/gis/EWTw36tqVeNLoWIGTEd1SX4B1n4V8nBsTtEWg6e8CaDyoQ?e=igH1Ew
Statutární město Brno,403 : Forbidden,https://mmbonline.sharepoint.com/:x:/s/public/OMI/gis/EWYY2tsDiwtKkQevOiiCieUBmprxJmKsHV_0GHwv3E1Tgg?e=IimMdo
Statutární město Brno,403 : Forbidden,https://mmbonline.sharepoint.com/:x:/s/public/OMI/gis/EWag6RomuUdMn9jzAsfVvc4BA4tH8TE-2DYv3mIqAJv7XA?e=VJiOFs
Statutární město Brno,403 : Forbidden,https://mmbonline.sharepoint.com/:x:/s/public/OMI/gis/EWlB-1_OXDBBl7Xkn5ZmEAUBai9F2hAW9tM2wBH0i6jNGw?e=8DYe7G
Statutární město Brno,403 : Forbidden,https://mmbonline.sharepoint.com/:x:/s/public/OMI/gis/EWnFixr3LSFCuTiJXQnS-aMB1xwPRBcwx7-6iwma05qS6Q?e=cP8QbD
Statutární město Brno,403 : Forbidden,https://mmbonline.sharepoint.com/:x:/s/public/OMI/gis/EXQZH_F9RZZGinQffbZocKoB93BAFXJj9x6Xgg3C_LcS_w?e=931O9u
Statutární město Brno,403 : Forbidden,https://mmbonline.sharepoint.com/:x:/s/public/OMI/gis/EY0cw2JS6ohHmgARWGS7NsQBY45wE6mXND2hN3jrQ6Y7Sw?e=5sR5Hl
Statutární město Brno,403 : Forbidden,https://mmbonline.sharepoint.com/:x:/s/public/OMI/gis/EYhVQnEhvElDp8e84Ywy-5IBjLEZscEY_3ORlxKOQlDOng?e=lrCBGJ
Statutární město Brno,403 : Forbidden,https://mmbonline.sharepoint.com/:x:/s/public/OMI/gis/EYhtk6dYFOpPiWLx0ZWD1e8BF8T0jL2jkjGoidAyQl0A3A?e=UXtjtA
Statutární město Brno,403 : Forbidden,https://mmbonline.sharepoint.com/:x:/s/public/OMI/gis/EYs44ks3F6NDpmtfxv5X6WgB8kJu2GDo1Hw0NpsaM8dQOQ?e=kMqLMP
Statutární město Brno,403 : Forbidden,https://mmbonline.sharepoint.com/:x:/s/public/OMI/gis/EZ6atHizZIFAkP3X8VDgAQsB7B-zllRkei4D3J50Tk_RHA?e=ySyZYn
Statutární město Brno,403 : Forbidden,https://mmbonline.sharepoint.com/:x:/s/public/OMI/gis/EZLzRypX9blNtgZuctrP1f0Bkwga2GsjPVRCcgZ_4QMgIg?e=Gh3v8n
Statutární město Brno,403 : Forbidden,https://mmbonline.sharepoint.com/:x:/s/public/OMI/gis/EZXx3YqdchxNpGcWXBJrYjwBH9u1Ge3_hUiyjJhNRuApaA?e=J5fluQ
Statutární město Brno,403 : Forbidden,https://mmbonline.sharepoint.com/:x:/s/public/OMI/gis/Ea0ssCmR90xEky6qkzGImwgB3vE9zppVyVlYassyAWx8lw?e=HfTcPf
Statutární město Brno,403 : Forbidden,https://mmbonline.sharepoint.com/:x:/s/public/OMI/gis/Eb7ft3HedwJCokg1fz9B9JYBBBXxEALbbwJg0UMUuXP5gQ?e=8rOiSC
Statutární město Brno,403 : Forbidden,https://mmbonline.sharepoint.com/:x:/s/public/OMI/gis/EbXRGouOPAtJuEWGZvskn08BdE76G1Wu-6dTpdrc_pzvFA?e=mS1oHI
Statutární město Brno,403 : Forbidden,https://mmbonline.sharepoint.com/:x:/s/public/OMI/gis/EbklgGRheONGsd36RLZSlt0Bxg7fVJW6mKPkLDvMRtyK2g?e=HaOSIH
Statutární město Brno,403 : Forbidden,https://mmbonline.sharepoint.com/:x:/s/public/OMI/gis/Ebm3PxbNZnRDn7D2zYOQwPwBMqRvSrXNL7GHsSCPpWk3BA?e=ZrolKd
Statutární město Brno,403 : Forbidden,https://mmbonline.sharepoint.com/:x:/s/public/OMI/gis/EbnGG71psXlIjIG3C55MK2MBRW-45IWGjl1JvxUIfDec8w?e=SkEFCq
Statutární město Brno,403 : Forbidden,https://mmbonline.sharepoint.com/:x:/s/public/OMI/gis/EcFAHbazXNxDtOU1-BtiFmgBNGNDtZG6X4kyuk-cWZQH7Q?e=owOzpw
Statutární město Brno,403 : Forbidden,https://mmbonline.sharepoint.com/:x:/s/public/OMI/gis/EcPiPTSWWW1MhOtDSHHlIkgBVszw2X01gjK_a0yWjda6Qg?e=X2vXza
Statutární město Brno,403 : Forbidden,https://mmbonline.sharepoint.com/:x:/s/public/OMI/gis/Ed3THxHMHttHr_sndHUdiVABErQAwhkGozwskJ9sj_2y9A?e=NnYH48
Statutární město Brno,403 : Forbidden,https://mmbonline.sharepoint.com/:x:/s/public/OMI/gis/EdcyUgYjUsFMjhFgiAjjBmoBrFVv8iluDhXtue3SnEh0dA?e=SshNdA
Statutární město Brno,403 : Forbidden,https://mmbonline.sharepoint.com/:x:/s/public/OMI/gis/EeuKdbCsklBJtPBrvepg7s4BHg15qBdpQI22hwz0p_EZWQ?e=dSDE1f
Statutární město Brno,403 : Forbidden,https://mmbonline.sharepoint.com/:x:/s/public/OMI/gis/Ef6onN6LaSNGuyvhsncDhL0BreGP2GCG0cG3yz1Tk-oSLw?e=YagSvM
Statutární město Brno,403 : Forbidden,https://mmbonline.sharepoint.com/:x:/s/public/OMI/gis/EfXh2Bde6_NDkukuKNpl1IwBDvXfLAxFj0B960vpOTLXbQ?e=bzbTYz
Statutární město Brno,403 : Forbidden,https://mmbonline.sharepoint.com/:x:/s/public/OMI/gis/EfkuBnXPwFNDm8cL8-b6OqQBjH5-XuxFvlAs590P8wzY0g?e=rVMGbJ
Česká obchodní inspekce,404 : Not Found,http://www.coi.cz/cz/spotrebitel/otevrena-data/telefonni-seznam/
Česká obchodní inspekce,404 : Not Found,http://www.coi.cz/cz/spotrebitel/otevrena-data/volna-pracovni-mista/
Česká školní inspekce,404 : Not Found,https://www.csicr.cz/cz/Otevreny-urad-QL/Otevreny-urad/Otevrena-data/Dokumentace-datove-sady-Inspekcni-zpravy
Český statistický úřad,404 : Not Found,http://localhost/base/
