jméno_poskytovatele,počet_distribucí,mime_type
Český úřad zeměměřický a katastrální,12693,http://www.iana.org/assignments/media-types/text/csv
Ministerstvo vnitra,7836,http://www.iana.org/assignments/media-types/application/gzip
Ministerstvo vnitra,3955,http://www.iana.org/assignments/media-types/text/csv
Ministerstvo vnitra,3941,http://www.iana.org/assignments/media-types/text/xml
HLAVNÍ MĚSTO PRAHA,629,http://www.iana.org/assignments/media-types/text/csv
Český statistický úřad,618,http://www.iana.org/assignments/media-types/text/xml
HLAVNÍ MĚSTO PRAHA,588,http://www.iana.org/assignments/media-types/application/zip
Ministerstvo zemědělství,487,http://www.iana.org/assignments/media-types/application/zip
Ministerstvo financí,444,http://www.iana.org/assignments/media-types/text/csv
Statutární město Plzeň,411,http://www.iana.org/assignments/media-types/application/zip
Úřad průmyslového vlastnictví,373,http://www.iana.org/assignments/media-types/application/zip
Český telekomunikační úřad,327,http://www.iana.org/assignments/media-types/text/csv
Statutární město Ostrava,294,http://www.iana.org/assignments/media-types/application/zip
Český statistický úřad,206,http://www.iana.org/assignments/media-types/text/csv
HLAVNÍ MĚSTO PRAHA,200,http://www.iana.org/assignments/media-types/application/vnd.geo+json
Ministerstvo zdravotnictví,164,http://www.iana.org/assignments/media-types/text/csv
Ministerstvo financí,123,http://www.iana.org/assignments/media-types/application/vnd.openxmlformats-officedocument.spreadsheetml.sheet
HLAVNÍ MĚSTO PRAHA,110,http://www.iana.org/assignments/media-types/application/xml
Statutární město Ostrava,110,http://www.iana.org/assignments/media-types/text/csv
HLAVNÍ MĚSTO PRAHA,104,http://www.iana.org/assignments/media-types/application/vnd.openxmlformats-officedocument.spreadsheetml.sheet
Ministerstvo životního prostředí,87,http://www.iana.org/assignments/media-types/text/csv
Česká správa sociálního zabezpečení,73,http://www.iana.org/assignments/media-types/application/trig
Česká správa sociálního zabezpečení,73,http://www.iana.org/assignments/media-types/text/csv
Ministerstvo zdravotnictví,66,http://www.iana.org/assignments/media-types/application/vnd.openxmlformats-officedocument.spreadsheetml.sheet
Ministerstvo dopravy,61,http://www.iana.org/assignments/media-types/text/csv
Statutární město Brno,56,http://www.iana.org/assignments/media-types/application/zip
HLAVNÍ MĚSTO PRAHA,52,http://www.iana.org/assignments/media-types/application/json
Statutární město Brno,49,http://www.iana.org/assignments/media-types/text/csv
Ministerstvo financí,45,http://www.iana.org/assignments/media-types/application/n-triples
Ministerstvo vnitra,42,http://www.iana.org/assignments/media-types/application/ld+json
Ministerstvo financí,42,http://www.iana.org/assignments/media-types/application/xml
Statutární město Brno,39,http://www.iana.org/assignments/media-types/application/vnd.geo+json
Statutární město Brno,38,http://www.iana.org/assignments/media-types/application/vnd.google-earth.kml+xml
Statutární město Plzeň,34,http://www.iana.org/assignments/media-types/text/csv
Královéhradecký kraj,33,http://www.iana.org/assignments/media-types/text/csv/xml
Ministerstvo životního prostředí,32,http://www.iana.org/assignments/media-types/text/html
Statutární město Opava,30,http://www.iana.org/assignments/media-types/application/zip
Ministerstvo vnitra,28,http://www.iana.org/assignments/media-types/application/json
Ministerstvo financí,28,http://www.iana.org/assignments/media-types/application/vnd.ms-excel
Královéhradecký kraj,27,http://www.iana.org/assignments/media-types/text/csv/csv
Ministerstvo životního prostředí,26,http://www.iana.org/assignments/media-types/application/vnd.geo+json
Ministerstvo životního prostředí,26,http://www.iana.org/assignments/media-types/application/vnd.google-earth.kml+xml
Český statistický úřad,26,http://www.iana.org/assignments/media-types/application/zip
Ministerstvo životního prostředí,26,http://www.iana.org/assignments/media-types/application/zip
HLAVNÍ MĚSTO PRAHA,25,http://www.iana.org/assignments/media-types/application/vnd.ms-excel
Statutární město Děčín,25,http://www.iana.org/assignments/media-types/text/csv
Statutární město Děčín,23,http://www.iana.org/assignments/media-types/application/pdf
HLAVNÍ MĚSTO PRAHA,21,http://www.iana.org/assignments/media-types/application/pdf
Statutární město Hradec Králové,21,http://www.iana.org/assignments/media-types/application/xml
Zeměměřický úřad,21,http://www.iana.org/assignments/media-types/application/zip
Ministerstvo pro místní rozvoj,21,http://www.iana.org/assignments/media-types/text/csv
Česká školní inspekce,21,http://www.iana.org/assignments/media-types/text/csv
Statutární město Olomouc,20,http://www.iana.org/assignments/media-types/application/vnd.geo+json
Statutární město Děčín,20,http://www.iana.org/assignments/media-types/application/vnd.openxmlformats-officedocument.spreadsheetml.sheet
Město Bohumín,20,http://www.iana.org/assignments/media-types/text/xml
Statutární město Brno,18,http://www.iana.org/assignments/media-types/application/dxf
Statutární město Brno,18,http://www.iana.org/assignments/media-types/application/json
HLAVNÍ MĚSTO PRAHA,18,http://www.iana.org/assignments/media-types/text/html
Statutární město Brno,18,http://www.iana.org/assignments/media-types/text/sgml
Statutární město Olomouc,17,http://www.iana.org/assignments/media-types/text/csv
Ministerstvo vnitra,16,http://www.iana.org/assignments/media-types/application/rdf+xml
Ministerstvo vnitra,15,http://www.iana.org/assignments/media-types/application/trig
Ministerstvo pro místní rozvoj,15,http://www.iana.org/assignments/media-types/application/xml
"Ministerstvo školství, mládeže a tělovýchovy",15,http://www.iana.org/assignments/media-types/application/xml
Ministerstvo vnitra,14,http://www.iana.org/assignments/media-types/application/n-quads
Ministerstvo vnitra,14,http://www.iana.org/assignments/media-types/application/n-triples
Statutární město Karviná,14,http://www.iana.org/assignments/media-types/application/zip
Ministerstvo vnitra,14,http://www.iana.org/assignments/media-types/text/html
Ministerstvo vnitra,14,http://www.iana.org/assignments/media-types/text/turtle
Ministerstvo financí,13,http://www.iana.org/assignments/media-types/application/json
Statutární město Karviná,13,http://www.iana.org/assignments/media-types/application/pdf
Ministerstvo financí,12,http://www.iana.org/assignments/media-types/application/pdf
Nejvyšší kontrolní úřad,12,http://www.iana.org/assignments/media-types/text/csv
Ministerstvo obrany,11,http://www.iana.org/assignments/media-types/text/csv
Ministerstvo vnitra,10,http://www.iana.org/assignments/media-types/application/vnd.openxmlformats-officedocument.spreadsheetml.sheet
HLAVNÍ MĚSTO PRAHA,10,http://www.iana.org/assignments/media-types/image/tiff
Ministerstvo financí,10,http://www.iana.org/assignments/media-types/text/html
HLAVNÍ MĚSTO PRAHA,10,http://www.iana.org/assignments/media-types/text/plain
Statutární město Děčín,9,http://www.iana.org/assignments/media-types/application/vnd.ms-excel
Liberecký kraj,9,http://www.iana.org/assignments/media-types/application/zip
Plzeňský kraj,8,http://www.iana.org/assignments/media-types/text/csv
Jihomoravský kraj,7,http://www.iana.org/assignments/media-types/application/json
Česká obchodní inspekce,7,http://www.iana.org/assignments/media-types/application/vnd.openxmlformats-officedocument.spreadsheetml.sheet
Česká obchodní inspekce,7,http://www.iana.org/assignments/media-types/text/csv
ČESKÁ NÁRODNÍ BANKA,7,http://www.iana.org/assignments/media-types/text/csv
Ministerstvo průmyslu a obchodu,7,http://www.iana.org/assignments/media-types/text/csv
Úřad vlády České republiky,7,http://www.iana.org/assignments/media-types/text/csv
ČESKÝ ROZHLAS,6,http://www.iana.org/assignments/media-types/application/json
Ministerstvo vnitra,6,http://www.iana.org/assignments/media-types/application/xml
Ministerstvo obrany,6,http://www.iana.org/assignments/media-types/application/xml
Český telekomunikační úřad,6,http://www.iana.org/assignments/media-types/application/zip
Ministerstvo financí,5,http://sparql.opendata:3030/lkod/data?graph=http://sparql.opendata:3030/lkod/data/import
Česká obchodní inspekce,5,http://www.iana.org/assignments/media-types/application/vnd.oasis.opendocument.spreadsheet
Český telekomunikační úřad,5,http://www.iana.org/assignments/media-types/application/vnd.openxmlformats-officedocument.spreadsheetml.sheet
Obec Huntířov,5,http://www.iana.org/assignments/media-types/text/csv
Statutární město Brno,4,http://www.iana.org/assignments/media-types/application/acad
Statutární město Hradec Králové,4,http://www.iana.org/assignments/media-types/application/vnd.openxmlformats-officedocument.spreadsheetml.sheet
Statutární město Děčín,4,http://www.iana.org/assignments/media-types/application/xml
Ministerstvo zemědělství,4,http://www.iana.org/assignments/media-types/application/xml
Statutární město Opava,4,http://www.iana.org/assignments/media-types/text/csv
Královéhradecký kraj,4,http://www.iana.org/assignments/media-types/text/csv/xls
Jihočeský kraj,3,http://www.iana.org/assignments/media-types/application/octet-stream
Liberecký kraj,3,http://www.iana.org/assignments/media-types/application/vnd.google-earth.kmz
Ministerstvo vnitra,3,http://www.iana.org/assignments/media-types/application/vnd.ms-excel
Ministerstvo zdravotnictví,3,http://www.iana.org/assignments/media-types/application/xml
Olomoucký kraj,3,http://www.iana.org/assignments/media-types/text/csv
Jihomoravský kraj,3,http://www.iana.org/assignments/media-types/text/csv
Statutární město Opava,2,http://www.iana.org/assignments/media-types/application/json
HLAVNÍ MĚSTO PRAHA,2,http://www.iana.org/assignments/media-types/application/octet-stream
Statutární město Karviná,2,http://www.iana.org/assignments/media-types/application/vnd.geo+json
Jihočeský kraj,2,http://www.iana.org/assignments/media-types/application/vnd.google-earth.kml+xml
Český telekomunikační úřad,2,http://www.iana.org/assignments/media-types/application/vnd.ms-excel
Statutární město Opava,2,http://www.iana.org/assignments/media-types/application/vnd.ms-excel
Statutární město Děčín,2,http://www.iana.org/assignments/media-types/application/zip
Statutární město Brno,2,http://www.iana.org/assignments/media-types/image/tiff
Moravskoslezský kraj,2,http://www.iana.org/assignments/media-types/text/csv
Město Vrchlabí,2,http://www.iana.org/assignments/media-types/text/csv
Jihočeský kraj,2,http://www.iana.org/assignments/media-types/text/html
Statutární město Děčín,2,http://www.iana.org/assignments/media-types/text/plain
Český telekomunikační úřad,2,http://www.iana.org/assignments/media-types/text/plain
Kraj Vysočina,2,http://www.iana.org/assignments/media-types/text/xml
Statutární město Plzeň,1,http://www.iana.org/assignments/media-types/application/json
Český statistický úřad,1,http://www.iana.org/assignments/media-types/application/json
Ministerstvo zdravotnictví,1,http://www.iana.org/assignments/media-types/application/pdf
Ministerstvo vnitra,1,http://www.iana.org/assignments/media-types/application/vnd.hdt
Český statistický úřad,1,http://www.iana.org/assignments/media-types/application/vnd.ms-excel
Ministerstvo zemědělství,1,http://www.iana.org/assignments/media-types/application/vnd.openxmlformats-officedocument.spreadsheetml.sheet
Nejvyšší kontrolní úřad,1,http://www.iana.org/assignments/media-types/application/vnd.openxmlformats-officedocument.spreadsheetml.sheet
ČESKÝ ROZHLAS,1,http://www.iana.org/assignments/media-types/application/vnd.openxmlformats-officedocument.spreadsheetml.sheet
Ministerstvo financí,1,http://www.iana.org/assignments/media-types/application/vnd.openxmlformats-officedocument.wordprocessingml.document
ČESKÝ ROZHLAS,1,http://www.iana.org/assignments/media-types/application/xml
Jihočeský kraj,1,http://www.iana.org/assignments/media-types/application/xml
Statutární město Ostrava,1,http://www.iana.org/assignments/media-types/application/xml
Statutární město Plzeň,1,http://www.iana.org/assignments/media-types/application/xml
Statutární město Karviná,1,http://www.iana.org/assignments/media-types/application/xml
Ministerstvo financí,1,http://www.iana.org/assignments/media-types/application/zip
ČESKÝ ROZHLAS,1,http://www.iana.org/assignments/media-types/text/csv
Královéhradecký kraj,1,http://www.iana.org/assignments/media-types/text/csv/geojson
Královéhradecký kraj,1,http://www.iana.org/assignments/media-types/text/csv/xlsx
Moravskoslezský kraj,1,http://www.iana.org/assignments/media-types/text/xml
Ministerstvo zemědělství,1,http://www.iana.org/assignments/media-types/text/xml
