jméno_poskytovatele,počet_distribucí,specifikace
Ministerstvo vnitra,42,https://www.w3.org/TR/sparql11-protocol/
Česká informační agentura životního prostředí,24,http://www.opengeospatial.org/standards/wms
Statutární město Brno,10,urn:x-esri:serviceType:ArcGIS
Česká informační agentura životního prostředí,5,http://www.opengeospatial.org/standards/wfs
Česká informační agentura životního prostředí,1,http://www.opengeospatial.org/standards/wmts
Ministerstvo vnitra,1,https://www.w3.org/TR/2013/REC-sparql11-protocol-20130321/
