mime_type,počet_distribucí
http://www.iana.org/assignments/media-types/application/gml+xml,96144
http://www.iana.org/assignments/media-types/application/vnd.shp,28204
http://www.iana.org/assignments/media-types/text/plain,26245
http://www.iana.org/assignments/media-types/text/csv,19259
http://www.iana.org/assignments/media-types/image/vnd.dxf,13079
http://www.iana.org/assignments/media-types/application/gzip,7840
http://www.iana.org/assignments/media-types/text/xml,4577
http://www.iana.org/assignments/media-types/application/zip,2517
http://www.iana.org/assignments/media-types/application/xml,404
http://www.iana.org/assignments/media-types/application/json,403
http://www.iana.org/assignments/media-types/application/vnd.openxmlformats-officedocument.spreadsheetml.sheet,395
http://www.iana.org/assignments/media-types/application/geo+json,244
http://www.iana.org/assignments/media-types/application/vnd.google-earth.kml+xml,179
http://www.iana.org/assignments/media-types/text/html,166
http://www.iana.org/assignments/media-types/application/vnd.geo+json,151
http://www.iana.org/assignments/media-types/application/ld+json,122
http://www.iana.org/assignments/media-types/None,118
http://www.iana.org/assignments/media-types/application/dxf,116
http://www.iana.org/assignments/media-types/text/sgml,116
http://www.iana.org/assignments/media-types/application/trig,92
http://www.iana.org/assignments/media-types/application/vnd.ms-excel,68
http://www.iana.org/assignments/media-types/application/n-triples,59
http://www.iana.org/assignments/media-types/application/pdf,50
https://www.iana.org/assignments/media-types/application/atom+xml,21
https://www.iana.org/assignments/media-types/application/vnd.shp,18
http://www.iana.org/assignments/media-types/application/octet-stream,17
http://www.iana.org/assignments/media-types/application/rdf+xml,16
http://www.iana.org/assignments/media-types/text/turtle,14
https://www.iana.org/assignments/media-types/image/jp2,14
http://www.iana.org/assignments/media-types/application/n-quads,14
http://www.iana.org/assignments/media-types/image/tiff,12
http://inspire.ec.europa.eu/media-types/application/x-filegdb,9
http://www.iana.org/assignments/media-types/application/vnd.oasis.opendocument.spreadsheet,5
http://www.iana.org/assignments/media-types/application/vnd.google-earth.kmz,3
https://www.iana.org/assignments/media-types/application/gml+xml,1
http://www.iana.org/assignments/media-types/application/vnd.hdt,1
http://www.iana.org/assignments/media-types/yyyyyysssss,1
