jméno_poskytovatele,počet_distribucí,autorskéDílo,databáze,zvláštníPrávo,osobní_údaje
Český úřad zeměměřický a katastrální,175964,https://creativecommons.org/licenses/by/4.0/,https://creativecommons.org/licenses/by/4.0/,https://www.cuzk.cz/Predpisy/Podminky-poskytovani-prostor-dat-a-sitovych-sluzeb/Podminky-poskytovani-prostorovych-dat-CUZK.aspx,https://data.gov.cz/podmínky-užití/neobsahuje-osobní-údaje/
Ministerstvo vnitra,15680,http://dataor.justice.cz/files/ISVR_OpenData_Podminky_uziti.pdf,http://dataor.justice.cz/files/ISVR_OpenData_Podminky_uziti.pdf,http://dataor.justice.cz/files/ISVR_OpenData_Podminky_uziti.pdf,https://data.gov.cz/podmínky-užití/není-specifikováno-zda-obsahuje-osobní-údaje/
Úřad průmyslového vlastnictví,1267,https://isdv.upv.cz/doc/opendata/doc/podminky_uziti.html,https://isdv.upv.cz/doc/opendata/doc/podminky_uziti.html,https://isdv.upv.cz/doc/opendata/doc/podminky_uziti.html,https://data.gov.cz/podmínky-užití/není-specifikováno-zda-obsahuje-osobní-údaje/
Český statistický úřad,1096,https://data.gov.cz/podmínky-užití/neobsahuje-autorská-díla/,https://data.gov.cz/podmínky-užití/není-autorskoprávně-chráněnou-databází/,https://data.gov.cz/podmínky-užití/není-chráněna-zvláštním-právem-pořizovatele-databáze/,https://data.gov.cz/podmínky-užití/neobsahuje-osobní-údaje/
Statutární město Brno,843,https://creativecommons.org/licenses/by/4.0/,https://data.gov.cz/podmínky-užití/není-autorskoprávně-chráněnou-databází/,https://data.gov.cz/podmínky-užití/není-chráněna-zvláštním-právem-pořizovatele-databáze/,https://data.gov.cz/podmínky-užití/neobsahuje-osobní-údaje/
Ministerstvo financí,756,https://data.gov.cz/podmínky-užití/neobsahuje-autorská-díla/,https://monitor.statnipokladna.cz/datovy-katalog/licence,https://monitor.statnipokladna.cz/datovy-katalog/licence,https://data.gov.cz/podmínky-užití/neobsahuje-osobní-údaje/
Ministerstvo zemědělství,539,https://data.gov.cz/podmínky-užití/neobsahuje-autorská-díla/,https://data.gov.cz/podmínky-užití/není-autorskoprávně-chráněnou-databází/,https://data.gov.cz/podmínky-užití/není-chráněna-zvláštním-právem-pořizovatele-databáze/,https://data.gov.cz/podmínky-užití/neobsahuje-osobní-údaje/
HLAVNÍ MĚSTO PRAHA,476,http://www.opendefinition.org/licenses/cc-zero,http://www.opendefinition.org/licenses/cc-zero,http://www.opendefinition.org/licenses/cc-zero,https://data.gov.cz/podmínky-užití/není-specifikováno-zda-obsahuje-osobní-údaje/
HLAVNÍ MĚSTO PRAHA,474,http://www.opendefinition.org/licenses/cc-by-sa,http://www.opendefinition.org/licenses/cc-by-sa,http://www.opendefinition.org/licenses/cc-by-sa,https://data.gov.cz/podmínky-užití/není-specifikováno-zda-obsahuje-osobní-údaje/
Královéhradecký kraj,312,https://data.gov.cz/podmínky-užití/neobsahuje-autorská-díla/,https://data.gov.cz/podmínky-užití/není-autorskoprávně-chráněnou-databází/,https://data.gov.cz/podmínky-užití/není-chráněna-zvláštním-právem-pořizovatele-databáze/,https://data.gov.cz/podmínky-užití/neobsahuje-osobní-údaje/
Ministerstvo vnitra,284,https://data.gov.cz/podmínky-užití/neobsahuje-autorská-díla/,https://data.gov.cz/podmínky-užití/není-autorskoprávně-chráněnou-databází/,https://data.gov.cz/podmínky-užití/není-chráněna-zvláštním-právem-pořizovatele-databáze/,https://data.gov.cz/podmínky-užití/neobsahuje-osobní-údaje/
Český telekomunikační úřad,241,https://data.ctu.cz/podminky-uziti-dat,https://data.ctu.cz/podminky-uziti-dat,https://data.ctu.cz/podminky-uziti-dat,https://data.gov.cz/podmínky-užití/není-specifikováno-zda-obsahuje-osobní-údaje/
HLAVNÍ MĚSTO PRAHA,224,https://data.gov.cz/podm%C3%ADnky-u%C5%BEit%C3%AD/neobsahuje-autorsk%C3%A1-d%C3%ADla/,https://data.gov.cz/podm%C3%ADnky-u%C5%BEit%C3%AD/neobsahuje-autorsk%C3%A1-d%C3%ADla/,https://data.gov.cz/podm%C3%ADnky-u%C5%BEit%C3%AD/neobsahuje-autorsk%C3%A1-d%C3%ADla/,https://data.gov.cz/podmínky-užití/není-specifikováno-zda-obsahuje-osobní-údaje/
Ministerstvo financí,218,https://data.gov.cz/podmínky-užití/neobsahuje-autorská-díla/,https://data.gov.cz/podmínky-užití/není-autorskoprávně-chráněnou-databází/,https://data.gov.cz/podmínky-užití/není-chráněna-zvláštním-právem-pořizovatele-databáze/,https://data.gov.cz/podmínky-užití/neobsahuje-osobní-údaje/
Statutární město Ostrava,215,https://creativecommons.org/licenses/by-sa/4.0/deed.cs,https://creativecommons.org/licenses/by-sa/4.0/deed.cs,https://creativecommons.org/licenses/by-sa/4.0/deed.cs,https://data.gov.cz/podmínky-užití/není-specifikováno-zda-obsahuje-osobní-údaje/
Statutární město Ostrava,182,http://creativecommons.org/licenses/by-sa/4.0/deed.cs,http://creativecommons.org/licenses/by-sa/4.0/deed.cs,http://creativecommons.org/licenses/by-sa/4.0/deed.cs,https://data.gov.cz/podmínky-užití/není-specifikováno-zda-obsahuje-osobní-údaje/
Česká správa sociálního zabezpečení,154,https://data.gov.cz/podmínky-užití/neobsahuje-autorská-díla/,https://data.gov.cz/podmínky-užití/není-autorskoprávně-chráněnou-databází/,https://data.gov.cz/podmínky-užití/není-chráněna-zvláštním-právem-pořizovatele-databáze/,https://data.gov.cz/podmínky-užití/neobsahuje-osobní-údaje/
Ministerstvo práce a sociálních věcí,97,https://data.gov.cz/podmínky-užití/neobsahuje-autorská-díla/,https://data.gov.cz/podmínky-užití/neobsahuje-autorská-díla/,https://data.gov.cz/podmínky-užití/není-chráněna-zvláštním-právem-pořizovatele-databáze/,https://data.gov.cz/podmínky-užití/neobsahuje-osobní-údaje/
Ministerstvo financí,96,https://data.gov.cz/podmínky-užití/neobsahuje-autorská-díla/,https://creativecommons.org/licenses/by/4.0/,https://data.gov.cz/podmínky-užití/není-chráněna-zvláštním-právem-pořizovatele-databáze/,https://data.gov.cz/podmínky-užití/obsahuje-osobní-údaje/
Česká informační agentura životního prostředí,89,https://creativecommons.org/licenses/by/4.0/,https://creativecommons.org/licenses/by/4.0/,https://data.gov.cz/podmínky-užití/není-chráněna-zvláštním-právem-pořizovatele-databáze/,https://data.gov.cz/podmínky-užití/neobsahuje-osobní-údaje/
Statutární město Děčín,74,https://opendata.mmdecin.cz/about,https://opendata.mmdecin.cz/about,https://opendata.mmdecin.cz/about,https://data.gov.cz/podmínky-užití/není-specifikováno-zda-obsahuje-osobní-údaje/
Ministerstvo zdravotnictví,73,https://creativecommons.org/publicdomain/zero/1.0/deed.cs,https://creativecommons.org/publicdomain/zero/1.0/deed.cs,https://creativecommons.org/publicdomain/zero/1.0/deed.cs,https://data.gov.cz/podmínky-užití/není-specifikováno-zda-obsahuje-osobní-údaje/
Statutární město Ostrava,67,https://creativecommons.org/licenses/by-sa/4.0/deed.cs,https://creativecommons.org/licenses/by-sa/4.0/deed.cs,https://creativecommons.org/licenses/by-sa/4.0/deed.cs,https://data.gov.cz/podmínky-užití/neobsahuje-osobní-údaje/
Ministerstvo životního prostředí,67,https://data.gov.cz/podmínky-užití/neobsahuje-autorská-díla/,https://data.gov.cz/podmínky-užití/není-autorskoprávně-chráněnou-databází/,https://data.gov.cz/podmínky-užití/není-chráněna-zvláštním-právem-pořizovatele-databáze/,https://data.gov.cz/podmínky-užití/neobsahuje-osobní-údaje/
Ministerstvo dopravy,59,https://data.gov.cz/podmínky-užití/neobsahuje-autorská-díla/,https://data.gov.cz/podmínky-užití/není-autorskoprávně-chráněnou-databází/,https://data.gov.cz/podmínky-užití/není-chráněna-zvláštním-právem-pořizovatele-databáze/,https://data.gov.cz/podmínky-užití/neobsahuje-osobní-údaje/
Ministerstvo zdravotnictví,48,https://data.gov.cz/podmínky-užití/neobsahuje-autorská-díla/,https://data.gov.cz/podmínky-užití/není-autorskoprávně-chráněnou-databází/,https://data.gov.cz/podmínky-užití/není-chráněna-zvláštním-právem-pořizovatele-databáze/,https://data.gov.cz/podmínky-užití/neobsahuje-osobní-údaje/
Ministerstvo práce a sociálních věcí,48,https://data.gov.cz/podmínky-užití/neobsahuje-autorská-díla/,https://data.gov.cz/podmínky-užití/není-autorskoprávně-chráněnou-databází/,https://data.gov.cz/podmínky-užití/není-chráněna-zvláštním-právem-pořizovatele-databáze/,https://data.gov.cz/podmínky-užití/neobsahuje-osobní-údaje/
Statutární město Opava,39,https://creativecommons.org/licenses/by-sa/4.0/deed.cs,https://creativecommons.org/licenses/by-sa/4.0/deed.cs,https://creativecommons.org/licenses/by-sa/4.0/deed.cs,https://data.gov.cz/podmínky-užití/není-specifikováno-zda-obsahuje-osobní-údaje/
Statutární město Děčín,39,https://data.gov.cz/podmínky-užití/neobsahuje-autorská-díla/,https://data.gov.cz/podmínky-užití/není-autorskoprávně-chráněnou-databází/,https://data.gov.cz/podmínky-užití/není-chráněna-zvláštním-právem-pořizovatele-databáze/,https://data.gov.cz/podmínky-užití/neobsahuje-osobní-údaje/
Úřad vlády České republiky,36,https://data.gov.cz/podmínky-užití/neobsahuje-autorská-díla/,https://data.gov.cz/podmínky-užití/není-autorskoprávně-chráněnou-databází/,https://data.gov.cz/podmínky-užití/není-chráněna-zvláštním-právem-pořizovatele-databáze/,https://data.gov.cz/podmínky-užití/neobsahuje-osobní-údaje/
Česká školní inspekce,30,https://data.gov.cz/podmínky-užití/neobsahuje-autorská-díla/,https://data.gov.cz/podmínky-užití/není-autorskoprávně-chráněnou-databází/,https://www.csicr.cz/cz/Otevreny-urad-QL/Otevreny-urad/Otevrena-data/Podminky-uziti-otevrenych-dat-Ceske-skolni-inspekc,https://data.gov.cz/podmínky-užití/neobsahuje-osobní-údaje/
Ministerstvo financí,23,https://data.gov.cz/podmínky-užití/neobsahuje-autorská-díla/,https://data.gov.cz/podmínky-užití/není-autorskoprávně-chráněnou-databází/,https://data.gov.cz/podmínky-užití/není-chráněna-zvláštním-právem-pořizovatele-databáze/,https://data.gov.cz/podmínky-užití/obsahuje-osobní-údaje/
HLAVNÍ MĚSTO PRAHA,22,http://www.opendefinition.org/licenses/cc-by,http://www.opendefinition.org/licenses/cc-by,http://www.opendefinition.org/licenses/cc-by,https://data.gov.cz/podmínky-užití/není-specifikováno-zda-obsahuje-osobní-údaje/
Nejvyšší kontrolní úřad,21,https://data.gov.cz/podmínky-užití/neobsahuje-autorská-díla/,https://data.gov.cz/podmínky-užití/není-autorskoprávně-chráněnou-databází/,https://data.gov.cz/podmínky-užití/není-chráněna-zvláštním-právem-pořizovatele-databáze/,https://data.gov.cz/podmínky-užití/neobsahuje-osobní-údaje/
Ministerstvo pro místní rozvoj,20,https://data.gov.cz/podmínky-užití/neobsahuje-autorská-díla/,https://data.gov.cz/podmínky-užití/není-autorskoprávně-chráněnou-databází/,https://data.gov.cz/podmínky-užití/není-chráněna-zvláštním-právem-pořizovatele-databáze/,https://data.gov.cz/podmínky-užití/neobsahuje-osobní-údaje/
Město Bohumín,20,https://data.gov.cz/podmínky-užití/neobsahuje-autorská-díla/,https://data.gov.cz/podmínky-užití/není-autorskoprávně-chráněnou-databází/,https://data.gov.cz/podmínky-užití/není-chráněna-zvláštním-právem-pořizovatele-databáze/,https://data.gov.cz/podmínky-užití/neobsahuje-osobní-údaje/
Česká obchodní inspekce,19,http://www.coi.cz/cz/spotrebitel/otevrena-data/licence-otevrenych-dat/,http://www.coi.cz/cz/spotrebitel/otevrena-data/licence-otevrenych-dat/,http://www.coi.cz/cz/spotrebitel/otevrena-data/licence-otevrenych-dat/,https://data.gov.cz/podmínky-užití/není-specifikováno-zda-obsahuje-osobní-údaje/
Statutární město Brno,19,https://creativecommons.org/licenses/by-sa/4.0/,https://data.gov.cz/podmínky-užití/není-autorskoprávně-chráněnou-databází/,https://data.gov.cz/podmínky-užití/není-chráněna-zvláštním-právem-pořizovatele-databáze/,https://data.gov.cz/podmínky-užití/neobsahuje-osobní-údaje/
Ministerstvo zdravotnictví,19,https://data.gov.cz/podm%C3%ADnky-u%C5%BEit%C3%AD/voln%C3%BD-p%C5%99%C3%ADstup/,https://data.gov.cz/podm%C3%ADnky-u%C5%BEit%C3%AD/voln%C3%BD-p%C5%99%C3%ADstup/,https://data.gov.cz/podm%C3%ADnky-u%C5%BEit%C3%AD/voln%C3%BD-p%C5%99%C3%ADstup/,https://data.gov.cz/podmínky-užití/není-specifikováno-zda-obsahuje-osobní-údaje/
Státní ústav pro kontrolu léčiv,15,https://data.gov.cz/podmínky-užití/neobsahuje-autorská-díla/,https://data.gov.cz/podmínky-užití/není-autorskoprávně-chráněnou-databází/,https://data.gov.cz/podmínky-užití/není-chráněna-zvláštním-právem-pořizovatele-databáze/,https://data.gov.cz/podmínky-užití/neobsahuje-osobní-údaje/
"Ministerstvo školství, mládeže a tělovýchovy",14,https://rejstriky.msmt.cz/opendata/metadata/podminky-uziti-OD.html,https://rejstriky.msmt.cz/opendata/metadata/podminky-uziti-OD.html,https://rejstriky.msmt.cz/opendata/metadata/podminky-uziti-OD.html,https://data.gov.cz/podmínky-užití/není-specifikováno-zda-obsahuje-osobní-údaje/
Ministerstvo obrany,12,https://data.army.cz/cs/podm%C3%ADnky-u%C5%BE%C3%ADv%C3%A1n%C3%AD,https://data.army.cz/cs/podm%C3%ADnky-u%C5%BE%C3%ADv%C3%A1n%C3%AD,https://data.army.cz/cs/podm%C3%ADnky-u%C5%BE%C3%ADv%C3%A1n%C3%AD,https://data.gov.cz/podmínky-užití/není-specifikováno-zda-obsahuje-osobní-údaje/
Liberecký kraj,12,https://data.gov.cz/podmínky-užití/neobsahuje-autorská-díla/,https://data.gov.cz/podmínky-užití/není-autorskoprávně-chráněnou-databází/,https://data.gov.cz/podmínky-užití/není-chráněna-zvláštním-právem-pořizovatele-databáze/,https://data.gov.cz/podmínky-užití/neobsahuje-osobní-údaje/
Český úřad zeměměřický a katastrální,11,https://creativecommons.org/licenses/by/4.0/,https://creativecommons.org/licenses/by/4.0/,https://geoportal.cuzk.cz/Dokumenty/Podminky.pdf,https://data.gov.cz/podmínky-užití/neobsahuje-osobní-údaje/
Jihomoravský kraj,10,https://creativecommons.org/licenses/by/4.0/,https://creativecommons.org/licenses/by/4.0/,https://data.gov.cz/podmínky-užití/není-chráněna-zvláštním-právem-pořizovatele-databáze/,https://data.gov.cz/podmínky-užití/neobsahuje-osobní-údaje/
HLAVNÍ MĚSTO PRAHA,10,https://www.praha11.cz/opendata/json.php?akce=tematicke_mapy&tmID=74,https://www.praha11.cz/opendata/json.php?akce=tematicke_mapy&tmID=74,https://www.praha11.cz/opendata/json.php?akce=tematicke_mapy&tmID=74,https://data.gov.cz/podmínky-užití/není-specifikováno-zda-obsahuje-osobní-údaje/
ČESKÝ ROZHLAS,9,https://data.gov.cz/podmínky-užití/neobsahuje-autorská-díla/,https://data.gov.cz/podmínky-užití/není-autorskoprávně-chráněnou-databází/,https://data.gov.cz/podmínky-užití/není-chráněna-zvláštním-právem-pořizovatele-databáze/,https://data.gov.cz/podmínky-užití/neobsahuje-osobní-údaje/
HLAVNÍ MĚSTO PRAHA,8,https://creativecommons.org/publicdomain/zero/1.0/%20,https://creativecommons.org/publicdomain/zero/1.0/%20,https://creativecommons.org/publicdomain/zero/1.0/%20,https://data.gov.cz/podmínky-užití/není-specifikováno-zda-obsahuje-osobní-údaje/
HLAVNÍ MĚSTO PRAHA,8,https://creativecommons.org/publicdomain/zero/1.0/deed.cs,https://creativecommons.org/publicdomain/zero/1.0/deed.cs,https://creativecommons.org/publicdomain/zero/1.0/deed.cs,https://data.gov.cz/podmínky-užití/není-specifikováno-zda-obsahuje-osobní-údaje/
Plzeňský kraj,8,https://data.gov.cz/podmínky-užití/neobsahuje-autorská-díla/,https://data.gov.cz/podmínky-užití/není-autorskoprávně-chráněnou-databází/,https://data.gov.cz/podmínky-užití/není-chráněna-zvláštním-právem-pořizovatele-databáze/,https://data.gov.cz/podmínky-užití/neobsahuje-osobní-údaje/
Statutární město Děčín,8,https://www.czso.cz/csu/czso/podminky_pro_vyuzivani_a_dalsi_zverejnovani_statistickych_udaju_csu,https://www.czso.cz/csu/czso/podminky_pro_vyuzivani_a_dalsi_zverejnovani_statistickych_udaju_csu,https://www.czso.cz/csu/czso/podminky_pro_vyuzivani_a_dalsi_zverejnovani_statistickych_udaju_csu,https://data.gov.cz/podmínky-užití/není-specifikováno-zda-obsahuje-osobní-údaje/
Ministerstvo průmyslu a obchodu,7,https://data.gov.cz/podmínky-užití/neobsahuje-autorská-díla/,https://data.gov.cz/podmínky-užití/není-autorskoprávně-chráněnou-databází/,https://data.gov.cz/podmínky-užití/není-chráněna-zvláštním-právem-pořizovatele-databáze/,https://data.gov.cz/podmínky-užití/neobsahuje-osobní-údaje/
HLAVNÍ MĚSTO PRAHA,6,http://creativecommons.org/licenses/by-sa/3.0/cz/,http://creativecommons.org/licenses/by-sa/3.0/cz/,http://creativecommons.org/licenses/by-sa/3.0/cz/,https://data.gov.cz/podmínky-užití/není-specifikováno-zda-obsahuje-osobní-údaje/
Jihočeský kraj,6,https://data.gov.cz/podmínky-užití/neobsahuje-autorská-díla/,https://data.gov.cz/podmínky-užití/není-autorskoprávně-chráněnou-databází/,https://creativecommons.org/publicdomain/zero/1.0/,https://data.gov.cz/podmínky-užití/neobsahuje-osobní-údaje/
Ministerstvo obrany,6,https://datainst.army.cz/cs/podm%C3%ADnky-u%C5%BE%C3%ADv%C3%A1n%C3%AD,https://datainst.army.cz/cs/podm%C3%ADnky-u%C5%BE%C3%ADv%C3%A1n%C3%AD,https://datainst.army.cz/cs/podm%C3%ADnky-u%C5%BE%C3%ADv%C3%A1n%C3%AD,https://data.gov.cz/podmínky-užití/není-specifikováno-zda-obsahuje-osobní-údaje/
Obec Huntířov,5,https://data.gov.cz/podmínky-užití/neobsahuje-autorská-díla/,https://data.gov.cz/podmínky-užití/není-autorskoprávně-chráněnou-databází/,https://data.gov.cz/podmínky-užití/není-chráněna-zvláštním-právem-pořizovatele-databáze/,https://data.gov.cz/podmínky-užití/neobsahuje-osobní-údaje/
ČESKÁ NÁRODNÍ BANKA,5,https://data.gov.cz/podmínky-užití/neobsahuje-autorská-díla/,https://data.gov.cz/podmínky-užití/není-autorskoprávně-chráněnou-databází/,https://data.gov.cz/podmínky-užití/není-chráněna-zvláštním-právem-pořizovatele-databáze/,https://data.gov.cz/podmínky-užití/obsahuje-osobní-údaje/
Česká informační agentura životního prostředí,4,https://creativecommons.org/publicdomain/zero/1.0/,https://creativecommons.org/publicdomain/zero/1.0/,https://data.gov.cz/podmínky-užití/není-chráněna-zvláštním-právem-pořizovatele-databáze/,https://data.gov.cz/podmínky-užití/neobsahuje-osobní-údaje/
Ministerstvo pro místní rozvoj,4,https://data.gov.cz/podmínky-užití/neobsahuje-autorská-díla/,https://creativecommons.org/licenses/by/4.0/,https://data.gov.cz/podmínky-užití/není-chráněna-zvláštním-právem-pořizovatele-databáze/,https://data.gov.cz/podmínky-užití/neobsahuje-osobní-údaje/
Ministerstvo vnitra,4,https://data.gov.cz/podmínky-užití/neobsahuje-autorská-díla/,https://data.gov.cz/podmínky-užití/není-autorskoprávně-chráněnou-databází/,https://data.gov.cz/podmínky-užití/není-chráněna-zvláštním-právem-pořizovatele-databáze/,https://data.gov.cz/podmínky-užití/obsahuje-osobní-údaje/
HLAVNÍ MĚSTO PRAHA,3,http://opendata.iprpraha.cz/,http://opendata.iprpraha.cz/,http://opendata.iprpraha.cz/,https://data.gov.cz/podmínky-užití/není-specifikováno-zda-obsahuje-osobní-údaje/
Olomoucký kraj,3,https://data.gov.cz/podmínky-užití/neobsahuje-autorská-díla/,https://data.gov.cz/podmínky-užití/není-autorskoprávně-chráněnou-databází/,https://data.gov.cz/podmínky-užití/není-chráněna-zvláštním-právem-pořizovatele-databáze/,https://data.gov.cz/podmínky-užití/neobsahuje-osobní-údaje/
Úřad vlády České republiky,3,https://data.gov.cz/podmínky-užití/neobsahuje-autorská-díla/,https://data.gov.cz/podmínky-užití/není-autorskoprávně-chráněnou-databází/,https://data.gov.cz/podmínky-užití/není-chráněna-zvláštním-právem-pořizovatele-databáze/,https://data.gov.cz/podmínky-užití/obsahuje-osobní-údaje/
Město Vrchlabí,2,https://data.gov.cz/podmínky-užití/neobsahuje-autorská-díla/,https://data.gov.cz/podmínky-užití/není-autorskoprávně-chráněnou-databází/,https://data.gov.cz/podmínky-užití/není-chráněna-zvláštním-právem-pořizovatele-databáze/,https://data.gov.cz/podmínky-užití/neobsahuje-osobní-údaje/
Jihočeský kraj,2,https://data.gov.cz/podmínky-užití/neobsahuje-autorská-díla/,https://data.gov.cz/podmínky-užití/není-autorskoprávně-chráněnou-databází/,https://data.gov.cz/podmínky-užití/není-chráněna-zvláštním-právem-pořizovatele-databáze/,https://data.gov.cz/podmínky-užití/neobsahuje-osobní-údaje/
ČESKÁ NÁRODNÍ BANKA,2,https://data.gov.cz/podmínky-užití/neobsahuje-autorská-díla/,https://data.gov.cz/podmínky-užití/není-autorskoprávně-chráněnou-databází/,https://data.gov.cz/podmínky-užití/není-chráněna-zvláštním-právem-pořizovatele-databáze/,https://data.gov.cz/podmínky-užití/neobsahuje-osobní-údaje/
Kraj Vysočina,2,https://data.gov.cz/podmínky-užití/neobsahuje-autorská-díla/,https://data.gov.cz/podmínky-užití/není-autorskoprávně-chráněnou-databází/,https://data.gov.cz/podmínky-užití/není-chráněna-zvláštním-právem-pořizovatele-databáze/,https://data.gov.cz/podmínky-užití/neobsahuje-osobní-údaje/
Moravskoslezský kraj,2,https://data.gov.cz/podmínky-užití/neobsahuje-autorská-díla/,https://data.gov.cz/podmínky-užití/není-autorskoprávně-chráněnou-databází/,https://data.gov.cz/podmínky-užití/není-chráněna-zvláštním-právem-pořizovatele-databáze/,https://data.gov.cz/podmínky-užití/neobsahuje-osobní-údaje/
Ministerstvo dopravy,2,https://data.gov.cz/podmínky-užití/neobsahuje-autorská-díla/,https://data.gov.cz/podmínky-užití/není-autorskoprávně-chráněnou-databází/,https://data.gov.cz/podmínky-užití/není-chráněna-zvláštním-právem-pořizovatele-databáze/,https://data.gov.cz/podmínky-užití/obsahuje-osobní-údaje/
Český statistický úřad,2,https://www.czso.cz/csu/czso/podminky_pro_vyuzivani_a_dalsi_zverejnovani_statistickych_udaju_csu,https://www.czso.cz/csu/czso/podminky_pro_vyuzivani_a_dalsi_zverejnovani_statistickych_udaju_csu,https://www.czso.cz/csu/czso/podminky_pro_vyuzivani_a_dalsi_zverejnovani_statistickych_udaju_csu,https://data.gov.cz/podmínky-užití/není-specifikováno-zda-obsahuje-osobní-údaje/
HLAVNÍ MĚSTO PRAHA,1,http://www.czgbc.org/certifikace/registry-of-certified-building,http://www.czgbc.org/certifikace/registry-of-certified-building,http://www.czgbc.org/certifikace/registry-of-certified-building,https://data.gov.cz/podmínky-užití/není-specifikováno-zda-obsahuje-osobní-údaje/
HLAVNÍ MĚSTO PRAHA,1,http://www.elektrarny.pro/kontakt.php,http://www.elektrarny.pro/kontakt.php,http://www.elektrarny.pro/kontakt.php,https://data.gov.cz/podmínky-užití/není-specifikováno-zda-obsahuje-osobní-údaje/
HLAVNÍ MĚSTO PRAHA,1,http://www.hristepraha.cz/o-projektu,http://www.hristepraha.cz/o-projektu,http://www.hristepraha.cz/o-projektu,https://data.gov.cz/podmínky-užití/není-specifikováno-zda-obsahuje-osobní-údaje/
HLAVNÍ MĚSTO PRAHA,1,http://www.lhmp.cz/eko/navrat-vcel-do-prazskych-lesu/rozmisteni-nasich-vcelnic-po-praze/,http://www.lhmp.cz/eko/navrat-vcel-do-prazskych-lesu/rozmisteni-nasich-vcelnic-po-praze/,http://www.lhmp.cz/eko/navrat-vcel-do-prazskych-lesu/rozmisteni-nasich-vcelnic-po-praze/,https://data.gov.cz/podmínky-užití/není-specifikováno-zda-obsahuje-osobní-údaje/
Moravskoslezský kraj,1,http://www.msk.cz/cz/verejna_sprava/informace-o-podminkach-uziti-datove-sady-73496/,http://www.msk.cz/cz/verejna_sprava/informace-o-podminkach-uziti-datove-sady-73496/,http://www.msk.cz/cz/verejna_sprava/informace-o-podminkach-uziti-datove-sady-73496/,https://data.gov.cz/podmínky-užití/není-specifikováno-zda-obsahuje-osobní-údaje/
Český úřad zeměměřický a katastrální,1,https://creativecommons.org/licenses/by/4.0/,https://creativecommons.org/licenses/by/4.0/,https://geoportal.cuzk.cz/zakazky/SPH/SPH_SHP_JTSK.zip,https://data.gov.cz/podmínky-užití/neobsahuje-osobní-údaje/
Nejvyšší kontrolní úřad,1,https://creativecommons.org/publicdomain/zero/1.0/,https://creativecommons.org/publicdomain/zero/1.0/,https://creativecommons.org/publicdomain/zero/1.0/,https://data.gov.cz/podmínky-užití/není-specifikováno-zda-obsahuje-osobní-údaje/
Karlovarský kraj,1,https://data.gov.cz/podmínky-užití/neobsahuje-autorská-díla/,https://data.gov.cz/podmínky-užití/není-autorskoprávně-chráněnou-databází/,https://creativecommons.org/publicdomain/zero/1.0/,https://data.gov.cz/podmínky-užití/neobsahuje-osobní-údaje/
Institut umění - Divadelní ústav,1,https://data.gov.cz/podmínky-užití/neobsahuje-autorská-díla/,https://data.gov.cz/podmínky-užití/není-autorskoprávně-chráněnou-databází/,https://data.gov.cz/podmínky-užití/není-chráněna-zvláštním-právem-pořizovatele-databáze/,https://data.gov.cz/podmínky-užití/neobsahuje-osobní-údaje/
Státní ústav pro kontrolu léčiv,1,https://data.gov.cz/podmínky-užití/neobsahuje-autorská-díla/,https://data.gov.cz/podmínky-užití/není-autorskoprávně-chráněnou-databází/,https://data.gov.cz/podmínky-užití/není-chráněna-zvláštním-právem-pořizovatele-databáze/,https://data.gov.cz/podmínky-užití/obsahuje-osobní-údaje/
HLAVNÍ MĚSTO PRAHA,1,https://pid.cz/opendata/,https://pid.cz/opendata/,https://pid.cz/opendata/,https://data.gov.cz/podmínky-užití/není-specifikováno-zda-obsahuje-osobní-údaje/
"Ministerstvo školství, mládeže a tělovýchovy",1,https://rejstriky.msmt.cz/opendata/metadata/podminky-uziti.html,https://rejstriky.msmt.cz/opendata/metadata/podminky-uziti.html,https://rejstriky.msmt.cz/opendata/metadata/podminky-uziti.html,https://data.gov.cz/podmínky-užití/není-specifikováno-zda-obsahuje-osobní-údaje/
Ministerstvo vnitra,1,https://smlouvy.gov.cz/stranka/otevrena-data,https://smlouvy.gov.cz/stranka/otevrena-data,https://smlouvy.gov.cz/stranka/otevrena-data,https://data.gov.cz/podmínky-užití/není-specifikováno-zda-obsahuje-osobní-údaje/
