klíčové_slovo,počet_datových_sad
Katastrální parcely,112081
pozemek,93313
"nemovitost, nemovitá věc",93290
katastrální parcela,91029
hranice,84779
informační systém katastru nemovitostí (ISKN),84762
parcela,84236
Adresy,83233
hranice parcely,78502
digitalizovaná katastrální mapa,65425
digitální katastrální mapa,65425
katastr nemovitostí (KN),65425
katastr nemovitostí ČR,65425
katastrální mapa,65425
"definiční bod, reprezentační bod, centroid",57456
katastrální území,53478
Katastrální pracoviště (KP),52348
"Registr územní identifikace, adres a nemovitostí (RÚIAN)",50227
obec,43971
městský obvod/městská část (MOMC),43964
adresní místo,43962
"geografická informace, geoinformace, geoprostorová informace",38674
ulice,37583
část obce,37575
adresa,37571
městský obvod v Praze (MOP),37567
"geografický značkovací jazyk (GML), značkovací jazyk geografie",32415
volební okrsek,31445
městská část,31317
Budovy,31309
stavební objekt,31308
parcelní číslo,26154
Správní jednotky,25051
základní sídelní jednotka,25047
"geografické jméno, zeměpisné jméno, geonymum",19338
kraj,18802
obec s pověřeným obecním úřadem (POU),18790
obec s rozšířenou působností (ORP),18790
region soudržnosti,18790
správní obvod v Praze (SOP),18788
stát,18788
poštovní směrovací číslo (PSČ),18786
budova,18784
evidenční číslo budovy,18781
popisné číslo budovy,18781
číslo domovní,18781
bodové pole,13077
chráněná zóna,13077
chráněné území geodetického bodu,13077
další prvky mapy,13077
doplněk polohopisu,13077
geodetický bod,13077
geometrický plán,13077
jiné budovy,13077
mapová značka,13077
oblouková geometrie,13077
podrobné polohové bodové pole (PPBP),13077
původní geometrie,13077
vnitřní kresba,13077
věcné břemeno,13077
základní polohové bodové pole (ZPBP),13077
okres,12536
vyšší územní samosprávný celek (VÚSC),12528
místní samosprávné jednotky (LAU),12526
nomenklatura územních statistických jednotek (NUTS),12526
územně správní jednotka,12525
orientační číslo budovy,12522
písmeno čísla orientačního,12522
definiční čára ulice,12521
Informační systém územní identifikace (ISÚI),12520
vlastnictví,8529
vlastník nemovitosti,8529
Statistické jednotky,6397
region NUTS,6264
správní hranice,6263
informační systém základních registrů,6262
podlaží,6259
technicko-ekonomické atributy,6259
část budovy,6259
Platný,1960
Úplný,1960
ÚPV,912
Praha,772
Ostrava,606
Ústí nad Labem,594
vzory,590
Brno,563
Hradec Králové,552
Plzeň,522
číselník,519
České Budějovice,494
ČSÚ,354
2016,323
2017,322
Ochranné,322
známky,322
patenty,316
užitné,316
vynálezy,316
2018,311
2019,284
volby,284
Průmyslové,274
2021,272
2020,270
2015,264
2014,260
výsledky voleb,258
Akciová společnost,238
Družstvo,238
Komanditní společnost,238
Nadace,238
Nadační fond,238
Odštěpný závod zahraniční právnické osoby,238
Příspěvková organizace,238
Společenství vlastníků jednotek,238
Společnost s ručením omezeným,238
Veřejná obchodní společnost,238
Ústav,234
Spolek,220
vazba,216
Evropská společnost,214
2013,210
2012,206
2010,204
2011,204
2009,202
2008,198
2007,190
2005,187
2006,186
FIN,175
FIN,175
zastupitelstva krajů,164
Odborová organizace,148
Zájmové sdružení právnických osob,130
Zahraniční fyzická osoba,128
Pobočný spolek,114
Organizace zaměstnavatelů,112
finance,104
Evropské hospodářské zájmové sdružení,98
Poslanecká sněmovna,98
statistika,98
rozpočet,92
DPB,84
farmer's blocks,84
LPIS,83
MZE,83
LPIS,83
MZE,83
EVP,77
OPV,77
PB,77
ecologically important elements,77
soil blocks,77
vineyards,77
Příloha,75
faktury,75
Notes to Financial Statements,75
dotace,73
Organizační složka zahraniční nadace,68
EDAS,60
OSS,59
OSS,59
FIN 1-12,58
FIN 1-12 OSS,58
FIN 1-12 OSS - Plnění rozpočtu KAP a OSS,58
FIN 1-12,58
FIN 1-12 OSS,58
FIN 1-12 OSS - Budget Fulfillment of CHAP and OSS,58
FIN 1-12 SF,57
FIN 1-12 SF - Plnění rozpočtu SF,57
SF,57
FIN 1-12 SF,57
FIN 1-12 SF - Budget Fulfillment of SF,57
SF,57
covid-19,54
grants,53
FIN 2-12 M,48
FIN 2-12 M - Plnění rozpočtu ÚSC,48
rozpočet ÚSC,48
FIN 2-12 M,48
FIN 2-12 M - Budget Fulfillment of LGU,48
Organizační složka zahraničního nadačního fondu,46
koronavirus,46
code list,45
státní pokladna,44
účetní data,44
accounting data,44
budget,44
state treasury,44
doprava,42
výroční zpráva,42
master data,42
Copernicus,38
Rozvaha,38
Výkaz zisku a ztráty,38
Výsledovka,38
bez autorizace,38
Balance Sheet,38
Copernicus,38
P&L,38
Profit and Loss,38
Profit and Loss Statement,38
web service,38
obce,37
data service,37
základní sídelní jednotky,36
datová služba,35
okresy,35
webová služba,35
without authorization,34
registr práv a povinností,33
rpp,33
vzdělávání,33
kraje,31
IS VaVaI,30
elektronické komunikace,30
ČŠI,29
faktura,28
smlouva,28
Česká školní inspekce,28
školský zákon,27
Evropská družstevní společnost,26
inspekční činnost,26
Faktury,25
Finance,25
důchodové pojištění,25
vodní hospodářství,25
životní prostředí,25
water management,25
Národní,24
klasifikace produkce,24
rejstřík,24
školství,24
objednávky,23
základní územní jednotky,23
školy,23
cenová mapa,21
Krajinný pokryv,20
městské části,20
zaměstnanci,20
National,20
Bohumín,19
geologie,19
hydrogeologie,19
očkování,19
predikce,19
Land cover,19
AOPK ČR,18
klasifikace vzdělání,18
územně technická jednotka,18
Cadastral Parcels,18
municipality,18
UKZUZ,17
ZŠ,17
databáze,17
důchodová ročenka,17
stavební pozemek,17
státní občanství,17
základní škola,17
část obce díl,17
Addresses,17
"The register of territorial identification, addresses and real estates (RÚIAN)",17
UKZUZ,17
georiziko,16
inženýrská geologie,16
klasifikace ekonomických činností,16
makroekonomika,16
veřejná doprava,16
výkazy,16
ISoSS,15
MŠ,15
Památky,15
klasifikace územních statistických jednotek,15
obce s rozšířenou působností,15
pověřené obecní úřady,15
vakcinace,15
školská zařízení,15
SŠ,14
cizinec,14
hospodaření,14
smlouvy,14
střední škola,14
codelist,14
finance,14
"plot (of land), parcel (of land), plat (US)",14
town district (MOMC),14
FIN SPO,13
FIN SPO - Plnění rozpočtu,13
NKÚ,13
SPO,13
ceny,13
daň,13
mateřská škola,13
období 12/2019,13
odpad,13
rádiové spektrum,13
statutární města,13
FIN SPO,13
FIN SPO - Budget Fulfillment of SPO,13
SPO,13
address point,13
cadastral parcel,13
period 12/2019,13
CF,12
Chráněné území,12
FIN 2-04 U,12
FIN 2-04 U - Plnění rozpočtu KAP,12
Land Monitoring Service,12
OSS a SF (2010 - 2014),12
Přehled o změnách vlastního kapitálu,12
Přehled peněžních toků,12
ZÚR,12
daně,12
krajské hygienické stanice,12
období 12/2015,12
období 12/2016,12
období 12/2017,12
období 12/2018,12
okres Ostrava-město,12
peněžní toky,12
poštovní služby,12
sport,12
vlastní kapitál,12
výdaje,12
věk,12
CF,12
Cashflow,12
Changes in Equity,12
FIN 2-04 U,12
FIN 2-04 U - Budget Fulfillment of CHAP,12
Land Monitoring Service,12
OSS and SF (2010-2014) (2010 - 2014),12
Statement of Cashflow,12
Statement of Changes in Equity,12
address,12
period 12/2015,12
period 12/2016,12
period 12/2017,12
period 12/2018,12
CORINE Land Cover,11
Monitoring obcí,11
Senát Parlamentu ČR,11
ekonomika,11
komunikace,11
mobilní sítě,11
monitoring,11
nemocenské pojištění,11
období 12/2012,11
období 12/2013,11
období 12/2014,11
personální ukazatele,11
správní obvody Prahy,11
Číselník,11
CORINE Land Cover,11
Municipalities monitoring,11
cadastre unit,11
district of Prague (MOP),11
election district,11
monitoring,11
part of municipality,11
period 12/2012,11
period 12/2013,11
period 12/2014,11
thoroughfare,11
CzechPOINT,10
Schválení účetní závěrky,10
agendy,10
maloobchodní služby,10
období 12/2010,10
období 12/2011,10
období 12/2020,10
prokázaná nákaza,10
sociální služby,10
třídník zboží,10
veřejné zakázky,10
vodní toky,10
výpis,10
zpravodajské jednotky SOP,10
zákon č. 127/2005 Sb.,10
ÚZ,10
účetní závěrka,10
škola,10
Accounting statement,10
Administrative units,10
Approval,10
Approval of accounting statements,10
Buildings,10
boundary,10
building object,10
"centroid, centroid point, label point",10
period 12/2010,10
period 12/2011,10
period 12/2020,10
"plot, lot, land",10
watercourses,10
RDM,9
VaVaI,9
bydlení,9
cyklistika,9
hospitace,9
hospitační záznam,9
klasifikace institucionálních sektorů a subsektorů,9
klasifikace stavebních děl,9
klasifikace zaměstnání,9
kontaminace,9
městské obvody Prahy,9
pohlaví,9
učitel,9
učitelka,9
"výzkum, experimentálni vývoj a inovace",9
zeleň,9
RDM,9
"immovables, real estate, real property",9
information system of the cadastre of real estates,9
BTEX,8
GPS,8
NEL,8
OFN,8
PAU,8
administrativní hranice,8
hdp,8
internet,8
laboratoře,8
matriční úřady,8
označování zboží,8
pohyb obyvatel,8
výplata důchodů,8
xylen,8
zastupitelstvo,8
zdravotnický prostředek,8
ředitel školy,8
authorized municipality,8
basic settlement unit,8
cohesion region,8
municipality with extended powers,8
public contracts,8
schools,8
social services,8
JERRS,7
MHD,7
Plzeňský kraj,7
Seznamy regulovaných a registrovaných subjektů,7
bytový fond,7
celá čr,7
dopravní přestupky,7
kontrola NKÚ,7
kontroly,7
migrace,7
nezaměstnanost,7
období 03/2015,7
období 03/2016,7
období 03/2017,7
období 03/2018,7
období 03/2019,7
období 03/2020,7
období 03/2021,7
období 06/2015,7
období 06/2016,7
období 06/2017,7
období 06/2018,7
období 06/2019,7
období 06/2020,7
období 06/2021,7
období 09/2015,7
období 09/2016,7
období 09/2017,7
období 09/2018,7
období 09/2019,7
období 09/2020,7
ochranné prostředky,7
oprávnění,7
parkování,7
pid,7
postavení v zaměstnání,7
počet obyvatel,7
pracovní neschopnost,7
příroda,7
radiokomunikační služby,7
seznam,7
správní rozhodnutí,7
verejny LPIS,7
vyplacené dávky,7
výškopis,7
zdravotnické prostředky,7
zemřelí,7
zákon č. 130/2002 Sb.,7
ČNB,7
Česká národní banka,7
ředitelka školy,7
administrative district in Prague,7
boundary of a parcel,7
country,7
covid-19,7
district,7
period 03/2015,7
period 03/2016,7
period 03/2017,7
period 03/2018,7
period 03/2019,7
period 03/2020,7
period 03/2021,7
period 06/2015,7
period 06/2016,7
period 06/2017,7
period 06/2018,7
period 06/2019,7
period 06/2020,7
period 06/2021,7
period 09/2015,7
period 09/2016,7
period 09/2017,7
period 09/2018,7
period 09/2019,7
period 09/2020,7
plant protection products,7
"postal code, zip code",7
protective equipment,7
public LPIS,7
region,7
the whole czech republic,7
EPH,6
IO,6
IČO,6
Kultura,6
Olomouc,6
PCB,6
evidence pripravku a hnojiv,6
exekuční srážka,6
hlasování,6
hloubka podzemní vody,6
incidence,6
individuální oprávnění,6
kapacita,6
klasifikace funkcí vládních institucí,6
lůžko,6
období 03/2013,6
období 03/2014,6
období 06/2013,6
období 06/2014,6
období 09/2013,6
období 09/2014,6
obecní byt,6
očkovací látka,6
očkovací místo,6
památný strom,6
platy,6
pracovní místa,6
právní forma,6
příjmy,6
registr de minimis,6
registr podpor maleho rozsahu,6
regulace,6
rozhlasové vysílání,6
rozvoj,6
služba veřejné správy,6
sportoviště,6
stanice,6
strany,6
stěhování,6
sčítání,6
univerzální služba,6
vodní tok,6
volební okrsky,6
úmrtí,6
číselníky,6
širokopásmový přístup,6
EPH,6
cadastral map digitized from an analogue map,6
"cadastral map, cadastre map",6
cadastre of real estate of the Czech Republic,6
de minimis registry,6
digital cadastral map,6
higher territorial self-governing unit (VÚSC),6
invoice,6
jobs,6
period 03/2013,6
period 03/2014,6
period 06/2013,6
period 06/2014,6
period 09/2013,6
period 09/2014,6
"real estate cadastre, cadastre of real estate",6
small scale aid registry,6
Cestovní ruch,5
ClU,5
High Resolution Layers,5
NKP,5
SLDB,5
akce,5
benzen,5
celkový přírůstek,5
daňové přiznání,5
detailní popisy služeb,5
dosažitelný uchazeč o práci,5
ethylbenzen,5
finanční úřady,5
hřbitov,5
investice,5
katalog služeb,5
klasifikace neziskových institucí,5
kmitočty,5
kontrola,5
kontrolní akce,5
mechanická měna,5
mechanický pohyb,5
mobiliář,5
narození,5
obyvatelstvo,5
odběry,5
online dispečink intenzivní péče,5
opendata,5
organizace,5
osnova popisu úkonů orgánu veřejné moci,5
osy vodních toků,5
pasport,5
podnikatelé,5
podíl nezaměstnaných,5
popis,5
poplatky,5
populace,5
povodeň,5
práce,5
přehled,5
přirozená měna,5
přirozený pohyb,5
přistěhovalí,5
přístrojová technika,5
rozhlas,5
rozhodnutí,5
silnice,5
souřadnicová síť,5
spotřebitelský úvěr,5
stav obyvatel,5
strom,5
střední stav obyvatel,5
sítě,5
toluen,5
turistika,5
uchazeč o práci,5
usnesení,5
vodní nádrže,5
vyhláška 515/2020,5
vypouštění,5
vystěhovalí,5
výše dávek,5
zaměstnanost,5
zaměstnavatelé,5
zastávky,5
zdravotnické zařízení,5
země,5
zonace,5
zpráva o plnění povinnosti,5
územní identifikace,5
územní plán,5
účetnictví,5
úřední deska,5
Česká republika,5
živě narození,5
Cadastral Branch Office (KP),5
High Resolution Layers,5
building,5
"geographical information, geoinformation, geospatial information",5
house number,5
"house number, building number",5
local self-government units (LAU),5
nomenclature of territorial units for statistics (NUTS),5
registration number (of country cottage),5
unit of territorial administration,5
water consumption,5
water drainage,5
water reservoirs,5
watercourse axes,5
API,4
CHKO,4
IZR,4
KAM,4
LTE,4
NNO,4
NP,4
OSVČ,4
Otevřená data,4
Q100,4
Q20,4
Q5,4
RES,4
SDG,4
VZCHÚ,4
Zeměpisné soustavy souřadnicových sítí,4
aktivní zóna,4
cena,4
chráněné ložiskové území,4
cycling,4
distribuce,4
dobývací prostor,4
dopravní infrastruktura,4
eagri,4
esif,4
geodata,4
geoprostorová informace,4
hospitalizace,4
hrob,4
hřiště,4
integrovany zemedelsky registr,4
invalidita,4
jednotka,4
kalendář,4
katalog,4
kniha doručených faktur,4
krajská města,4
ložisko,4
majetek,4
majetek státu,4
mapování,4
mimorozpočtové prostředky,4
ministerstvo zemědělství,4
město,4
naděje dožití,4
nařízení EU o Jednotné digitální bráně,4
nemovitost,4
nestátní nezisková organizace,4
náklady,4
národní park,4
opatření,4
organizační statistika,4
pasport geologie,4
pes,4
pevné sítě,4
podpora,4
podzemní voda,4
provozovny,4
právnické osoby,4
průzkumné území,4
public transport,4
registr ekonomických subjektů,4
rychlotesty,4
sanace,4
stromořadí,4
suroviny nerostné,4
turistické oblasti,4
turistické regiony,4
tříděný odpad,4
uložené povinnosti,4
urbanismus,4
vegetace,4
velkoobchodní služby,4
voda,4
vodstvo,4
vyhláška,4
vyléčení,4
věková struktura,4
zařízení,4
základní školy,4
záplavová území,4
Školy,4
IZR,4
administrative boundaries,4
eagri,4
esif,4
geography markup language (GML),4
house orientation number,4
integrated agricultural registry,4
letter of house orientation number,4
ministry of agriculture,4
unit,4
 RIV,3
C10,3
C10-C40,3
C40,3
CEA,3
CIU,3
Cizinec,3
Deepview,3
EU,3
GSM,3
HG objekt,3
IDOL,3
IS DP,3
IZS,3
KORID,3
MPO,3
MTVÚ,3
NGA,3
Natura 2000,3
O2,3
OD,3
OMI,3
Odbor správních činností,3
Organizační struktura,3
Počet obyvatel,3
Průzkum,3
RÚIAN,3
SMS,3
SO ORP,3
Služební úřad,3
T-mobile,3
TK,3
UMTS,3
UNESCO,3
VO,3
Zdravotnictví,3
alej,3
architektura,3
bezbariérovost,3
biking,3
biologické prvky,3
broadband,3
budovy,3
chlorované uhlovodíky,3
chovatel,3
ciselnik plodin,3
cyklo,3
cyklodoprava,3
dary,3
datova sluzba,3
datová sada,3
datový slovník,3
diagnózy,3
digitální,3
divadlo,3
dražby,3
dávka nemocenského pojištění,3
děti,3
ekologie,3
ekonomické zóny,3
evidence,3
fenoly,3
finanční úřad,3
fondy,3
geografické zóny,3
geonomenklatura,3
herny,3
hladina,3
hlasové služby,3
hydrologický objekt,3
informace,3
inkaso,3
jednotky věku,3
kandidáti,3
kasina,3
klad,3
koleje,3
kombinovaná nomenklatura,3
komunální odpad,3
koncentrace,3
kontejnery,3
kultura,3
les,3
list,3
mapa,3
mapový list,3
mateřské školy,3
mze,3
měny,3
městská policie,3
nebožtík,3
nebytové prostory,3
nebytový prostor,3
nehody,3
nepolární extrahovatelné látky,3
návštěvnost,3
období 01/2020,3
období 02/2020,3
období 02/2021,3
období 04/2020,3
období 05/2020,3
období 05/2021,3
období 08/2020,3
období 08/2021,3
období 10/2020,3
období 11/2020,3
obec s rozšířenou působností,3
objekty na vodních tocích,3
odběr,3
odměny,3
odpady,3
okres Benešov,3
okres Beroun,3
okres Blansko,3
okres Brno-město,3
okres Brno-venkov,3
okres Bruntál,3
okres Břeclav,3
okres Cheb,3
okres Chomutov,3
okres Chrudim,3
okres Domažlice,3
okres Děčín,3
okres Frýdek-Místek,3
okres Havlíčkův Brod,3
okres Hodonín,3
okres Hradec Králové,3
okres Jablonec nad Nisou,3
okres Jeseník,3
okres Jihlava,3
okres Jindřichův Hradec,3
okres Jičín,3
okres Karlovy Vary,3
okres Karviná,3
okres Kladno,3
okres Klatovy,3
okres Kolín,3
okres Kroměříž,3
okres Kutná Hora,3
okres Liberec,3
okres Litoměřice,3
okres Louny,3
okres Mladá Boleslav,3
okres Most,3
okres Mělník,3
okres Nový Jičín,3
okres Nymburk,3
okres Náchod,3
okres Olomouc,3
okres Opava,3
okres Pardubice,3
okres Pelhřimov,3
okres Plzeň-jih,3
okres Plzeň-město,3
okres Plzeň-sever,3
okres Prachatice,3
okres Praha-východ,3
okres Praha-západ,3
okres Prostějov,3
okres Písek,3
okres Přerov,3
okres Příbram,3
okres Rakovník,3
okres Rokycany,3
okres Rychnov nad Kněžnou,3
okres Semily,3
okres Sokolov,3
okres Strakonice,3
okres Svitavy,3
okres Tachov,3
okres Teplice,3
okres Trutnov,3
okres Tábor,3
okres Třebíč,3
okres Uherské Hradiště,3
okres Vsetín,3
okres Vyškov,3
okres Zlín,3
okres Znojmo,3
okres Ústí nad Labem,3
okres Ústí nad Orlicí,3
okres Česká Lípa,3
okres České Budějovice,3
okres Český Krumlov,3
okres Šumperk,3
okres Žďár nad Sázavou,3
omezení,3
petrografie,3
plošná mapa,3
podmínky financování,3
pojištěnci,3
pokrytí infrastrukturou,3
pokrytí signálem,3
policie,3
polychlorované bifenyly,3
polycyklické aromaticé uhlovodíky,3
poskytovatel,3
potvrzené případy,3
poštovní zásilky,3
praha 5,3
praha5,3
prevalence,3
program,3
program na podporu projektů,3
pronájem,3
práva a povinnosti,3
předání působnosti,3
přestupek,3
přístupnost,3
příčné překážky,3
regulativa,3
rejstřík informací o výsledcích,3
rezervace,3
seznam výrobků,3
silniční zeleň,3
skupina stromů,3
sonda,3
správce,3
správní,3
spádovost,3
stavební zákon,3
stratigrafie,3
studna,3
stížnosti,3
střední délka života,3
sázkové kanceláře,3
technické prvky,3
testy,3
tetování,3
tržby,3
těžké kovy,3
ubytovací zařízení,3
ukazatele,3
ustálená hladina,3
velkoobchodní ceny,3
veřejná správa,3
veřejné prostranství,3
volací značky,3
vrt,3
vrtná prozkoumannost,3
vyměřovací základ,3
vysokorychlostní přístup k internetu,3
vzdělání,3
výsledek,3
věková skupina,3
všeobecné oprávnění,3
webova sluzba,3
zastávka,3
zesnulý,3
zákaz,3
základní služby,3
zápis,3
záznam,3
zóna,3
úmrtnostní tabulky,3
území,3
účel spotřeby,3
úřad,3
čip,3
čipování,3
členění,3
část,3
železnice,3
NUTS region,3
RDM ,3
Statistical units,3
administrative boundary,3
crops code list,3
definition line of the street,3
"geonym, geographical name",3
information system of territorial identification (ISÚI),3
mze,3
objects on watercourses,3
orders,3
period 01/2020,3
period 02/2020,3
period 02/2021,3
period 04/2020,3
period 05/2020,3
period 05/2021,3
period 08/2020,3
period 08/2021,3
period 10/2020,3
period 11/2020,3
transverse obstacles ,3
without autorization,3
BMO,2
CEP,2
Evropský parlament,2
GET DPB,2
Hroby,2
ISOOS,2
Informačního systému odboru osiv a sadby,2
JPV,2
Jihočeský kraj,2
Jiné právnické osoby,2
MZCHÚ,2
Maloobchod,2
Mezinárodní odborová organizace,2
Mzda,2
NPP,2
NPR,2
Neziskové organizace,2
Non-profit,2
Nástroj,2
OOP,2
OP,2
ORP,2
PCE,2
POR,2
PP,2
PR,2
RVIN,2
SLOZN,2
TCE,2
TIC,2
VOŠ,2
VTA,2
Veřejná doprava,2
Vodafone,2
Výrobní a průmyslová zařízení,2
ZEK,2
administrativní jednotka,2
agentury práce,2
alkohol,2
analýza riziková,2
antény,2
aplikace,2
arboretum,2
atlas přístupnosti,2
bezpečnost,2
bike,2
bike traffic,2
biosféra,2
biotop,2
brownfield,2
brýle,2
budování přístupových sítí,2
buildings,2
byty,2
call centrum,2
cena pozemku,2
centrální evidence projektů,2
cestovní ruch,2
chodníky,2
chráněná krajinná oblast,2
chráněný,2
chytré lavičky,2
cis-DCE,2
ciselnik hnojiv,2
cyklostezka,2
demografie,2
dezinfekce,2
distribuce očkovacích látek,2
domácnost,2
dovoz,2
dph,2
dpz,2
druh,2
druh elektronického zařízení,2
druh zemědělské plodiny,2
druhy,2
družice,2
držitel poštovní licence,2
dílčí služby,2
dětská hřiště,2
dřeviny,2
eOBS,2
economy,2
eet,2
ekodotace,2
ekonomický subjekt,2
emise,2
evropský parlament,2
firmy,2
fluktuace,2
fyzické osoby,2
generalizovaná mapa,2
handicapovaný,2
help,2
hendikepovaný,2
hotely,2
hranice územní správní jednotky,2
hranice ČR,2
hranice České republiky,2
hrobové místo,2
hromadná doprava,2
hrubá přidaná hodnota,2
informační technologie,2
insolvence,2
intenzita,2
invalida,2
jízdní řády,2
kandidátní listiny,2
kandidátních listiny,2
katastr,2
katastralní území,2
kategorie,2
kolo,2
komise,2
koše,2
kvalita,2
kvazigeoid,2
lampy,2
lesní dřeviny,2
letecká pohyblivá služba,2
linky,2
lékárna,2
maloobchodní ceny,2
mapa přístupnosti,2
maximální ceny,2
meteostanice,2
metropolitan area,2
metropolitní oblast,2
mhd,2
mobiliář města,2
muzeum,2
měřicí jednotky,2
nabídka práce,2
nadmořská výška (H),2
nemoci,2
nemocnice,2
nezisk,2
neziskovky,2
non-profit organizations,2
nádoby,2
námitky,2
námořní pohyblivá služba,2
národní přírodní památka,2
národní přírodní rezervace,2
období 01/2018,2
období 01/2019,2
období 01/2021,2
období 02/2018,2
období 02/2019,2
období 04/2018,2
období 04/2019,2
období 04/2021,2
období 05/2018,2
období 05/2019,2
období 07/2018,2
období 07/2019,2
období 07/2020,2
období 07/2021,2
období 08/2018,2
období 08/2019,2
období 09/2021,2
období 10/2018,2
období 10/2019,2
období 11/2018,2
období 11/2019,2
oblast riziková,2
oblasti,2
obor,2
občanský průkaz,2
občanství,2
ochrana přírody,2
ochranná pásma,2
ochranné oděvy,2
ochranné pásmo,2
ochranný materiál,2
odběrové sady,2
odměňování,2
odpadové hospodářství,2
odvolání,2
okrsková data,2
olomouc,2
omezená schopnost pohybu,2
omi,2
opatření obecné povahy,2
opravné prostředky,2
orgán veřejné moci,2
osoby s omezenou schopností pohybu,2
osvětlení,2
otevřené služby nad prostorovými daty,2
ověřování,2
označníky,2
papír,2
park,2
parking,2
parkovani,2
parky,2
petice,2
pevná služba,2
pitná voda,2
plodina,2
pocitová mapa,2
podlažnost,2
podnik s významnou tržní silou,2
podnikání,2
podání,2
pohledávky,2
pojištění,2
pole,2
poliklinika,2
politika,2
pomoc,2
popelnice,2
poplatek,2
populační census,2
počet přenocování,2
počet turistů,2
počet zaměstnanců,2
počet zemřelých,2
poštovní trh,2
pošty,2
pracoviště,2
prezident,2
pripravky na ochranu rostlin,2
projekt,2
projekty,2
provedené testy,2
provoz,2
průmysl,2
průměrná mzda,2
public transit,2
příděly,2
příjemce,2
přírodní památka,2
přírodní rezervace,2
příspěvkové organizace,2
recyklace,2
region,2
registr,2
registr vinic,2
registry,2
reprofilizovaná kapacita,2
respirátory,2
riziko,2
roaming,2
routes,2
roušky,2
rovinná pravoúhlá souřadnicová síť,2
rukavice,2
rychlost,2
rádio,2
savec,2
sdílená,2
sesuv,2
seznam DPB,2
sklo,2
služba,2
služby,2
sociální zabezpečení,2
soudní spory,2
spotřeba podle účelu,2
spotřebitelské ceny,2
správní jednotky,2
správní členění,2
stavba,2
stavební parcela,2
střechy,2
svahový pohyb,2
tabulka,2
tampóny,2
telefonní seznam,2
telefonní sítě,2
teplota,2
terminace,2
terén,2
tramvaj,2
transport,2
turism,2
turizmus,2
tvorba hrubého fixního kapitálu,2
typ podpory,2
ubytování,2
uchazeči,2
událost,2
události,2
ukončení volání,2
unp3,2
veřejné,2
veřejné konzultace,2
veřejné telefonní automaty,2
veřejný prostor,2
volby děčín,2
volná místa,2
volný čas,2
vozíčkář,2
vrstevnice,2
vybavení,2
vyjížďka,2
vysílače,2
využití výsledku,2
výbory,2
výstavba,2
vývoj,2
vývoz,2
výška,2
zahrady,2
zahraničí,2
zasakování,2
zdravotní problémy,2
zdraví,2
zemědělská plodina,2
zjištěná aktivita,2
zpráva,2
zvláštní ceny,2
zvláštní sociální potřeby,2
základní územní jednotka,2
zákon č. 29/2000 Sb.,2
zánik výplaty,2
závazné ukazatele,2
ÚSOP,2
údaj,2
údržba,2
územní plánování,2
územně analytické podklady,2
účetní jednotka,2
ČR,2
Česká školní inspekce ,2
černá-šedá-bílá místa,2
čisté náklady,2
školské zařízení,2
štíty,2
Elevation,2
GET DPB,2
Geographical grid systems,2
ISOOS,2
Instrument,2
Other legal entities,2
POR,2
RUIAN,2
RVIN,2
South Bohemian regional authority,2
accounting unit,2
administrative units,2
boundaries of CR,2
boundaries of the Czech Republic,2
chapter,2
code list of fertilizers,2
coordinate grid,2
districts,2
education,2
elevation,2
employment,2
employment agencies,2
entities,2
fertilizers,2
geoinformation,2
hydrography,2
indicators,2
information system of basic registers,2
information system of the department of seeds and seedlings,2
insolvency,2
land parcel number,2
legal entities,2
list of farmer's blocks,2
mandatory indicators,2
names,2
period 01/2018,2
period 01/2019,2
period 01/2021,2
period 02/2018,2
period 02/2019,2
period 04/2018,2
period 04/2019,2
period 04/2021,2
period 05/2018,2
period 05/2019,2
period 07/2018,2
period 07/2019,2
period 07/2020,2
period 07/2021,2
period 08/2018,2
period 08/2019,2
period 09/2021,2
period 10/2018,2
period 10/2019,2
period 11/2018,2
period 11/2019,2
quasigeoid,2
registry of vineyards,2
territorial unit,2
transport networks,2
vegetation,2
 DKM,1
 MŠ,1
 Odbor správních činností,1
 SGI,1
 SPI,1
 adresa,1
 adresní bod,1
 bydliště,1
 katastr. katastr nemovitostí,1
 majetek,1
 mateřská škola,1
 městský úřad,1
 odpadní vody,1
 parcely,1
 spádovost,1
 zápis,1
1:1000,1
1:2000,1
1:5000,1
2015-EU-IA-0031,1
3D model,1
ADSL,1
AOPK,1
ATC,1
AZZP,1
Accessibility Guide,1
Accessibility Map,1
Agenda,1
Aktivní organizace,1
Aktuality,1
Analytika,1
Architektura,1
Autobusy,1
BMIS,1
BRNO,1
Biomonitoring,1
Business and Economy,1
Business sectors in Brno,1
Bussiness in Brno,1
CATV,1
CDMA,1
CEDR,1
CEN,1
CIJUR,1
CIJZK,1
COFOG,1
CRAB,1
CYKLONEHODY,1
Centrální registr administrativních budov,1
Cestovní pas,1
Cizí jazyk,1
CollectR,1
Companies in Brno,1
Contours,1
"Cyklotrasy Jihomoravského kraje, Jihomoravský kraj",1
Cyklovýlety,1
DEM,1
DMP,1
DMT,1
DPNK,1
DPP,1
DRUHVZD,1
DRUHVZDA,1
DSM,1
DTM,1
Data ze Zásad územního rozvoje,1
Databáze obcí,1
Divadla,1
Dodávky léčivých přípravků do lékáren a zdravotnických zařízení 2019,1
Domy,1
Doprava,1
Dopravní situace,1
Dotace eu,1
Druh soudu,1
Druh ukazatele,1
Druh účetní jednotky,1
Druh řízení,1
EDS,1
EPH_GCP01E,1
ERP,1
EVL,1
EZP,1
Economy,1
Ekonomická aktivita,1
Ekonomika,1
Ekonomika Brna,1
Euroregion,1
FORMAVZD,1
FTTx,1
FWA,1
Filharmonie,1
Finanční místo,1
Firmy v Brně,1
Forma účetní jednotky,1
GMO,1
GO,1
GOC,1
GTFS,1
Galerie,1
HAREC,1
HDP,1
HPH,1
HS_U2,1
Hasiči,1
Historická data,1
Hrady,1
Hranka,1
Hrubý domácí produkt,1
IDS JMK,1
IDT,1
IRZ,1
IS,1
ISVS,1
IT,1
Index půdní vláhy,1
Infocentra,1
Inspekční elektronický systém,1
Interdisciplinární tým města Brna,1
Investiční akce,1
JIP,1
"Jihomoravský kraj, Maloplošná zvláště chráněná území ",1
KMČ,1
KN,1
Kapitola,1
Kapitola rozpočtu,1
Kategorie počtu obyvatel,1
Kina,1
Klasifikace funkcí vládních institucí COFOG,1
Klasifikace územních statistických jednotek,1
Klasifikace územních statistických jednotek NUTS,1
Knihovny,1
Komunikace,1
Kontrolní činnost,1
Kostely,1
Kriticky ohrožený druh,1
Kulturní domy,1
Kódy institucionálních sektorů a subsektorů,1
LLU,1
LP,1
LRC,1
Lanovky,1
Lesy,1
Letecké snímkování,1
Louky,1
Lékaři,1
Lítačka,1
M2M,1
MFCR,1
MMS,1
MONITOR,1
MOS,1
MP,1
Malé lesní prvky,1
Mariánské Hory,1
Masaryk University,1
Masarykova univerzita,1
Mateřská škola,1
Ministerstvo,1
Ministerstvo dopravy,1
Ministerstvo průmyslu a obchodu,1
Monitor,1
Moravskoslezský kraj,1
Muzea,1
Městský úřad Bohumín,1
MěÚ,1
NACE,1
NEHODY CHODCŮ,1
NKT,1
NOVICE,1
NUTS,1
Narození,1
Nařízení (ES) 166/2006,1
Nelékařský personál,1
Nepropustnost povrchu,1
NetMetr,1
Nezaměstnanost,1
Následná péče,1
Návštěvnost,1
OBSLU,1
OF,1
OFC,1
OFL,1
OFM,1
OK,1
OSPOD,1
OVM,1
Obec s pověřeným obecním úřadem,1
Obec s rozšířenou působností,1
Obor služby,1
Obyvatelstvo,1
Občanský průkaz,1
Ochrana ovzduší a klimatu,1
OpenData,1
Opevnění,1
Organizace,1
Organizační složky zahraničních právnických osob,1
Orgán veřejné moci,1
Ortofotosnímky,1
Osevní plocha,1
Osídlení,1
PARO,1
PCR test,1
PCR testy,1
PID,1
PIRLS,1
POV,1
PPk,1
PVRS,1
PVS,1
PVS příjmy,1
PVS příjmy a PVS výdaje,1
PVS výdaje,1
Paragraf (čtyřmístný kód),1
Paragraf (šestimístný kód),1
Peněžní příjmy,1
Pevnosti,1
Poddruh účetní jednotky,1
Podkladová jednotka,1
Podnikající fyzická osoba,1
Pohotovost,1
Policie,1
Položka výkazu,1
Pomocná část k FIN2-04U část V.,1
Poradní sbor RMB pro bezbariérové Brno,1
Povrchová půdní vlhkost,1
Počet domů,1
Počet zvířat,1
Pracoviště vědy a výzkumu,1
Pracovní místa,1
Pracovní neschopnost,1
Prague Organization of Wheelchair Users,1
Praha 3,1
Pražská organizace vozíčkářů,1
Produkce odpadů,1
Prostorová jednotka,1
Právnická osoba,1
Průmysl,1
Příroda,1
"Přírodní parky, Jihomoravský kraj",1
Příspěvkové organizace,1
Půda,1
REDIZO,1
RM,1
ROC,1
RSS,1
Rada města,1
Rada ČTÚ,1
Ramsar,1
Registr osob,1
Riparian Zones,1
Roads,1
Ropid,1
Rozhledny,1
Rozpočet města Děčín,1
Rozpočtová položka,1
Rozpočtový program (Do 2014),1
SCHÚ,1
SDB,1
SIM karty,1
SJZUR,1
SKD,1
SLOPR,1
SLURA,1
SMP,1
SMVS,1
SOAP,1
SRC,1
SRS,1
STJZK,1
STUTA,1
SZR,1
Silnice,1
Silně ohrožený druh,1
Služební místa,1
Služební označení služebního místa,1
Služební označení služebního místa představeného,1
Služební úřady,1
Směrnice 2010/75/EU,1
Směrná účtová osnova (položky účetních výkazů),1
Sociální služby,1
Soil Water Index – SWI,1
Speciální předpoklad na služební místo představeného,1
Správní poplatek,1
Standardizovaná jazyková zkouška,1
Statues,1
Stavební povolení,1
Stavební produkce,1
Stavební zakázky,1
Stavy hospodářských zvířat,1
Stupeň utajení,1
Střední školy,1
Surface Soil Moisture – SSM,1
Sčítání domů,1
Sčítání lidu,1
Sčítání lidu domů a bytů,1
THFK,1
TV,1
TYPSOCSL,1
Typ finančního místa,1
Typ organizace,1
Těžba dřeva,1
UMPS,1
US,1
Ukazatele účetní jednotky,1
Urban Atlas,1
VDSL,1
VES,1
VF,1
VFL,1
VFN,1
VISA BUSINESS,1
VKP,1
VUZT,1
Vedení účetnictví,1
Vektorová data silniční a uliční sítě,1
Velikost obcí,1
Vodní plochy a mokřady,1
Vrstevnice,1
Vyšší odborné školy,1
Výběrová řízení,1
Výroba masa,1
WIFI,1
WLL,1
Wave,1
ZDRZP,1
ZM,1
ZSJ,1
Zahraniční obchod,1
Zastupitelstvo města,1
Zastávky,1
Zařízení sociálních služeb,1
Zdravotnická záchranná služba,1
Zdravotní způsobilost,1
Zdroj,1
Zdroj financování organizací,1
Způsob odměňování,1
Zubaři,1
ZÚR KHK,1
Záchranný program,1
Základní územní jednotka. územní jednotka,1
Zámky,1
"Záplavová území, Jihomoravský kraj",1
Zásady územního rozvoje,1
"Zásady územního rozvoje, Jihomoravský kraj",1
Závazné ukazatele státního rozpočtu (Do 2014),1
Závazné ukazatele státního rozpočtu (Od 2015),1
Záznamová jednotka,1
"Zóny havarijního plánování, Jihomoravský kraj",1
"Zóny záplavových území, Jihomoravský kraj",1
accessibility,1
adresní bod,1
agenda,1
agrochemicke zkouseni zemedelskych pud,1
akciová společnost,1
aktualita,1
aktuality,1
aktuální situace,1
amatérská služba,1
analýzy relevantních trhů,1
antigenní testy,1
architecture,1
arondace,1
asistenční služby,1
audit,1
auta,1
autobus,1
automobil,1
azylové domy,1
azylový dům,1
banka,1
basic settlement unit,1
bazén,1
bezbariérové Brno,1
bezbariérový vchod,1
bezbariérový vstup,1
bike stand,1
bike to work,1
bikes,1
bikesharing,1
bilance zahraničního obchodu,1
bio,1
bio obchody,1
biogeograficke,1
biogeografie,1
bloková mapa,1
bod,1
bod-bod,1
boundaries,1
building heights,1
built up area,1
bus,1
businesses,1
buvoli,1
bydleni,1
bydlení v brně,1
bydliště,1
byt,1
bytová výstavba,1
bytový dům,1
bytový technik,1
cashflow,1
cenové limity,1
cenové stropy,1
cenový barometr,1
centrum,1
cestovní doklad,1
cestování,1
charakter zástavby,1
chatové osady,1
chmi,1
chmu,1
chodci,1
chráněná,1
circular economy,1
cirkulární ekonomika,1
ciselnik chmelnic,1
city council,1
cizinci,1
cleneni,1
companies,1
company,1
culek,1
cyclists,1
cyklisticke nehody,1
cyklistická infrastruktura,1
cyklistická opatření,1
cyklodetektory,1
cykloopatření,1
cyklotrasa,1
data,1
datové schránky,1
datové služby,1
den,1
design,1
disabled,1
disabled person,1
dispečink intenzivní péče,1
district,1
dluh,1
dluhopisy,1
dny v týdnu,1
doba řízení,1
doctor,1
dodací listy,1
dodavatel,1
dodavatelé,1
dodávky léčivých přípravků,1
dohoda,1
dokončené byty,1
dokončený byt,1
dokument,1
dokument převodu agend,1
domovní číslo,1
domovy pro seniory,1
domy,1
domácnosti,1
domácnosti důchodců.,1
domácnosti zaměstnanců,1
domácí násilí,1
doprava cyklistická,1
dopravni,1
dopravní omezení,1
dopravní prostředek,1
dopravní proudy,1
dopravní průzkum,1
dopravní statistika,1
dopravní značky,1
doručování,1
dotace na produkty,1
dotazníkové šetření,1
dotační,1
dovednosti,1
dovolená,1
dovoz zboží a služeb,1
dpmd,1
dpp,1
drinking,1
druh hospodářského zvířete.,1
druh pozemku,1
druh soudu,1
druh soutěže,1
druh voleb,1
druh výsledku,1
druh zastupitelstva,1
druh činnosti na pozemku,1
druhy dřevin,1
družstvo,1
"drážní doprava, městská doprava, tramvaj, trolejbus, metro, lanovka, jízdní řády, CIS JŘ",1
"drážní doprava, železnice, železniční stanice, železniční zastávky, jízdní řády, CIS JŘ",1
"drážní doprava, železnice, železniční tratě, jízdní řády, CIS JŘ",1
dvb-t,1
dvb-t2,1
dálnice,1
délka trvání pracovní neschopnosti,1
dětskáhřiště,1
důchody,1
dům,1
důvěra podnikatelů,1
důvěra spotřebitelů,1
důvěrnost údajů CEP,1
důvěrnost údajů RIV,1
eMIA,1
economic activity,1
ekonomická aktivita,1
ekonomické ukazatele,1
ekonomické činnosti,1
ekonomický rozvoj,1
ekonomie,1
ekonomika v Brně,1
ekoprojekty,1
elektrické podání,1
elektro,1
elektronická úřední deska,1
elektronické služby,1
elektřina,1
elevation,1
energetika,1
environment,1
events,1
evidence zemedelskeho podnikatele,1
evropsky významná lokalita,1
evropská unie,1
exekuce,1
eúřad,1
falza,1
farmářské trhy,1
financování,1
financování organizací,1
finanční kontrola,1
finanční toky,1
firmy a organizace,1
floors,1
forma,1
funkce,1
funkce vládních institucí,1
funkční období,1
fáze úkonu,1
galerie,1
geolocation data,1
geolokační data,1
geopark,1
gismb,1
gradient,1
gtfs,1
harmonogram,1
hazardní hry,1
health centre,1
hektarový výnos,1
hendikep,1
historicka data,1
hlasovací protokoly,1
hlasování zastupitelstva,1
hlasový provoz,1
hlavní město Praha,1
hlášení závad,1
hnojiva,1
hodnocení projektů,1
hodnota zakázek,1
hornina,1
hospital,1
hospodářská zvířata,1
hospodářství,1
hotel,1
housing,1
housing areas of the city,1
housing types,1
hranice metropolitní oblasti,1
hranice správní,1
hrobová skupina,1
hromadná ubytovací zařízení,1
hromadné ubytovací zařízení,1
hrubá měsíční mzda.,1
hrubý domácí produkt,1
hygiena,1
identifikace koruny,1
index průmyslové produkce,1
index spotřebitelských cen,1
index stavební produkce,1
index tržeb,1
indikační skupina,1
indikátor důvěry,1
indukční smyčka,1
informativní osobní list důchodového pojištění,1
informační kiosek,1
informační systém,1
informační systémy,1
infrastruktura,1
inscenace,1
insolvenční řízení,1
inspekce,1
inspekční zpráva,1
institucionální sektory,1
institucionální subsektory,1
instituciální sektory a subsektory,1
intenzita dopravy,1
intervaly,1
inženýrské stavitelství,1
jatka,1
jazyky,1
jednotka intenzivní péče,1
jehličnaté stromy,1
jiná časová specifikace,1
jmenovatel podílu,1
jídelna,1
jíl,1
jízdenky,1
jízdné,1
jízdní řád,1
k.ú.,1
kapitola,1
karviná,1
katastrální výměra,1
kategorie orgánů veřejné moci,1
kategorie soukromoprávních uživatelů údajů,1
kategorie subjektu,1
kategorie ubytovacích zařízení,1
kategorie ubytovacího zařízení,1
kategorie výzkumu,1
kategorie závad,1
kemp,1
kempy,1
kino,1
klasifikace,1
klasifikace individuální spotřeby,1
klid,1
klidové území,1
klub,1
kmitočtová pásma,1
knihovna,1
kolegium,1
kolektor,1
koloběžky,1
komunikační technologie,1
komunitní lednice,1
komunitní zahrady,1
komunální odpady,1
komunální volby,1
koncepce,1
koncese,1
konjunkturální průzkum,1
kontakt,1
kontakty,1
kontaminace hornin,1
kontaminace vod,1
kontejner,1
kontrola stavby,1
kontrolní závěr,1
kontrolovaná osoba,1
konzumace,1
"koordinátor, rodinná politika, Jihomoravský kraj, sociální služby",1
kostel,1
kovové vedení,1
koš,1
krajinný pokryv,1
kriminalita,1
krizové centrum,1
kulturní akce,1
kupony,1
kvalifikovaní dodavatelé,1
kvalita ovzduší,1
kvalita služeb,1
kvasný líh,1
kód aktivity,1
kód země,1
kóta,1
kú,1
křižovatka,1
křižovatky,1
lamps,1
landcover,1
landmarks,1
landsat8,1
landuse,1
lavičky,1
lesniurad,1
lesy,1
licenční poplatek,1
licitace bytů,1
lights,1
linky MHD,1
listnaté stromy,1
lékař,1
lékařská posudková služba,1
léčivá látka,1
léčivé přípravky,1
léčivý přípravek,1
magistrát,1
majetek města,1
manželská poradna,1
mapové podklady,1
mateřská,1
mateřská škola ,1
maximální cena,1
maximální kapacita,1
medián mezd,1
meliorace,1
meraki,1
meteodata,1
meterologie,1
metropolitan area municipalities,1
metropolitka,1
metropolitnisit,1
mezinárodní,1
mezinárodní organizace,1
mezinárodní spolupráce,1
mezinárodní šetření,1
mezispotřeba,1
micromobility,1
mimopracovní,1
ministerstvo zemedelstvi,1
mmk,1
mobil providers,1
mobilita,1
mobilní,1
mobilní aplikace,1
mobilní obslužná místa,1
mobilní operátoři,1
mobilní signál,1
mobilní služby,1
model,1
mokřad,1
moqos,1
mzda,1
míra ekonomické aktivity,1
míra inflace,1
míra nezaměstnanosti,1
míra specifikace,1
místa v zařízeních sociálních služeb,1
místní,1
místní komunikace,1
místo pro stany a karavany,1
městské obvody,1
městské obvody a městské části,1
městské obvody v Praze,1
městský byt,1
městský mobiliář,1
měřidla,1
nadregionální biocentra,1
nahodilá těžba.,1
navážka,1
nařízení ES,1
nařízení vlády,1
nařízení vlády č. 153/2005 Sb.,1
nebankovní poskytovatel,1
nedopatek,1
nedoplatek,1
nedplatek,1
nejvýznamnější zeleň,1
nemoc a úraz.,1
nemovitosti,1
neogén,1
neslyšící,1
nettest,1
neveřejná komunikační síť,1
nextbike,1
nezaměstnaní,1
neziskový sektor,1
neúnosná zátěž,1
nitratova smernice,1
nové zakázky,1
noční klid,1
nádoba na odpad,1
nádoby na odpad,1
nádraží,1
náhrady,1
nákladově orientované ceny,1
náklady na dosažení výsledku,1
nález,1
nálezy,1
násilí,1
návštěvnost ubytovacích zařízení,1
názvy,1
obce metropolitní oblasti,1
obchodní společnost,1
obchodní společnosti,1
období 12/2021,1
obecne ciselniky,1
obecni bydleni,1
obecní bydlení,1
objednavky,1
objekt,1
objekt práva,1
obor OECD,1
oborová skupina,1
obory činnosti,1
obrat zahraničního obchodu,1
obsazenost,1
obsazenost porkovišť,1
obslužná místa,1
obvod,1
obvody,1
obvyklý pobyt,1
obyvatelé,1
občan,1
ocenění,1
ochrana,1
ochrana krajiny,1
ochrana proti záření,1
ochrana půdy,1
ochrana zeleně,1
ochrana životního prostředí,1
odborná způsobilost,1
odběrová místa,1
odchody spojů,1
odpadkové koše,1
odpadkový koš,1
odpaďák,1
odrudy,1
odrůdy,1
odvětví ekonomické činnosti.,1
odvětví.,1
office,1
ok,1
okres (NUTS),1
okres Ostrava - město,1
okres Praha,1
okres děčín,1
okrsek,1
okrsky,1
okruh,1
opakované testy,1
opencard,1
oprávnění k přístupu,1
organizační složka státu,1
orgán sociálně právní ochrany dětí,1
orgány veřejné moci,1
orientační hodnota,1
osev,1
osobnost,1
osobní daňový účet,1
osobní počítač,1
osobní účet,1
ostatní platby za provedenou práci,1
osvědčení,1
osídlení.,1
otevřená data,1
označník,1
oznámená,1
oznámení,1
oznámení podnikání,1
očkovací zařízení,1
padělky,1
památka,1
památky,1
památné,1
památný,1
paralelní modul výkonnosti,1
parcely,1
parcely SMB,1
parkovací domy,1
parliament,1
participace,1
participativní rozpočet,1
participatory budget,1
partneři,1
pas,1
penzion,1
penziony,1
peníze,1
peněžité plnění,1
personalistika,1
personál,1
petiční zákon,1
pevné rádiové systémy,1
pevný přístup k síti Internet,1
pití,1
plast,1
plastika,1
plasty,1
platební karty,1
platební poukazy,1
platné hlasy,1
plavání,1
playground,1
playlist,1
plnění,1
plocha zeleně,1
plochy městské zeleně,1
plodiny,1
plyn,1
plánované odstávky,1
pobočka banky,1
pobočková síť,1
pobíhání,1
poddruh výsledku,1
podkladová mapa,1
podnikové odpady,1
podnět,1
pohřebiště,1
poi,1
pokoj,1
pokuta,1
pokuty,1
policie ČR,1
politické strany,1
polohy,1
položka,1
položky,1
pomoc obětem domácího násilí,1
population movements,1
poradna,1
porost,1
portál otevřených dat,1
porážky zvířat,1
poskytovatelé podpory,1
poskytovatelé sociálních služeb,1
poskytování informací,1
post-paid,1
potraty,1
potravina,1
potravinářské zboží,1
použité ampulky,1
povinnost sběru adresy,1
povinnosti,1
povodí,1
povodí labe,1
povodí moravy,1
povodí odry,1
povodí ohře,1
povodí vltavy,1
pověřený obecní úřad,1
pozemní stavitelství,1
počasí,1
počet,1
počet hlasů,1
počet hostů,1
počet kandidátů,1
počet stavebních povolení,1
počet voličů,1
poštovny,1
poštovní schránky,1
pošty Partner,1
pracovní,1
pracovní cesty,1
pracovní příležitost,1
pracovní síla,1
pracovní vztah,1
pracovněprávní vztah,1
pracovněprávní vztahy,1
praha,1
prasata,1
pre-paid,1
premiéry,1
prioritní skupina,1
prodej zboží,1
produkce,1
profese,1
projects,1
projekty participativního rozpočtu,1
protipovodni,1
provozní náklady,1
provozovatelé,1
právní forma organizace,1
právní formy,1
právní předpis,1
průjezd,1
průjezdnost,1
průkaz,1
průmyslová odvětví,1
průmyslová produkce,1
průmyslový areál,1
průměrný plat,1
průměrný počet přenocování,1
průzkum,1
průzkum geologický,1
ptačí oblast,1
public transport routes,1
publikační plán,1
pítka,1
pětileté věkové skupiny,1
přednostní hlasy,1
představení,1
představitelé,1
předškolní vzdělávání,1
přenesená čísla,1
přenocování,1
přenos,1
přenos R signálu,1
přenos TV signálu,1
přenositelnost,1
přepravní doby,1
přeshraniční pojetí,1
přestupky,1
převod služeb veřejné správy,1
převod činností,1
přiměřený zisk,1
připojení k internetu,1
příjmy domácností,1
přípojky,1
přírodní park,1
přírodní parky,1
přírůstkové náklady,1
přírůstkové výnosy,1
příslušnost k českým právním předpisům,1
příspěvkovéorganizace,1
příspěvky operátorů,1
přístup k veřejně dostupné telefonní službě,1
příčina smrti,1
působnost v agendě,1
racionalni hnojeni,1
radioamatérské služby,1
radiokomunikační aplikace,1
radiokomunikační účet,1
radiotelefonista,1
radniční noviny,1
radní,1
referenční mapa,1
regiony,1
regionální účty,1
registr distributoru,1
registr smluv,1
registrace,1
regulované nabídky,1
reklama,1
reprezentanty pro spotřebitelské ceny,1
revitalizace,1
revíry městské policie,1
rodina,1
rodinná poradna,1
rodinný dům,1
rodičovská,1
role při výkonu veřejné správy,1
roofs,1
ropid,1
router,1
rozhlasové vysílače,1
rozhlasový příjem,1
rozpočtová položka,1
rozpočty,1
rozvody,1
rozšířená působnost,1
roční,1
rušená zařízení,1
rušící zařízení,1
rádiová síť,1
rádiová zařízení,1
rádiové zařízení,1
saldo indikátoru důvěry,1
samostatný zprostředkovatel,1
sankce,1
satelitní příjem,1
savci,1
sazba pojištění,1
sbírky,1
sběrné středisko,1
sběrnénádoby,1
sběrný dvůr,1
schválená,1
schválená zařízení,1
scooter,1
scooter stands,1
sdilenadoprava,1
sektory,1
sentinel,1
separovaný odpad,1
seznam orgánů ,1
seznam orgánů veřejné moci,1
seznam činností,1
sezónní a jiná očištění,1
sharing,1
shp,1
signalizace,1
silnicni_doprava,1
silniční doprava,1
skladování,1
sklizeň,1
sklon,1
sklony,1
skládka,1
skot,1
skupina hrobů,1
slope,1
slopes,1
sloupky,1
sloupy,1
sluchové postižení,1
smluvně chráněné území,1
směnnosti,1
směnárenská činnost,1
směnárna,1
směnárník,1
směr větru,1
socha,1
sochy,1
sociální poradny,1
"sociální péče, služby, Jihomoravský kraj",1
"sociální služby, Jihomoravský kraj, poskytovatelé",1
software,1
soukromoprávní uživatel údajů,1
soutěž,1
souřadnicový systém,1
specializovaná poradna,1
speciální případy časové specifikace,1
spektrum,1
sport;hřiště;koupaliště;sportoviště,1
sportovní akce,1
sportovní aktivita,1
sportovní klub,1
sportovní vyžití,1
spory,1
spotřebitel,1
spoření,1
správa domů,1
správa čísel,1
správní řád,1
srážková voda,1
srážky,1
stanoviště,1
stará ekologická zátěž,1
statistická proměnná,1
statistické jednotky,1
statistický metainformační systém,1
statistik,1
statistiky,1
statni rostlinolekarska sprava,1
stav podpory,1
stav projektu,1
stav soutěže,1
stav stavebních zakázek,1
stav uplatnění výsledku,1
stav zvířat,1
stavebnictví,1
stavební,1
stavební objekty,1
stavební úřady,1
stezka,1
stk,1
stojany na kola,1
stop,1
stops,1
strategický plán,1
strategie,1
street lights,1
stromy,1
struktura,1
studenti,1
studia,1
studie,1
státní,1
státní podnik,1
státní příslušnost,1
stížnost,1
střední vzdělávání,1
subjekt,1
subjekt města ,1
subjekt práva,1
subsektory,1
subsidies,1
supervizor,1
svobodný přístup k informacím,1
svoz,1
svítidla,1
systemizovaná místa,1
sídla firem,1
sídlo,1
síla větru,1
síť,1
síť provozoven,1
sčítání lidu,1
sňatky,1
tabule,1
tarif,1
technické sítě,1
technické údaje,1
telefon,1
telefonická poradna,1
telefonní čísla,1
televize,1
televizní příjem,1
televizní vysílače,1
televizní vysílání,1
tematická kontrola,1
testování,1
testy s korekcí na opakovaně pozitivní testy,1
textil,1
timetable data,1
tlak,1
tourist places,1
track,1
traffic,1
transit,1
transparence,1
transparency,1
transport routes,1
trasování linek,1
trasy,1
trasy linek,1
trestní oznámení,1
trestný čin,1
trh práce,1
tržní služby,1
turismus,1
turistická místa,1
turistické cíle,1
turistický cíl,1
turistický ruch,1
tuři,1
typ akce,1
typ datové schránky,1
typ místní příslušnosti,1
typ obce,1
typ obslužného kanálu,1
typ odpadu,1
typ organizační složky státu,1
typ programu,1
typ působnosti,1
typ rozhodnutí o schválení převodu působnosti,1
typ rozhodnutí o založení dokumentu převodu agend,1
typ služby veřejné správy,1
typ subjektu,1
typ veřejné soutěže,1
typ vykonavatele úkonu,1
typ činnosti,1
types of housing,1
typologie bydlení,1
typy území,1
téma,1
téma práce,1
týden,1
týdenní počty,1
těžba dřeva,1
třidění,1
třídy,1
třídění,1
třídění odpadu,1
ubytovna,1
ubytovny,1
uchazeči o zaměstnání,1
udržitelnost,1
udržitelná metropole,1
uhel sklonu,1
ukazatel,1
ukazatele ÚJ,1
ulic,1
umělecká díla,1
umění,1
urbanuismus,1
uses,1
uzavírání pošt,1
uzemi,1
uživatel,1
užívání,1
vchod,1
velikostní skupina obcí,1
veřejná hudební produkce,1
veřejná komunikační síť,1
"veřejná linková doprava, drážní doprava, městská doprava, dopravce, jízdní řády, CIS JŘ",1
"veřejná linková doprava, drážní doprava, městská doprava, zastávka, jízdní řády, CIS JŘ",1
veřejná soutěž,1
veřejná zakázka,1
veřejné dokumenty,1
veřejné instituce,1
veřejné osvětlení,1
veřejnéosvětlení,1
veřejný informační systém InspIS PORTÁL,1
veřejný pořádek,1
virtuální prohlídka,1
vlak,1
vlhkost,1
vlhkost vzduchu,1
vládní instituce,1
vládní usnesení,1
vnitrobloky,1
vnitrostátní,1
vo,1
vodní plocha,1
vodoprávní rozhodnutí,1
volby do EP,1
volby do evropského parlamentu,1
volby do zastupitelstev obcí,1
volební kraje,1
volit,1
volná kapacita,1
volná pracovní místa,1
volný pohyb,1
voting,1
vozovky,1
vstup,1
vybavenost domácností,1
vyhláška č. 464/2012 Sb.,1
vyhláška č. 465/2012 Sb.,1
vyhodnocení,1
vyhodnocení veřejné soutěže,1
vyjížďka do zaměstnání,1
vymáhání,1
vysokoškolské vzdělávání,1
vysílání,1
využití patentu,1
využití rádiového spektra,1
vyzařovací diagramy,1
vyzkumny ustav zemedelske techniky,1
vyšší odborná škola,1
vyšší odborné vzdělávání,1
vzchu,1
vzdělávací obory,1
vzdělávání ,1
vázaný zástupce,1
výbor komise termín jednání,1
výdaje na vědu a výzkum,1
výdejní místa,1
výkaz,1
výsledky,1
"výsledky sčítání lidu, domů a bytů",1
výstava,1
vývoz zboží a služeb,1
výzkumní pracovníci,1
významná osobnost,1
významný krajinný prvek,1
výška budov,1
včelnice,1
water,1
wheelchair,1
widget,1
workout,1
xDSL,1
zadavatel,1
zahraniční,1
zahraniční obchod se zbožím,1
zahraniční zprostředkovatel spotřebitelského úvěru na bydlení,1
zajištění zboží,1
zajišťovací příkaz,1
zajišťovací úhrada,1
zakládní sídelní jednotka,1
zakázky,1
zaměstnanci vědy a výzkumu,1
zaměstnanec,1
zaměstnaní,1
zaměstnání,1
zaplněnost,1
zastavěné území,1
zastupitelé,1
zastávka MHD,1
zdravotnická zařízení,1
zdravotní postižení,1
zdravotní péče,1
zdroj,1
zdroj údaje,1
zdroje rušení,1
zdroje vody,1
zemedelska vodohospodarska sprava,1
zemské digitální televizní vysílání,1
země (alfanumericky),1
zemřelý,1
zima,1
zimní období,1
zkušební komise,1
zm,1
znacky,1
znak,1
znaková řeč,1
znakování,1
znakový jazyk,1
značení,1
znehodnocené ampulky,1
zona,1
zoo,1
zpoždění,1
zprostředkovatel vázaného spotřebitelského úvěru,1
zprostředkování zaměstnání,1
zps,1
způsob publikování,1
ztráta,1
ztráta z poskytování univerzální služby,1
ztráta z poskytování zvláštních cen,1
ztráty,1
základní sídelní jednotka - díl,1
základní vzdělávání,1
zákon,1
zákon o elektronických komunikacích,1
zákon č. 106/1999 Sb.,1
zákon č. 236/1995 Sb.,1
zákon č. 304/2007 Sb.,1
zákon č. 435/2004 Sb.,1
zákon č. 500/2004 Sb.,1
zákon č. 85/1990 Sb.,1
zákona č. 151/2000 Sb.,1
zánik subjektu,1
záruky,1
zástavba,1
závazný ukazatel,1
záštity,1
§ 129 ZEK,1
§ 18 ZPS,1
§ 30 ZEK,1
§ 38 ZEK,1
§19 ZPS,1
ÚJ,1
Úroveň státní jazykové zkoušky,1
Úroveň znalosti cizího jazyka,1
Územně analytické podklady,1
Účel,1
Účelový znak,1
Účetní jednotka,1
Úřední deska,1
úhrada nákladů,1
úhrnné hodnoty druhů pozemků (UHDP),1
úkon,1
únik,1
úroveň důvěry,1
úroveň znalosti jazyka,1
úsek,1
úses,1
úvazek,1
úvěry,1
územní jednotky,1
územní ochrana,1
územní platnost výsledku,1
územní rozvoj,1
územní statistické jednotky,1
územní členění,1
účast,1
účastnické spory,1
účastnické vedení,1
účastníci,1
účastník projektu,1
účet univerzální služby,1
úřad práce,1
úřady,1
úřednídeska,1
ČDDD,1
Časová řada,1
Česká pošta,1
Četnost dotazů,1
Četnost událostí,1
Činnost kraje,1
Činnost obce,1
ČÚZK,1
Číselník výkazů a tabulek,1
ČŠI ,1
čas,1
časová specifikace,1
černá,1
čerpání,1
čestný,1
čestný občan,1
čhmú,1
činnost,1
čisté peněžní příjmy,1
čistý disponibilní důchod domácností,1
čistý disponibilní důchod domácností.,1
čištění,1
čištění chodníků,1
čištění vozovek,1
člen,1
čtvrť,1
části,1
části obcí,1
částiměsta,1
číslovací plány,1
ředitel ZŠ,1
ředitelka ZŠ,1
ředitelka školy ,1
řeka,1
řízení,1
Školská zařízení,1
šedá a bílá místa,1
šetření,1
školní,1
školská právnická osoba,1
školskéobvody,1
školský zákon ,1
železniční koridory,1
železniční síť,1
živnostenské oprávnění; fyzická osoba,1
živnosti,1
životní styl,1
žáci,1
žáků,1
 data service,1
AZZP,1
Accounting entity,1
Accounting management,1
Accounting unit,1
Active organization,1
Agricultural Water Management Administration,1
Agrochemical testing of agricultural land,1
Analytics,1
Area Unit,1
Auxiliary part to FIN2-04U part V.,1
Base unit,1
Basic Territorial Unit,1
Budget chapter,1
Budget item,1
COFOG,1
Classification of government´s functions COFOG,1
Classification of territorial statistical unit,1
Classification of territorial statistical unit NUTS,1
Code list of statements and tables,1
Codes of institutional sectors and subsectors,1
EDS,1
EZP,1
Financial location,1
Forest,1
Forms of accounting unit,1
Fund,1
Funded program (To 2014),1
Grassland,1
Guiding chart of accounts (items of financial statements),1
Imperviousness,1
Indicators,1
Indicators of accounting entity,1
Indicatorsort,1
Item of statement,1
Land Cover,1
MONITOR,1
Mandatory indicators of state budget (To 2014),1
Mandatory indicators of state budget (from 2015),1
Method of Remuneration,1
Ministry of Agriculture,1
Municipality with authorized municipal office,1
Municipality with extended competence,1
NUTS,1
Number of inhabitants category,1
OSS Type,1
OpenData,1
PVS,1
PVS expenditures,1
PVS revenues,1
PVS revenues and PVS expenditures,1
Paragraph (for digit code),1
Paragraph (six digit code),1
Purpose,1
Purposeful character,1
RSS,1
Recording unit,1
Registry of agricultural entrepreneurs,1
Research Institute of Agricultural Engineering,1
SAO Board,1
SDB,1
SMVS,1
SOAP,1
SRS,1
SZR,1
Small Woody Features,1
Soil,1
Source of organization´s funding,1
Subtype of accounting unit,1
Supreme Audit Office,1
Type of accounting unit,1
Type of financial location,1
Type of management,1
Urban Atlas,1
VUZT,1
Water and Wetness,1
accounting,1
amelioration,1
arc geometry,1
authorized municipal office,1
building part,1
buildings,1
character,1
cities,1
city districts and city parts,1
city districts in Prague,1
classification,1
classification of government´s functions,1
conservation,1
construction objects,1
contracts,1
crops,1
days in week,1
drinking water,1
easement,1
educational fields,1
elbe river basin,1
employers,1
employment department,1
exchange rate,1
extended competence,1
fields of activity,1
floor,1
form,1
free places,1
fundamental horizontral control,1
general code lists,1
geodetic point field,1
government´s functions,1
historical data,1
hop fields code list,1
inhabitants,1
inhabitants category,1
inner drawing,1
institutional sector,1
institutional sectors and subsectors,1
institutional subsector,1
job placement,1
labor market,1
labor relations,1
languages,1
level of language proficiency,1
management,1
"map symbol, map sign",1
member,1
minor horizontal geodetic control,1
morava river basin,1
nature,1
nature of land use,1
nitrates directive,1
odra river basin,1
ohře river basin,1
open services on spatial data,1
organization,1
organizational units,1
organization´s funding,1
original geometry,1
other buildings,1
other features,1
park,1
parts of municipalities,1
period 12/2021,1
planimetric net of orthogonal coordinates,1
planimetry supplement,1
plant varieties,1
"property, ownership, possesion",1
"proprietor of a real estate, owner of a real estate",1
protected zone,1
protected zone of geodetic point,1
public agency,1
public authorities,1
public institution,1
purpose,1
qualified supliers,1
rational fertilization,1
regions,1
registry of distributors,1
registry of fertilizers,1
remuneration,1
river basin,1
sector,1
service,1
skills,1
social service providers,1
source,1
sources of drinking water,1
spatial planning,1
species,1
state organizational units,1
state phytosanitary administration,1
statement,1
statistical unit,1
studies,1
subsector,1
subsidies,1
survey control point,1
survey sketch,1
table,1
technical-economical attributes,1
territorial statistical unit,1
total values of nature of land use,1
type,1
varieties,1
vltava river basin,1
wages,1
work,1
