klíčové_slovo,počet_datových_sad
Katastrální parcely,112081
pozemek,93313
"nemovitost, nemovitá věc",93290
katastrální parcela,91029
hranice,84779
informační systém katastru nemovitostí (ISKN),84762
parcela,84236
Adresy,83233
hranice parcely,78502
digitalizovaná katastrální mapa,65425
digitální katastrální mapa,65425
katastr nemovitostí (KN),65425
katastr nemovitostí ČR,65425
katastrální mapa,65425
"definiční bod, reprezentační bod, centroid",57456
katastrální území,53478
Katastrální pracoviště (KP),52348
"Registr územní identifikace, adres a nemovitostí (RÚIAN)",50227
obec,43971
městský obvod/městská část (MOMC),43964
adresní místo,43962
"geografická informace, geoinformace, geoprostorová informace",38674
ulice,37583
část obce,37575
adresa,37571
městský obvod v Praze (MOP),37567
"geografický značkovací jazyk (GML), značkovací jazyk geografie",32415
volební okrsek,31445
městská část,31317
Budovy,31309
