jméno_poskytovatele,procento_distribucí_nedostupných,počet_distribucí_se_souborem_nedostupných,počet_distribucí_se_souborem_celkem
Statutární město Hradec Králové,100,25,25
Jihomoravský kraj,100,10,10
Ministerstvo zemědělství,94,471,501
Státní ústav pro kontrolu léčiv,50,8,16
Moravskoslezský kraj,50,1,2
Česká informační agentura životního prostředí,45,25,55
Liberecký kraj,16,2,12
Ministerstvo životního prostředí,12,37,291
Ministerstvo pro místní rozvoj,12,3,24
Český úřad zeměměřický a katastrální,10,18785,175955
Český statistický úřad,7,83,1098
HLAVNÍ MĚSTO PRAHA,4,80,1848
Ministerstvo zdravotnictví,3,9,258
Česká školní inspekce,3,1,30
Ministerstvo financí,2,16,787
Statutární město Ostrava,2,10,472
Ministerstvo vnitra,1,246,15925
Statutární město Brno,1,13,868
Statutární město Děčín,1,2,124
