jméno_poskytovatele,chyba,downloadURL
Ministerstvo vnitra,404 : NOT FOUND,https://portal.gov.cz/portal/obcan/rejstriky/data/115217898/rej-115217898-definice.xsd
Moravskoslezský kraj,404 : Not Found,http://opendata.gov.cz/_media/datova-sada:uredni-deska-datove-schema-xml.xsd
Moravskoslezský kraj,404 : Not Found,http://www.msk.cz/opendata/rozpocet-datove-schema-xml.xsd
Státní ústav pro kontrolu léčiv,no protocol: /InternalSite/InitParams.aspx?referrer=/InternalSite/InternalError.asp&site%5Fname=publictrunkssl&secure=1&error%5Fcode=22&policy%5Fid=&ErrorType=HTMLErrorPage,https://eregpublicsecure.ksrzis.cz/Registr/RZPRO/Content/RZPRO_OS_CIN_csvw.jsonld
Státní ústav pro kontrolu léčiv,no protocol: /InternalSite/InitParams.aspx?referrer=/InternalSite/InternalError.asp&site%5Fname=publictrunkssl&secure=1&error%5Fcode=22&policy%5Fid=&ErrorType=HTMLErrorPage,https://eregpublicsecure.ksrzis.cz/Registr/RZPRO/Content/RZPRO_OS_VYR_csvw.jsonld
Státní ústav pro kontrolu léčiv,no protocol: /InternalSite/InitParams.aspx?referrer=/InternalSite/InternalError.asp&site%5Fname=publictrunkssl&secure=1&error%5Fcode=22&policy%5Fid=&ErrorType=HTMLErrorPage,https://eregpublicsecure.ksrzis.cz/Registr/RZPRO/Content/RZPRO_OS_ZP_csvw.jsonld
Státní ústav pro kontrolu léčiv,no protocol: /InternalSite/InitParams.aspx?referrer=/InternalSite/InternalError.asp&site%5Fname=publictrunkssl&secure=1&error%5Fcode=22&policy%5Fid=&ErrorType=HTMLErrorPage,https://eregpublicsecure.ksrzis.cz/Registr/RZPRO/Content/RZPRO_OS_csvw.jsonld
Státní ústav pro kontrolu léčiv,no protocol: /InternalSite/InitParams.aspx?referrer=/InternalSite/InternalError.asp&site%5Fname=publictrunkssl&secure=1&error%5Fcode=22&policy%5Fid=&ErrorType=HTMLErrorPage,https://eregpublicsecure.ksrzis.cz/Registr/RZPRO/Content/RZPRO_ZP_OS_csvw.jsonld
Státní ústav pro kontrolu léčiv,no protocol: /InternalSite/InitParams.aspx?referrer=/InternalSite/InternalError.asp&site%5Fname=publictrunkssl&secure=1&error%5Fcode=22&policy%5Fid=&ErrorType=HTMLErrorPage,https://eregpublicsecure.ksrzis.cz/Registr/RZPRO/Content/RZPRO_ZP_VAR_csvw.jsonld
Státní ústav pro kontrolu léčiv,no protocol: /InternalSite/InitParams.aspx?referrer=/InternalSite/InternalError.asp&site%5Fname=publictrunkssl&secure=1&error%5Fcode=22&policy%5Fid=&ErrorType=HTMLErrorPage,https://eregpublicsecure.ksrzis.cz/Registr/RZPRO/Content/RZPRO_ZP_VSE_csvw.jsonld
Státní ústav pro kontrolu léčiv,no protocol: /InternalSite/InitParams.aspx?referrer=/InternalSite/InternalError.asp&site%5Fname=publictrunkssl&secure=1&error%5Fcode=22&policy%5Fid=&ErrorType=HTMLErrorPage,https://eregpublicsecure.ksrzis.cz/Registr/RZPRO/Content/RZPRO_ZP_csvw.jsonld
