jméno_poskytovatele,procento_distribucí_nedostupných,počet_distribucí_se_souborem_nedostupných,počet_distribucí_se_souborem_celkem
Úřad průmyslového vlastnictví,100,1196,1196
"Ministerstvo školství, mládeže a tělovýchovy",100,15,15
Liberecký kraj,100,12,12
ČESKÁ NÁRODNÍ BANKA,100,7,7
Obec Huntířov,100,5,5
Český statistický úřad,99,1096,1098
Česká správa sociálního zabezpečení,99,153,154
Nejvyšší kontrolní úřad,90,20,22
Státní ústav pro kontrolu léčiv,87,14,16
Moravskoslezský kraj,50,1,2
Ministerstvo zdravotnictví,39,102,258
Statutární město Ostrava,23,109,472
Ministerstvo životního prostředí,18,55,291
Úřad vlády České republiky,18,7,37
HLAVNÍ MĚSTO PRAHA,11,212,1848
Ministerstvo financí,5,41,787
Ministerstvo vnitra,0,33,15925
