jméno_poskytovatele,procento_s_nedostupnou_cors_dokumentací,počet_s_nedostupnou_cors_dokumentací,počet_datových_sad_celkem
Úřad průmyslového vlastnictví,100,873,873
Ministerstvo zemědělství,100,153,153
Statutární město Brno,100,110,110
Česká správa sociálního zabezpečení,100,77,77
Ministerstvo práce a sociálních věcí,100,48,48
Česká školní inspekce,100,30,30
"Ministerstvo školství, mládeže a tělovýchovy",100,16,16
Jihomoravský kraj,100,10,10
Ministerstvo průmyslu a obchodu,100,7,7
ČESKÁ NÁRODNÍ BANKA,100,7,7
Liberecký kraj,100,3,3
Moravskoslezský kraj,100,3,3
Institut umění - Divadelní ústav,100,1,1
Karlovarský kraj,100,1,1
Kraj Vysočina,100,1,1
Český statistický úřad,99,726,728
Ministerstvo financí,84,551,655
HLAVNÍ MĚSTO PRAHA,66,223,333
Jihočeský kraj,66,2,3
Statutární město Ostrava,65,53,81
ČESKÝ ROZHLAS,60,3,5
Státní ústav pro kontrolu léčiv,33,4,12
Česká obchodní inspekce,28,2,7
Město Bohumín,15,3,20
Ministerstvo dopravy,8,5,61
Ministerstvo zdravotnictví,5,5,97
Nejvyšší kontrolní úřad,5,1,20
Ministerstvo vnitra,0,20,4020
