jméno_poskytovatele,procento_distribucí_neshodných,počet_distribucí_neshodných,počet_distribucí_se_souborem_celkem
Ministerstvo dopravy,100,61,61
Plzeňský kraj,100,8,8
Ministerstvo průmyslu a obchodu,100,7,7
Olomoucký kraj,100,3,3
Kraj Vysočina,100,2,2
Institut umění - Divadelní ústav,100,1,1
Česká školní inspekce,96,29,30
Nejvyšší kontrolní úřad,90,20,22
Město Bohumín,90,18,20
Statutární město Opava,87,34,39
Liberecký kraj,83,10,12
Statutární město Ostrava,75,357,472
Jihočeský kraj,66,4,6
HLAVNÍ MĚSTO PRAHA,64,1188,1848
Statutární město Olomouc,56,21,37
Moravskoslezský kraj,50,1,2
Česká informační agentura životního prostředí,49,27,55
Statutární město Brno,44,386,868
Ministerstvo obrany,38,7,18
Královéhradecký kraj,34,68,200
Český statistický úřad,26,287,1098
ČESKÝ ROZHLAS,22,2,9
Ministerstvo financí,13,105,787
Ministerstvo životního prostředí,10,32,291
Ministerstvo zemědělství,5,30,501
Statutární město Děčín,4,5,124
Statutární město Karviná,4,2,45
Ministerstvo vnitra,0,13,15925
Český úřad zeměměřický a katastrální,0,12,175955
Český telekomunikační úřad,0,1,241
Jihomoravský kraj,0,0,10
Ministerstvo pro místní rozvoj,0,0,24
Ministerstvo práce a sociálních věcí,0,0,97
Ministerstvo zdravotnictví,0,0,258
"Ministerstvo školství, mládeže a tělovýchovy",0,0,15
Město Vrchlabí,0,0,2
Obec Huntířov,0,0,5
Statutární město Hradec Králové,0,0,25
Státní ústav pro kontrolu léčiv,0,0,16
Úřad průmyslového vlastnictví,0,0,1196
Úřad vlády České republiky,0,0,37
ČESKÁ NÁRODNÍ BANKA,0,0,7
Česká obchodní inspekce,0,0,19
Česká správa sociálního zabezpečení,0,0,154
