jméno_poskytovatele,downloadURL
Jihočeský kraj,https://gis.kraj-jihocesky.gov.cz/gis/services/zastavky/MapServer/WFSServer?
Jihočeský kraj,https://gis.kraj-jihocesky.gov.cz/gis/services/zastavky/MapServer/WMSServer?
Ministerstvo financí,https://monitor.statnipokladna.cz/api/monitorws
Ministerstvo financí,https://opendata.mfcr.cz/lod/sparql
Česká informační agentura životního prostředí,https://geoportal.gov.cz/ArcGIS/services/CENIA/cenia_corine_2012/mapserver/WMSServer
Česká informační agentura životního prostředí,https://geoportal.gov.cz/arcgis/services/CENIA/cenia_copernicus_land/MapServer/WmsServer
Česká informační agentura životního prostředí,https://geoportal.gov.cz/arcgis/services/CENIA/cenia_irz_WFS/MapServer/WFSServer/
Česká informační agentura životního prostředí,https://geoportal.gov.cz/arcgis/services/CENIA/cenia_pudni_vlhkost/MapServer/WMSServer
Česká informační agentura životního prostředí,https://gis.cenia.cz/geoserver/IPPC/wfs
Česká informační agentura životního prostředí,https://gis.cenia.cz/geoserver/corine_land_cover_2018/wfs
Česká informační agentura životního prostředí,https://gis.cenia.cz/mapcache/ortofotomapa_historicka/wms
Česká informační agentura životního prostředí,https://gis.cenia.cz/mapcache/ortofotomapa_historicka/wmts
