jméno_poskytovatele,downloadURL
Jihočeský kraj,https://gis.kraj-jihocesky.gov.cz/gis/services/zastavky/MapServer/WFSServer?
Jihočeský kraj,https://gis.kraj-jihocesky.gov.cz/gis/services/zastavky/MapServer/WMSServer?
Karlovarský kraj,https://geoportal.kr-karlovarsky.cz/arcgis/rest/services/DTM/UMPS/MapServer
Ministerstvo financí,https://monitor.statnipokladna.cz/api/monitorws
Ministerstvo financí,https://monitor.statnipokladna.cz/api/opendata/rss
Ministerstvo financí,https://opendata.mfcr.cz/lod/sparql
Ministerstvo financí,https://wwwinfo.mfcr.cz/ares/ares_xml.html.cz
Ministerstvo zemědělství,https://eagri.cz/ssl/nosso-app/EPO/WS/v2Online/vOKOsrv.ashx
Česká informační agentura životního prostředí,https://geoportal.gov.cz/ArcGIS/services/CENIA/cenia_corine_2012/mapserver/WMSServer
Česká informační agentura životního prostředí,https://geoportal.gov.cz/arcgis/services/CENIA/cenia_copernicus_land/MapServer/WmsServer
Česká informační agentura životního prostředí,https://geoportal.gov.cz/arcgis/services/CENIA/cenia_irz_WFS/MapServer/WFSServer/
Česká informační agentura životního prostředí,https://geoportal.gov.cz/arcgis/services/CENIA/cenia_pudni_vlhkost/MapServer/WMSServer
Česká informační agentura životního prostředí,https://gis.cenia.cz/mapcache/ortofotomapa_historicka/wms
Česká informační agentura životního prostředí,https://gis.cenia.cz/mapcache/ortofotomapa_historicka/wmts
