jméno_poskytovatele,downloadURL
Jihočeský kraj,https://gis.kraj-jihocesky.gov.cz/gis/services/zastavky/MapServer/WFSServer?request=GetCapabilities
Jihočeský kraj,https://gis.kraj-jihocesky.gov.cz/gis/services/zastavky/MapServer/WMSServer?request=GetCapabilities
Ministerstvo financí,https://opendata.mfcr.cz/pages/sparql
Česká informační agentura životního prostředí,https://geoportal.gov.cz/ArcGIS/services/CENIA/cenia_corine_2012/mapserver/WMSServer?service=WMS&request=GetCapabilities
Česká informační agentura životního prostředí,https://geoportal.gov.cz/arcgis/services/CENIA/cenia_copernicus_land/MapServer/WmsServer?SERVICE=WMS&REQUEST=GetCapabilities
Česká informační agentura životního prostředí,https://geoportal.gov.cz/arcgis/services/CENIA/cenia_irz_WFS/MapServer/WFSServer/?SERVICE=WFS&REQUEST=GetCapabilities
Česká informační agentura životního prostředí,https://geoportal.gov.cz/arcgis/services/CENIA/cenia_pudni_vlhkost/MapServer/WMSServer?SERVICE=WMS&REQUEST=GetCapabilities
