jméno_poskytovatele,downloadURL
Karlovarský kraj,http://localhost/base/
Česká informační agentura životního prostředí,http://www.opengis.net/def/crs/EPSG/0/3035
Česká informační agentura životního prostředí,http://www.opengis.net/def/crs/EPSG/0/32633
Česká informační agentura životního prostředí,http://www.opengis.net/def/crs/EPSG/0/4258
Česká informační agentura životního prostředí,http://www.opengis.net/def/crs/EPSG/0/4326
Česká informační agentura životního prostředí,http://www.opengis.net/def/crs/EPSG/0/5514
