jméno_poskytovatele,počet_datových_sad_nesplňujících
Ministerstvo vnitra,3959
Úřad průmyslového vlastnictví,873
HLAVNÍ MĚSTO PRAHA,333
Český telekomunikační úřad,98
Ministerstvo zdravotnictví,97
Ministerstvo životního prostředí,89
Statutární město Ostrava,81
Ministerstvo dopravy,61
Statutární město Děčín,39
Úřad vlády České republiky,37
Česká školní inspekce,30
Město Bohumín,20
Nejvyšší kontrolní úřad,20
Statutární město Olomouc,17
"Ministerstvo školství, mládeže a tělovýchovy",16
Státní ústav pro kontrolu léčiv,12
Jihomoravský kraj,10
Statutární město Karviná,9
Plzeňský kraj,8
Ministerstvo průmyslu a obchodu,7
Statutární město Opava,7
ČESKÁ NÁRODNÍ BANKA,7
Česká obchodní inspekce,7
Obec Huntířov,5
ČESKÝ ROZHLAS,5
Ministerstvo obrany,4
Jihočeský kraj,3
Liberecký kraj,3
Ministerstvo financí,3
Moravskoslezský kraj,3
Olomoucký kraj,3
Statutární město Hradec Králové,3
Město Vrchlabí,2
Česká informační agentura životního prostředí,2
Český statistický úřad,2
Český úřad zeměměřický a katastrální,2
Institut umění - Divadelní ústav,1
Karlovarský kraj,1
Kraj Vysočina,1
Statutární město Brno,1
