jméno_poskytovatele,neplatný_typ,distribuce
HLAVNÍ MĚSTO PRAHA,zip:csv,https://data.gov.cz/zdroj/datové-sady/http---opendata.praha.eu-api-3-action-package_show-id-scitani-osob/distribuce/7a84e9d15a7e545a5f95a5f75e4b91f2
HLAVNÍ MĚSTO PRAHA,zip:csv,https://data.gov.cz/zdroj/datové-sady/http---opendata.praha.eu-api-3-action-package_show-id-scitani-osob/distribuce/b353735ea846efecd8b61d0ddf96cc5c
HLAVNÍ MĚSTO PRAHA,zip:csv,https://data.gov.cz/zdroj/datové-sady/http---opendata.praha.eu-api-3-action-package_show-id-scitani-osob/distribuce/bc0ef16934dbfed7c767da2bd6d346ec
HLAVNÍ MĚSTO PRAHA,xslx,https://data.gov.cz/zdroj/datové-sady/http---opendata.praha.eu-api-3-action-package_show-id-dpp-nehodovost/distribuce/d1b91689fa0029ae3bcd6782e4680657
HLAVNÍ MĚSTO PRAHA,API,https://data.gov.cz/zdroj/datové-sady/http---opendata.praha.eu-api-3-action-package_show-id-chytry-svoz-odpadu-zaplnenost-nadob-na-trideny-odpad-api/distribuce/7ecf904d2004b0efec37f3f62745b2bd
HLAVNÍ MĚSTO PRAHA,gzip:csv,https://data.gov.cz/zdroj/datové-sady/http---opendata.praha.eu-api-3-action-package_show-id-zps_tickets/distribuce/d2800f35e9e53726f83f95929f29b5db
HLAVNÍ MĚSTO PRAHA,gzip:csv,https://data.gov.cz/zdroj/datové-sady/http---opendata.praha.eu-api-3-action-package_show-id-zps_tickets/distribuce/50d7ae2fce27a2379d0c83b4d1ab3414
HLAVNÍ MĚSTO PRAHA,gzip:csv,https://data.gov.cz/zdroj/datové-sady/http---opendata.praha.eu-api-3-action-package_show-id-zps_tickets/distribuce/57d9c96fc8349ab0aa0e2a61b8c9534c
HLAVNÍ MĚSTO PRAHA,gzip:csv,https://data.gov.cz/zdroj/datové-sady/http---opendata.praha.eu-api-3-action-package_show-id-zps_tickets/distribuce/6b58fdd113fec748c9100a5a1ec8b238
HLAVNÍ MĚSTO PRAHA,gzip:csv,https://data.gov.cz/zdroj/datové-sady/http---opendata.praha.eu-api-3-action-package_show-id-zps_tickets/distribuce/b0c27c34886403c37a97ee8b5cac1792
HLAVNÍ MĚSTO PRAHA,gzip:csv,https://data.gov.cz/zdroj/datové-sady/http---opendata.praha.eu-api-3-action-package_show-id-zps_tickets/distribuce/f9657851e44fe3fe17ef131d5dec45f5
HLAVNÍ MĚSTO PRAHA,gzip:csv,https://data.gov.cz/zdroj/datové-sady/http---opendata.praha.eu-api-3-action-package_show-id-zps_tickets/distribuce/8f94f32821ec561781a30f14ebed9399
HLAVNÍ MĚSTO PRAHA,gzip:csv,https://data.gov.cz/zdroj/datové-sady/http---opendata.praha.eu-api-3-action-package_show-id-zps_tickets/distribuce/b46eec449283712f8d1851af076cde60
HLAVNÍ MĚSTO PRAHA,gzip:csv,https://data.gov.cz/zdroj/datové-sady/http---opendata.praha.eu-api-3-action-package_show-id-zps_tickets/distribuce/16a2c02a95d0f5ed8e7283809a94841d
HLAVNÍ MĚSTO PRAHA,gzip:csv,https://data.gov.cz/zdroj/datové-sady/http---opendata.praha.eu-api-3-action-package_show-id-zps_tickets/distribuce/d4f19690b43a0ae21c144e0736a3d636
HLAVNÍ MĚSTO PRAHA,gzip:csv,https://data.gov.cz/zdroj/datové-sady/http---opendata.praha.eu-api-3-action-package_show-id-zps_tickets/distribuce/895ed54a03877932d158e9d2846b2089
HLAVNÍ MĚSTO PRAHA,gzip:csv,https://data.gov.cz/zdroj/datové-sady/http---opendata.praha.eu-api-3-action-package_show-id-zps_tickets/distribuce/cb63c6cc81c93c687a8a7a49f61e3497
HLAVNÍ MĚSTO PRAHA,gzip:csv,https://data.gov.cz/zdroj/datové-sady/http---opendata.praha.eu-api-3-action-package_show-id-zps_tickets/distribuce/c700f7c74f95593234cbeeca3d7c81c6
HLAVNÍ MĚSTO PRAHA,gzip:csv,https://data.gov.cz/zdroj/datové-sady/http---opendata.praha.eu-api-3-action-package_show-id-zps_tickets/distribuce/00f757a59e8f2646fa4d593215be0118
HLAVNÍ MĚSTO PRAHA,gzip:csv,https://data.gov.cz/zdroj/datové-sady/http---opendata.praha.eu-api-3-action-package_show-id-zps_tickets/distribuce/1d5d9a66d7d27a01d44203f0d149647b
HLAVNÍ MĚSTO PRAHA,gzip:csv,https://data.gov.cz/zdroj/datové-sady/http---opendata.praha.eu-api-3-action-package_show-id-zps_tickets/distribuce/5f5b19bf2877f2cfefe09fdd3d275172
HLAVNÍ MĚSTO PRAHA,URL,https://data.gov.cz/zdroj/datové-sady/http---opendata.praha.eu-api-3-action-package_show-id-praha8-volna-pracovni-mista-na-umc-praha-8/distribuce/f96e6374d55b9822db5b3d5e0dbe8d7d
HLAVNÍ MĚSTO PRAHA,,https://data.gov.cz/zdroj/datové-sady/http---opendata.praha.eu-api-3-action-package_show-id-seznam-detskych-hrist-na-uzemi-mc-praha-11/distribuce/8c5b35da32cf5ef7c819aaf01e500b66
HLAVNÍ MĚSTO PRAHA,XSD,https://data.gov.cz/zdroj/datové-sady/http---opendata.praha.eu-api-3-action-package_show-id-zastavky-a-oznacniky-pid/distribuce/b1cee7506404411cdabd166f64e2c7f4
HLAVNÍ MĚSTO PRAHA,URL,https://data.gov.cz/zdroj/datové-sady/http---opendata.praha.eu-api-3-action-package_show-id-praha8-rozpocet-mc/distribuce/2ca122b9f523fc5e9165491765081e4b
HLAVNÍ MĚSTO PRAHA,url,https://data.gov.cz/zdroj/datové-sady/http---opendata.praha.eu-api-3-action-package_show-id-praha8-rozpocet-mc/distribuce/5cb981f6b45e211122f9b23c8e4a3343
HLAVNÍ MĚSTO PRAHA,URL,https://data.gov.cz/zdroj/datové-sady/http---opendata.praha.eu-api-3-action-package_show-id-praha8-rozpocet-mc/distribuce/9bc8eebcee081c6282e98fb2b0a26e70
HLAVNÍ MĚSTO PRAHA,API,https://data.gov.cz/zdroj/datové-sady/http---opendata.praha.eu-api-3-action-package_show-id-polohy-vozu-pid/distribuce/df240857c54318cceefb93073bb4e997
HLAVNÍ MĚSTO PRAHA,ZIP:CSV,https://data.gov.cz/zdroj/datové-sady/http---opendata.praha.eu-api-3-action-package_show-id-cykloscitace/distribuce/037868f80ec4d020747f983b87375639
HLAVNÍ MĚSTO PRAHA,ZIP:CSV,https://data.gov.cz/zdroj/datové-sady/http---opendata.praha.eu-api-3-action-package_show-id-cykloscitace/distribuce/8a0d7fc6e0fabef1498889ffd5bdfa49
HLAVNÍ MĚSTO PRAHA,ZIP:CSV,https://data.gov.cz/zdroj/datové-sady/http---opendata.praha.eu-api-3-action-package_show-id-cykloscitace/distribuce/741925534e7ff968ef2e21b82b7717f6
HLAVNÍ MĚSTO PRAHA,API,https://data.gov.cz/zdroj/datové-sady/http---opendata.praha.eu-api-3-action-package_show-id-meteostanice-chmi-api/distribuce/94fa6b0ac38c1c2897da8d9cd7b8a2a5
HLAVNÍ MĚSTO PRAHA,API,https://data.gov.cz/zdroj/datové-sady/http---opendata.praha.eu-api-3-action-package_show-id-parkovani-pr-api/distribuce/001b98a6d9d67ccbf21fd490f573dcd9
HLAVNÍ MĚSTO PRAHA,API,https://data.gov.cz/zdroj/datové-sady/http---opendata.praha.eu-api-3-action-package_show-id-cykloscitace-api/distribuce/09789db2ef425e2c56d5010a19c06967
HLAVNÍ MĚSTO PRAHA,XSD,https://data.gov.cz/zdroj/datové-sady/http---opendata.praha.eu-api-3-action-package_show-id-prodejni-mista-dokladu-pid/distribuce/458e9a59d783e66b02e81c79c4f9d346
HLAVNÍ MĚSTO PRAHA,XSD,https://data.gov.cz/zdroj/datové-sady/http---opendata.praha.eu-api-3-action-package_show-id-prodejni-mista-dokladu-pid/distribuce/ee6ffa7dd11e65e95fac89ee6cac2d3a
HLAVNÍ MĚSTO PRAHA,XSLX,https://data.gov.cz/zdroj/datové-sady/http---opendata.praha.eu-api-3-action-package_show-id-nebytove-prostory/distribuce/a8e9b9fc1336680ba045abd3cf02cf3b
HLAVNÍ MĚSTO PRAHA,XSLX,https://data.gov.cz/zdroj/datové-sady/http---opendata.praha.eu-api-3-action-package_show-id-nebytove-prostory/distribuce/bb03f5fde86bda97b13a059196cbe664
Ministerstvo životního prostředí,OGC WFS,https://data.gov.cz/zdroj/datové-sady/http---opendata.mzp.cz-api-3-action-package_show-id-biogeograficke-lenni/distribuce/a2bfab061a3cdf1d378c3199fb674c03
Ministerstvo životního prostředí,OGC WMS,https://data.gov.cz/zdroj/datové-sady/http---opendata.mzp.cz-api-3-action-package_show-id-biogeograficke-lenni/distribuce/9e6859b89f6240d0d16d30d5e1fdb834
Ministerstvo životního prostředí,Esri REST,https://data.gov.cz/zdroj/datové-sady/http---opendata.mzp.cz-api-3-action-package_show-id-biogeograficke-lenni/distribuce/2700630133aa461a7b028d97f444ae47
Ministerstvo životního prostředí,Esri REST,https://data.gov.cz/zdroj/datové-sady/http---opendata.mzp.cz-api-3-action-package_show-id-sidla-pracovi-aopk-r/distribuce/50272dd49a8226d954846c5e466b62c2
Ministerstvo životního prostředí,OGC WFS,https://data.gov.cz/zdroj/datové-sady/http---opendata.mzp.cz-api-3-action-package_show-id-sidla-pracovi-aopk-r/distribuce/a2bfab061a3cdf1d378c3199fb674c03
Ministerstvo životního prostředí,OGC WMS,https://data.gov.cz/zdroj/datové-sady/http---opendata.mzp.cz-api-3-action-package_show-id-sidla-pracovi-aopk-r/distribuce/9e6859b89f6240d0d16d30d5e1fdb834
Statutární město Děčín,ZIP (SHP),https://data.gov.cz/zdroj/datové-sady/https---opendata.mmdecin.cz-api-3-action-package_show-id-sberne-nadoby-a-sberne-dvory/distribuce/771b4bcbba7beec54b8ee72db4a7f692
Ministerstvo životního prostředí,OGC WMS,https://data.gov.cz/zdroj/datové-sady/http---opendata.mzp.cz-api-3-action-package_show-id-geoparky/distribuce/9e6859b89f6240d0d16d30d5e1fdb834
Ministerstvo životního prostředí,Esri REST,https://data.gov.cz/zdroj/datové-sady/http---opendata.mzp.cz-api-3-action-package_show-id-geoparky/distribuce/b945b047c175301a42756c889d139f6b
Ministerstvo životního prostředí,OGC WFS,https://data.gov.cz/zdroj/datové-sady/http---opendata.mzp.cz-api-3-action-package_show-id-geoparky/distribuce/a2bfab061a3cdf1d378c3199fb674c03
Statutární město Děčín,ZIP (SHP),https://data.gov.cz/zdroj/datové-sady/https---opendata.mmdecin.cz-api-3-action-package_show-id-prispevkove-organizace-mesta-decin/distribuce/3a08f58f524cc16260eb8746da28b8d6
Ministerstvo životního prostředí,OGC WMS,https://data.gov.cz/zdroj/datové-sady/http---opendata.mzp.cz-api-3-action-package_show-id-mapovaci-si-dleni-1-adu/distribuce/9e6859b89f6240d0d16d30d5e1fdb834
Ministerstvo životního prostředí,Esri REST,https://data.gov.cz/zdroj/datové-sady/http---opendata.mzp.cz-api-3-action-package_show-id-mapovaci-si-dleni-1-adu/distribuce/deff57b6c1fc2edd6ee035bd5be41e0a
Ministerstvo životního prostředí,OGC WFS,https://data.gov.cz/zdroj/datové-sady/http---opendata.mzp.cz-api-3-action-package_show-id-mapovaci-si-dleni-1-adu/distribuce/a2bfab061a3cdf1d378c3199fb674c03
Český telekomunikační úřad,data,https://data.gov.cz/zdroj/datové-sady/http---data.ctu.cz-api-3-action-package_show-id-e9eba869-7b5c-4cf3-bf19-8b3f52869259/distribuce/0c8ef937229eede787c712df0449fee3
Ministerstvo životního prostředí,OGC WFS,https://data.gov.cz/zdroj/datové-sady/http---opendata.mzp.cz-api-3-action-package_show-id-zonace-velkoplonych-zvlat-chrannych-uzemi/distribuce/a2bfab061a3cdf1d378c3199fb674c03
Ministerstvo životního prostředí,Esri REST,https://data.gov.cz/zdroj/datové-sady/http---opendata.mzp.cz-api-3-action-package_show-id-zonace-velkoplonych-zvlat-chrannych-uzemi/distribuce/4e502097f768a569b979682276ea2c3e
Ministerstvo životního prostředí,OGC WMS,https://data.gov.cz/zdroj/datové-sady/http---opendata.mzp.cz-api-3-action-package_show-id-zonace-velkoplonych-zvlat-chrannych-uzemi/distribuce/9e6859b89f6240d0d16d30d5e1fdb834
Statutární město Děčín,ZIP (SHP),https://data.gov.cz/zdroj/datové-sady/https---opendata.mmdecin.cz-api-3-action-package_show-id-zastavky-mhd-dpmd-decin/distribuce/7323fd2f91c5b5332c9134754a871946
Statutární město Děčín,ZIP (SHP),https://data.gov.cz/zdroj/datové-sady/https---opendata.mmdecin.cz-api-3-action-package_show-id-dopravni-znacky/distribuce/a132157c45d0c9683ba9cd5dd75ecbdb
Statutární město Děčín,ZIP (SHP),https://data.gov.cz/zdroj/datové-sady/https---opendata.mmdecin.cz-api-3-action-package_show-id-verejne-osvetleni-rozvadece-svitidla-vedeni/distribuce/20e35203b0ef3c768eba180bf4caf4cb
Statutární město Děčín,ZIP (SHP),https://data.gov.cz/zdroj/datové-sady/https---opendata.mmdecin.cz-api-3-action-package_show-id-seznam-parcel-v-majetku-mesta-decin/distribuce/5463ed27aaf70dd5898c43a7c6a74684
Ministerstvo životního prostředí,OGC WFS,https://data.gov.cz/zdroj/datové-sady/http---opendata.mzp.cz-api-3-action-package_show-id-mokady-ramsarske-umluvy/distribuce/a2bfab061a3cdf1d378c3199fb674c03
Ministerstvo životního prostředí,OGC WMS,https://data.gov.cz/zdroj/datové-sady/http---opendata.mzp.cz-api-3-action-package_show-id-mokady-ramsarske-umluvy/distribuce/9e6859b89f6240d0d16d30d5e1fdb834
Ministerstvo životního prostředí,Esri REST,https://data.gov.cz/zdroj/datové-sady/http---opendata.mzp.cz-api-3-action-package_show-id-mokady-ramsarske-umluvy/distribuce/68016bcfd9b590912a9918370ead148d
Statutární město Děčín,ZIP (SHP),https://data.gov.cz/zdroj/datové-sady/https---opendata.mmdecin.cz-api-3-action-package_show-id-detska-hriste/distribuce/e8dc7b3985d588842ba325661fe1a29e
Ministerstvo životního prostředí,OGC WMS,https://data.gov.cz/zdroj/datové-sady/http---opendata.mzp.cz-api-3-action-package_show-id-klidova-uzemi-narodniho-parku/distribuce/9e6859b89f6240d0d16d30d5e1fdb834
Ministerstvo životního prostředí,Esri REST,https://data.gov.cz/zdroj/datové-sady/http---opendata.mzp.cz-api-3-action-package_show-id-klidova-uzemi-narodniho-parku/distribuce/11f5cde244e55b52824953833f3126a2
Ministerstvo životního prostředí,OGC WFS,https://data.gov.cz/zdroj/datové-sady/http---opendata.mzp.cz-api-3-action-package_show-id-klidova-uzemi-narodniho-parku/distribuce/a2bfab061a3cdf1d378c3199fb674c03
Ministerstvo životního prostředí,OGC WMS,https://data.gov.cz/zdroj/datové-sady/http---opendata.mzp.cz-api-3-action-package_show-id-pamatne-stromy-bez-ureni-polohy-jedinc-polygony/distribuce/9e6859b89f6240d0d16d30d5e1fdb834
Ministerstvo životního prostředí,Esri REST,https://data.gov.cz/zdroj/datové-sady/http---opendata.mzp.cz-api-3-action-package_show-id-pamatne-stromy-bez-ureni-polohy-jedinc-polygony/distribuce/2f3e9e74810f2ac5c75de014ca6dcbd8
Ministerstvo životního prostředí,OGC WFS,https://data.gov.cz/zdroj/datové-sady/http---opendata.mzp.cz-api-3-action-package_show-id-pamatne-stromy-bez-ureni-polohy-jedinc-polygony/distribuce/a2bfab061a3cdf1d378c3199fb674c03
Statutární město Děčín,ZIP (SHP),https://data.gov.cz/zdroj/datové-sady/https---opendata.mmdecin.cz-api-3-action-package_show-id-protipovodnova-opatreni/distribuce/b44690656410fc275b4192a5e35c5217
Ministerstvo životního prostředí,OGC WFS,https://data.gov.cz/zdroj/datové-sady/http---opendata.mzp.cz-api-3-action-package_show-id-lokality-narodn-vyznamnych-druh/distribuce/a2bfab061a3cdf1d378c3199fb674c03
Ministerstvo životního prostředí,OGC WMS,https://data.gov.cz/zdroj/datové-sady/http---opendata.mzp.cz-api-3-action-package_show-id-lokality-narodn-vyznamnych-druh/distribuce/9e6859b89f6240d0d16d30d5e1fdb834
Ministerstvo životního prostředí,Esri REST,https://data.gov.cz/zdroj/datové-sady/http---opendata.mzp.cz-api-3-action-package_show-id-lokality-narodn-vyznamnych-druh/distribuce/3cd932f95d8305d865f22fb35a4dde31
Ministerstvo životního prostředí,OGC WFS,https://data.gov.cz/zdroj/datové-sady/http---opendata.mzp.cz-api-3-action-package_show-id-pamatne-stromy-s-urenou-polohou-jedinc/distribuce/a2bfab061a3cdf1d378c3199fb674c03
Ministerstvo životního prostředí,OGC WMS,https://data.gov.cz/zdroj/datové-sady/http---opendata.mzp.cz-api-3-action-package_show-id-pamatne-stromy-s-urenou-polohou-jedinc/distribuce/9e6859b89f6240d0d16d30d5e1fdb834
Ministerstvo životního prostředí,Esri REST,https://data.gov.cz/zdroj/datové-sady/http---opendata.mzp.cz-api-3-action-package_show-id-pamatne-stromy-s-urenou-polohou-jedinc/distribuce/7c1d61313b3a3c08224f81d424e65d27
Ministerstvo životního prostředí,OGC WFS,https://data.gov.cz/zdroj/datové-sady/http---opendata.mzp.cz-api-3-action-package_show-id-ptai-oblasti/distribuce/a2bfab061a3cdf1d378c3199fb674c03
Ministerstvo životního prostředí,OGC WMS,https://data.gov.cz/zdroj/datové-sady/http---opendata.mzp.cz-api-3-action-package_show-id-ptai-oblasti/distribuce/9e6859b89f6240d0d16d30d5e1fdb834
Ministerstvo životního prostředí,Esri REST,https://data.gov.cz/zdroj/datové-sady/http---opendata.mzp.cz-api-3-action-package_show-id-ptai-oblasti/distribuce/d27cdfba8a73e705f7c07faecd8ea9a7
Ministerstvo životního prostředí,OGC WMS,https://data.gov.cz/zdroj/datové-sady/http---opendata.mzp.cz-api-3-action-package_show-id-zonace-vzchu-chranuzemi-pokus/distribuce/9538bcd1be0d0dd5d86b265e70a8d14d
Ministerstvo životního prostředí,Esri REST,https://data.gov.cz/zdroj/datové-sady/http---opendata.mzp.cz-api-3-action-package_show-id-zonace-vzchu-chranuzemi-pokus/distribuce/0e2ee47eec0c5711ac785d411726aa75
Ministerstvo životního prostředí,OGC WFS,https://data.gov.cz/zdroj/datové-sady/http---opendata.mzp.cz-api-3-action-package_show-id-zonace-vzchu-chranuzemi-pokus/distribuce/b04059d50a9ed583114f4d8c175ad98a
Ministerstvo životního prostředí,OGC WMS,https://data.gov.cz/zdroj/datové-sady/http---opendata.mzp.cz-api-3-action-package_show-id-mapovaci-si-zakladni-pole/distribuce/9e6859b89f6240d0d16d30d5e1fdb834
Ministerstvo životního prostředí,Esri REST,https://data.gov.cz/zdroj/datové-sady/http---opendata.mzp.cz-api-3-action-package_show-id-mapovaci-si-zakladni-pole/distribuce/dcaf4109ed70a603b560c18490ffab3b
Ministerstvo životního prostředí,OGC WFS,https://data.gov.cz/zdroj/datové-sady/http---opendata.mzp.cz-api-3-action-package_show-id-mapovaci-si-zakladni-pole/distribuce/a2bfab061a3cdf1d378c3199fb674c03
Ministerstvo životního prostředí,OGC WMS,https://data.gov.cz/zdroj/datové-sady/http---opendata.mzp.cz-api-3-action-package_show-id-velkoplona-zvlat-chranna-uzemi/distribuce/9e6859b89f6240d0d16d30d5e1fdb834
Ministerstvo životního prostředí,Esri REST,https://data.gov.cz/zdroj/datové-sady/http---opendata.mzp.cz-api-3-action-package_show-id-velkoplona-zvlat-chranna-uzemi/distribuce/7a63523baed8fa8abea59d368319c862
Ministerstvo životního prostředí,OGC WFS,https://data.gov.cz/zdroj/datové-sady/http---opendata.mzp.cz-api-3-action-package_show-id-velkoplona-zvlat-chranna-uzemi/distribuce/a2bfab061a3cdf1d378c3199fb674c03
Statutární město Děčín,dgn,https://data.gov.cz/zdroj/datové-sady/https---opendata.mmdecin.cz-api-3-action-package_show-id-posypova-mista/distribuce/8ec922e594d351f68142b9de36cc6420
Statutární město Děčín,dxf,https://data.gov.cz/zdroj/datové-sady/https---opendata.mmdecin.cz-api-3-action-package_show-id-posypova-mista/distribuce/3b25fc427d10b9a48373b57b8e1c0803
Ministerstvo životního prostředí,OGC WFS,https://data.gov.cz/zdroj/datové-sady/http---opendata.mzp.cz-api-3-action-package_show-id-pamatne-stromy/distribuce/a2bfab061a3cdf1d378c3199fb674c03
Ministerstvo životního prostředí,Esri REST,https://data.gov.cz/zdroj/datové-sady/http---opendata.mzp.cz-api-3-action-package_show-id-pamatne-stromy/distribuce/a9442adcf284d959357c461f07be3781
Ministerstvo životního prostředí,OGC WMS,https://data.gov.cz/zdroj/datové-sady/http---opendata.mzp.cz-api-3-action-package_show-id-pamatne-stromy/distribuce/9e6859b89f6240d0d16d30d5e1fdb834
Ministerstvo životního prostředí,OGC WFS,https://data.gov.cz/zdroj/datové-sady/http---opendata.mzp.cz-api-3-action-package_show-id-zonace-vzchu-opendata-pokus/distribuce/a2bfab061a3cdf1d378c3199fb674c03
Ministerstvo životního prostředí,Esri REST,https://data.gov.cz/zdroj/datové-sady/http---opendata.mzp.cz-api-3-action-package_show-id-zonace-vzchu-opendata-pokus/distribuce/4e502097f768a569b979682276ea2c3e
Ministerstvo životního prostředí,OGC WMS,https://data.gov.cz/zdroj/datové-sady/http---opendata.mzp.cz-api-3-action-package_show-id-zonace-vzchu-opendata-pokus/distribuce/9e6859b89f6240d0d16d30d5e1fdb834
Ministerstvo životního prostředí,OGC WMS,https://data.gov.cz/zdroj/datové-sady/http---opendata.mzp.cz-api-3-action-package_show-id-uses-koncepni-vymezeni-nadregionalnich-biocenter/distribuce/9e6859b89f6240d0d16d30d5e1fdb834
Ministerstvo životního prostředí,Esri REST,https://data.gov.cz/zdroj/datové-sady/http---opendata.mzp.cz-api-3-action-package_show-id-uses-koncepni-vymezeni-nadregionalnich-biocenter/distribuce/14ebaa8fd720f8d768d62724aadb7a4d
Ministerstvo životního prostředí,OGC WFS,https://data.gov.cz/zdroj/datové-sady/http---opendata.mzp.cz-api-3-action-package_show-id-uses-koncepni-vymezeni-nadregionalnich-biocenter/distribuce/a2bfab061a3cdf1d378c3199fb674c03
Ministerstvo životního prostředí,OGC WFS,https://data.gov.cz/zdroj/datové-sady/http---opendata.mzp.cz-api-3-action-package_show-id-maloplona-zvlat-chranna-uzemi/distribuce/a2bfab061a3cdf1d378c3199fb674c03
Ministerstvo životního prostředí,Esri REST,https://data.gov.cz/zdroj/datové-sady/http---opendata.mzp.cz-api-3-action-package_show-id-maloplona-zvlat-chranna-uzemi/distribuce/c994a1dd3e192935fc80b325818a09fd
Ministerstvo životního prostředí,OGC WMS,https://data.gov.cz/zdroj/datové-sady/http---opendata.mzp.cz-api-3-action-package_show-id-maloplona-zvlat-chranna-uzemi/distribuce/9e6859b89f6240d0d16d30d5e1fdb834
Statutární město Opava,aplication/xml,https://data.gov.cz/zdroj/datové-sady/http---kod.opava-city.cz-api-3-action-package_show-id-sberna-mista-pro-odpad-umisteni-kontejneru/distribuce/2b9528798a801a43fd76aad18a54923e
Statutární město Děčín,ZIP (SHP),https://data.gov.cz/zdroj/datové-sady/https---opendata.mmdecin.cz-api-3-action-package_show-id-pamatne-stromy-a-stromoradi/distribuce/f0afab5cdefb787deed33ed0e09d248b
Ministerstvo životního prostředí,Esri REST,https://data.gov.cz/zdroj/datové-sady/http---opendata.mzp.cz-api-3-action-package_show-id-ochranna-pasma-mzchu/distribuce/31760feccc9610e5ae11b99959b206f9
Ministerstvo životního prostředí,OGC WMS,https://data.gov.cz/zdroj/datové-sady/http---opendata.mzp.cz-api-3-action-package_show-id-ochranna-pasma-mzchu/distribuce/9e6859b89f6240d0d16d30d5e1fdb834
Ministerstvo životního prostředí,OGC WFS,https://data.gov.cz/zdroj/datové-sady/http---opendata.mzp.cz-api-3-action-package_show-id-ochranna-pasma-mzchu/distribuce/a2bfab061a3cdf1d378c3199fb674c03
Ministerstvo životního prostředí,OGC WMS,https://data.gov.cz/zdroj/datové-sady/http---opendata.mzp.cz-api-3-action-package_show-id-biosfericke-rezervace-unesco/distribuce/9e6859b89f6240d0d16d30d5e1fdb834
Ministerstvo životního prostředí,Esri REST,https://data.gov.cz/zdroj/datové-sady/http---opendata.mzp.cz-api-3-action-package_show-id-biosfericke-rezervace-unesco/distribuce/b963bed45bcd11b9b3e218be9d4b4b75
Ministerstvo životního prostředí,OGC WFS,https://data.gov.cz/zdroj/datové-sady/http---opendata.mzp.cz-api-3-action-package_show-id-biosfericke-rezervace-unesco/distribuce/a2bfab061a3cdf1d378c3199fb674c03
Český telekomunikační úřad,rdf,https://data.gov.cz/zdroj/datové-sady/http---data.ctu.cz-api-3-action-package_show-id-0cb3aa48-2a75-4d54-adfd-ac28753b3608/distribuce/a08cc398a38fb3887f1123c4ded2a435
Český telekomunikační úřad,rdf,https://data.gov.cz/zdroj/datové-sady/http---data.ctu.cz-api-3-action-package_show-id-0cb3aa48-2a75-4d54-adfd-ac28753b3608/distribuce/ccfe1663992c4e7203c12ad7e3a118eb
Český telekomunikační úřad,rdf,https://data.gov.cz/zdroj/datové-sady/http---data.ctu.cz-api-3-action-package_show-id-0cb3aa48-2a75-4d54-adfd-ac28753b3608/distribuce/fed6f12eb096c63520904dda9fb92b15
Český telekomunikační úřad,rdf,https://data.gov.cz/zdroj/datové-sady/http---data.ctu.cz-api-3-action-package_show-id-0cb3aa48-2a75-4d54-adfd-ac28753b3608/distribuce/b85f21081bb24423e11e732e80a482dd
Český telekomunikační úřad,rdf,https://data.gov.cz/zdroj/datové-sady/http---data.ctu.cz-api-3-action-package_show-id-0cb3aa48-2a75-4d54-adfd-ac28753b3608/distribuce/55b8294fb6ecceefe5c0c79d321bb27d
Ministerstvo životního prostředí,Esri REST,https://data.gov.cz/zdroj/datové-sady/http---opendata.mzp.cz-api-3-action-package_show-id-zonace-narodniho-parku-arondace/distribuce/2d5cf308012c378bccab5355135811ef
Ministerstvo životního prostředí,OGC WFS,https://data.gov.cz/zdroj/datové-sady/http---opendata.mzp.cz-api-3-action-package_show-id-zonace-narodniho-parku-arondace/distribuce/a2bfab061a3cdf1d378c3199fb674c03
Ministerstvo životního prostředí,OGC WMS,https://data.gov.cz/zdroj/datové-sady/http---opendata.mzp.cz-api-3-action-package_show-id-zonace-narodniho-parku-arondace/distribuce/9e6859b89f6240d0d16d30d5e1fdb834
Statutární město Děčín,ZIP (SHP),https://data.gov.cz/zdroj/datové-sady/https---opendata.mmdecin.cz-api-3-action-package_show-id-pasport-komunikaci/distribuce/db1ac9c0cd86b552e520e350f7b4ae14
Statutární město Děčín,ZIP (SHP),https://data.gov.cz/zdroj/datové-sady/https---opendata.mmdecin.cz-api-3-action-package_show-id-pasport-komunikaci/distribuce/cb4cdd0e0231c0a746ae538da6a91a6e
Statutární město Děčín,ZIP (SHP),https://data.gov.cz/zdroj/datové-sady/https---opendata.mmdecin.cz-api-3-action-package_show-id-mestske-casti-decin/distribuce/0e806560762314f552fad27951409a18
Statutární město Děčín,DGN,https://data.gov.cz/zdroj/datové-sady/https---opendata.mmdecin.cz-api-3-action-package_show-id-vyskopis-mesta-decin/distribuce/80fe564afdc76feb8e00a5000884b779
Statutární město Děčín,ZIP (SHP),https://data.gov.cz/zdroj/datové-sady/https---opendata.mmdecin.cz-api-3-action-package_show-id-vyskopis-mesta-decin/distribuce/b57a3964519969f0819d1cdb647e40b6
Statutární město Děčín,ZIP (DXF),https://data.gov.cz/zdroj/datové-sady/https---opendata.mmdecin.cz-api-3-action-package_show-id-vyskopis-mesta-decin/distribuce/31c74e7c9d2c5b99db00bce6e867cd1e
Statutární město Děčín,ZIP (SHP),https://data.gov.cz/zdroj/datové-sady/https---opendata.mmdecin.cz-api-3-action-package_show-id-cisteni-a-zimni-udrzba-vozovek/distribuce/7e9f79b0a8d8b7204ca3cac51d649651
Statutární město Děčín,ZIP (SHP),https://data.gov.cz/zdroj/datové-sady/https---opendata.mmdecin.cz-api-3-action-package_show-id-cisteni-a-zimni-udrzba-vozovek/distribuce/db19ee3bc946551f87e9a18a5e1d9f1a
Statutární město Děčín,ZIP (SHP),https://data.gov.cz/zdroj/datové-sady/https---opendata.mmdecin.cz-api-3-action-package_show-id-cisteni-a-zimni-udrzba-vozovek/distribuce/0e4005aa51cd80e4f7bdbe9626297a04
Statutární město Děčín,ZIP (SHP),https://data.gov.cz/zdroj/datové-sady/https---opendata.mmdecin.cz-api-3-action-package_show-id-cisteni-a-zimni-udrzba-vozovek/distribuce/9eead65bbd17a469958b934b19c59957
Statutární město Děčín,ZIP (SHP),https://data.gov.cz/zdroj/datové-sady/https---opendata.mmdecin.cz-api-3-action-package_show-id-mobiliar-mesta-decin/distribuce/1655260673fe575c71ce6b3a5175c52f
Statutární město Děčín,dgn,https://data.gov.cz/zdroj/datové-sady/https---opendata.mmdecin.cz-api-3-action-package_show-id-ulicni-tabule/distribuce/013ce4746165df65fed35a9474a145e8
Statutární město Děčín,dxf,https://data.gov.cz/zdroj/datové-sady/https---opendata.mmdecin.cz-api-3-action-package_show-id-ulicni-tabule/distribuce/4519593385c53ae008a7fe118f49a839
Ministerstvo životního prostředí,OGC WFS,https://data.gov.cz/zdroj/datové-sady/http---opendata.mzp.cz-api-3-action-package_show-id-biotop-zvlat-chrannych-druh-velkych-savc/distribuce/a2bfab061a3cdf1d378c3199fb674c03
Ministerstvo životního prostředí,Esri REST,https://data.gov.cz/zdroj/datové-sady/http---opendata.mzp.cz-api-3-action-package_show-id-biotop-zvlat-chrannych-druh-velkych-savc/distribuce/c604306cdfbfe2ef1864189e45289a71
Ministerstvo životního prostředí,OGC WMS,https://data.gov.cz/zdroj/datové-sady/http---opendata.mzp.cz-api-3-action-package_show-id-biotop-zvlat-chrannych-druh-velkych-savc/distribuce/9e6859b89f6240d0d16d30d5e1fdb834
Ministerstvo životního prostředí,OGC WMS,https://data.gov.cz/zdroj/datové-sady/http---opendata.mzp.cz-api-3-action-package_show-id-evropsky-vyznamne-lokality/distribuce/9e6859b89f6240d0d16d30d5e1fdb834
Ministerstvo životního prostředí,Esri REST,https://data.gov.cz/zdroj/datové-sady/http---opendata.mzp.cz-api-3-action-package_show-id-evropsky-vyznamne-lokality/distribuce/a01b2d9799d3ce1594ba9603fb855a68
Ministerstvo životního prostředí,OGC WFS,https://data.gov.cz/zdroj/datové-sady/http---opendata.mzp.cz-api-3-action-package_show-id-evropsky-vyznamne-lokality/distribuce/a2bfab061a3cdf1d378c3199fb674c03
Statutární město Děčín,ZIP (SHP),https://data.gov.cz/zdroj/datové-sady/https---opendata.mmdecin.cz-api-3-action-package_show-id-volebni-okrsky-decin/distribuce/d78e5436082846fe195673a5751b7935
Statutární město Děčín,ZIP (SHP),https://data.gov.cz/zdroj/datové-sady/https---opendata.mmdecin.cz-api-3-action-package_show-id-skolske-obvody-decin/distribuce/ce8a331c333e2ea0304f8115eec097b8
Ministerstvo životního prostředí,Esri REST,https://data.gov.cz/zdroj/datové-sady/http---opendata.mzp.cz-api-3-action-package_show-id-uzemni-obvody-regionalnich-pracovi-aopk/distribuce/d5507ed3dc010de999ea051f08445967
Ministerstvo životního prostředí,OGC WMS,https://data.gov.cz/zdroj/datové-sady/http---opendata.mzp.cz-api-3-action-package_show-id-uzemni-obvody-regionalnich-pracovi-aopk/distribuce/9e6859b89f6240d0d16d30d5e1fdb834
Ministerstvo životního prostředí,OGC WFS,https://data.gov.cz/zdroj/datové-sady/http---opendata.mzp.cz-api-3-action-package_show-id-uzemni-obvody-regionalnich-pracovi-aopk/distribuce/a2bfab061a3cdf1d378c3199fb674c03
Statutární město Děčín,ZIP (SHP),https://data.gov.cz/zdroj/datové-sady/https---opendata.mmdecin.cz-api-3-action-package_show-id-zaplavove-uzemi-decin/distribuce/6d5610d3d93fdc918bc5a71afce109d8
Statutární město Děčín,ZIP (SHP),https://data.gov.cz/zdroj/datové-sady/https---opendata.mmdecin.cz-api-3-action-package_show-id-zelen-pasport-zelene/distribuce/d634e54b0d35d80059b6994edcbe5946
Statutární město Děčín,ZIP (SHP),https://data.gov.cz/zdroj/datové-sady/https---opendata.mmdecin.cz-api-3-action-package_show-id-zelen-pasport-zelene/distribuce/5e5b108fb27ecc0a1a438495401ae162
Statutární město Děčín,ZIP (SHP),https://data.gov.cz/zdroj/datové-sady/https---opendata.mmdecin.cz-api-3-action-package_show-id-zelen-pasport-zelene/distribuce/ed30de89a51e9707e78ed07b1efc5f64
Statutární město Děčín,DGN,https://data.gov.cz/zdroj/datové-sady/https---opendata.mmdecin.cz-api-3-action-package_show-id-lesy-v-majetku-mesta-decin/distribuce/bd2c8cdd26933ccea63b41635c8bd476
Statutární město Děčín,ZIP (SHP),https://data.gov.cz/zdroj/datové-sady/https---opendata.mmdecin.cz-api-3-action-package_show-id-lesy-v-majetku-mesta-decin/distribuce/483c5d172447c06b9b8f17b5e59e44e6
Statutární město Děčín,DXF,https://data.gov.cz/zdroj/datové-sady/https---opendata.mmdecin.cz-api-3-action-package_show-id-lesy-v-majetku-mesta-decin/distribuce/7b13128548a83ded1cf800026398def6
Ministerstvo životního prostředí,OGC WMS,https://data.gov.cz/zdroj/datové-sady/http---opendata.mzp.cz-api-3-action-package_show-id-zonace-biosferickych-rezervaci/distribuce/9e6859b89f6240d0d16d30d5e1fdb834
Ministerstvo životního prostředí,Esri REST,https://data.gov.cz/zdroj/datové-sady/http---opendata.mzp.cz-api-3-action-package_show-id-zonace-biosferickych-rezervaci/distribuce/f87a7d642626d96e796650aabc3ceb95
Ministerstvo životního prostředí,OGC WFS,https://data.gov.cz/zdroj/datové-sady/http---opendata.mzp.cz-api-3-action-package_show-id-zonace-biosferickych-rezervaci/distribuce/a2bfab061a3cdf1d378c3199fb674c03
Statutární město Děčín,DGN,https://data.gov.cz/zdroj/datové-sady/https---opendata.mmdecin.cz-api-3-action-package_show-id-metropolitni-sit-decin/distribuce/4618f840969a27daf7bb66720a8b8b06
Statutární město Děčín,ZIP (SHP),https://data.gov.cz/zdroj/datové-sady/https---opendata.mmdecin.cz-api-3-action-package_show-id-mobiliar-mesta-decin-lavicky/distribuce/78eff17b7ea0e7745350de1306efd763
Ministerstvo životního prostředí,OGC WFS,https://data.gov.cz/zdroj/datové-sady/http---opendata.mzp.cz-api-3-action-package_show-id-smluvn-chranna-uzemi/distribuce/a2bfab061a3cdf1d378c3199fb674c03
Ministerstvo životního prostředí,OGC WMS,https://data.gov.cz/zdroj/datové-sady/http---opendata.mzp.cz-api-3-action-package_show-id-smluvn-chranna-uzemi/distribuce/9e6859b89f6240d0d16d30d5e1fdb834
Ministerstvo životního prostředí,Esri REST,https://data.gov.cz/zdroj/datové-sady/http---opendata.mzp.cz-api-3-action-package_show-id-smluvn-chranna-uzemi/distribuce/1519b73ccf39213b5dad33368b27dbfc
Ministerstvo životního prostředí,OGC WFS,https://data.gov.cz/zdroj/datové-sady/http---opendata.mzp.cz-api-3-action-package_show-id-pamatne-stromy-bez-ureni-polohy-jedinc-linie/distribuce/a2bfab061a3cdf1d378c3199fb674c03
Ministerstvo životního prostředí,Esri REST,https://data.gov.cz/zdroj/datové-sady/http---opendata.mzp.cz-api-3-action-package_show-id-pamatne-stromy-bez-ureni-polohy-jedinc-linie/distribuce/8d931b5337133a47b27ced78c365d4cd
Ministerstvo životního prostředí,OGC WMS,https://data.gov.cz/zdroj/datové-sady/http---opendata.mzp.cz-api-3-action-package_show-id-pamatne-stromy-bez-ureni-polohy-jedinc-linie/distribuce/9e6859b89f6240d0d16d30d5e1fdb834
Ministerstvo životního prostředí,Esri REST,https://data.gov.cz/zdroj/datové-sady/http---opendata.mzp.cz-api-3-action-package_show-id-biotop-zvlat-chrannych-druh-velkych-savc1/distribuce/c604306cdfbfe2ef1864189e45289a71
Ministerstvo životního prostředí,OGC WMS,https://data.gov.cz/zdroj/datové-sady/http---opendata.mzp.cz-api-3-action-package_show-id-biotop-zvlat-chrannych-druh-velkych-savc1/distribuce/9e6859b89f6240d0d16d30d5e1fdb834
Ministerstvo životního prostředí,OGC WFS,https://data.gov.cz/zdroj/datové-sady/http---opendata.mzp.cz-api-3-action-package_show-id-biotop-zvlat-chrannych-druh-velkych-savc1/distribuce/a2bfab061a3cdf1d378c3199fb674c03
