{
  "cs": {
    "footer.nkodRegistration": "Registrace do NKOD",
    "footer.registerDataset": "Registrovat novou datovou sadu",
    "footer.registerLocalCatalog": "Registrovat nový lokální katalog",
    "footer.contacts": "Kontakty",
    "footer.contactPerson": "Kontaktní osoba",
    "footer.email": "E-mail",
    "footer.telephone": "Telefon",
    "footer.dia": "Digitální a informační agentura",
    "footer.links": "Odkazy",
    "footer.catalogForDownload": "Katalog ke stažení",
    "footer.downloadCatalogTriG": "RDF TriG",
    "footer.downloadCatalogHDT": "HDT",
    "footer.downloadCatalogJSON": "JSON",
    "footer.downloadDatasets": "CSV - Datové sady",
    "footer.downloadDistributions": "CSV - Distribuce",
    "footer.sparqlEndpoint": "SPARQL endpoint",
    "footer.ldfEndpoint": "Linked Data Fragments endpoint",
    "footer.graphQLEndpoint": "GraphQL endpoint",
    "footer.opendata": "Otevřená data",
    "footer.catalogRunsAt": "Katalog běží na",
    "footer.nkodDocumentation": "Dokumentace na GitHubu",
    "footer.accessibility": "Prohlášení o přístupnosti",
    "footer.dataPreparedWith": "Data zpracována pomocí",
    "footer.thanksTitle": "Poděkování",
    "footer.thanks1": "Tento web vznikl na základě návrhu z projektu ",
    "footer.thanksLink1": "OPZ č. CZ.03.4.74/0.0/0.0/15_025/0004172",
    "footer.thanks2": " který byl dále rozvíjen v rámci projektu ",
    "footer.thanksLink2": "OPZ č. CZ.03.4.74/0.0/0.0/15_025/0013983",
    "footer.thanks3": ".",
    "footer.euOzp": "Evropská unie - Evropský sociální fond - Operační program Zaměstnanost",
    "footer.legalStart": "Není-li uvedeno jinak, je autorskoprávně a databázově chráněný obsah publikovaný na těchto stránkách licencován pod licencí ",
    "footer.legalLink": "CC BY 4.0",
    "footer.legalLinkURL": "https://creativecommons.org/licenses/by/4.0/deed.cs",
    "footer.legalTail": ". Při jeho využití uveďte zdroj a odkažte na patřičnou licenci.",
    "footer.opzLogoLink": "/images/ozp_logo_cz.webp",
    "footer.suggestions": "Podnět na data k otevření",
    "footer.quality": "Datová kvalita"
  },
  "en": {
    "footer.nkodRegistration": "Registration in NKOD",
    "footer.registerDataset": "Register a dataset",
    "footer.registerLocalCatalog": "Register a new local catalog",
    "footer.contacts": "Contacts",
    "footer.contactPerson": "Contact person",
    "footer.email": "E-mail",
    "footer.telephone": "Phone",
    "footer.dia": "Digital and information agency",
    "footer.links": "Links",
    "footer.catalogForDownload": "Download catalog",
    "footer.downloadCatalogTriG": "RDF TriG",
    "footer.downloadCatalogHDT": "HDT",
    "footer.downloadCatalogJSON": "JSON",
    "footer.downloadDatasets": "CSV - Datasets",
    "footer.downloadDistributions": "CSV - Distributions",
    "footer.sparqlEndpoint": "SPARQL endpoint",
    "footer.ldfEndpoint": "Linked Data Fragments endpoint",
    "footer.graphQLEndpoint": "GraphQL endpoint",
    "footer.opendata": "Open Data",
    "footer.catalogRunsAt": "Runs using",
    "footer.nkodDocumentation": "Documentation on GitHub",
    "footer.accessibility": "Declaration of accessibility (in Czech)",
    "footer.dataPreparedWith": "Data harvested using",
    "footer.thanksTitle": "Acknowledgements",
    "footer.thanks1": "This web was created thanks to the project OPZ number ",
    "footer.thanksLink1": "OPZ č. CZ.03.4.74/0.0/0.0/15_025/0004172",
    "footer.thanks2": " and is further developed as part of the project OPZ number ",
    "footer.thanksLink2": "OPZ č. CZ.03.4.74/0.0/0.0/15_025/0013983",
    "footer.thanks3": ".",
    "footer.euOzp": "European Union - European Social Fund - Operational Programme Employment",
    "footer.legalStart": "Unless stated otherwise, the copyrighted content present on this website (including sui generis database rights) is licensed under ",
    "footer.legalLink": "CC BY 4.0",
    "footer.legalLinkURL": "https://creativecommons.org/licenses/by/4.0/",
    "footer.legalTail": ". Please attribute correctly and link to the licence when reusing the content.",
    "footer.opzLogoLink": "/images/ozp_logo_en.webp",
    "footer.suggestions": "Suggest data to be opened",
    "footer.quality": "Data quality"
  }
}
