{
  "cs": {
    "header.logoAlt": "Otevřená data",
    "header.articles": "Články",
    "header.education": "Vzdělávání",
    "header.quality": "Datová kvalita",
    "header.datasets": "Datové sady",
    "header.publishers": "Poskytovatelé",
    "header.keywords": "Klíčová slova",
    "header.more": "Další",
    "header.forInterestedInOpenData": "Pro zájemce o otevírání dat",
    "header.forProgrammes": "Pro uživatele a programátory",
    "header.forPublishers": "Pro poskytovatele dat",
    "header.catalogs": "Lokální katalogy",
    "language.cs": "Čeština",
    "language.en": "English",
    "header.suggestions": "Podnět na data k otevření"
  },
  "en": {
    "header.logoAlt": "Open data",
    "header.articles": "Articles",
    "header.education": "Education",
    "header.quality": "Data quality",
    "header.datasets": "Datasets",
    "header.publishers": "Publishers",
    "header.keywords": "Keywords",
    "header.more": "More",
    "header.forInterestedInOpenData": "About Open Data",
    "header.forProgrammes": "For users and programmers",
    "header.forPublishers": "For publishers",
    "header.catalogs": "Local catalogs",
    "language.cs": "Čeština",
    "language.en": "English",
    "header.suggestions": "Suggest data to be opened"
  }
}