<configuration>
    <!-- // https://stackoverflow.com/questions/6020545/send-redirect-route-java-util-logging-logger-jul-to-logback-using-slf4j -->
    <contextListener class="ch.qos.logback.classic.jul.LevelChangePropagator">
        <resetJUL>true</resetJUL>
    </contextListener>

    <appender name="console" class="ch.qos.logback.core.ConsoleAppender">
        <encoder>
            <pattern>%d{"HH:mm:ss,SSS"} [%-15thread] %-5level %-60logger - %msg%n</pattern>
        </encoder>
    </appender>

    <logger name="org.eclipse.rdf4j.rio" level="INFO"/>
    <logger name="org.eclipse.jetty" level="INFO"/>
    <logger name="org.springframework" level="WARN"/>
    <logger name="_org.springframework" level="INFO"/>

    <root level="DEBUG">
        <appender-ref ref="console"/>
    </root>

</configuration>
