{
  "cs": {
    "keywords": "Klíčová slova",
    "documentation": "Dokumentace",
    "contactPoint": "Kontaktní bod",
    "frequency": "Periodicita aktualizace",
    "documentationDownload": "Zobrazit dokumentaci",
    "spatial": "Související geografické území",
    "temporal": "Časové pokrytí",
    "datasetTopic": "Téma",
    "topic": "Klasifikace dle EuroVoc",
    "download": "Stáhnout",
    "licence": "Podmínky užití",
    "distributionAccess": "Soubor ke stažení",
    "dataServiceAccess": "Datová služba",
    "distributionLicense": "Podmínky užití distribuce",
    "documentationQualityTrue": "Dokumentace byla {date} dostupná.",
    "documentationQualityFalse": "Dokumentace byla {date} nedostupná.",
    "documentationQualityCorsTrue": "Technika CORS nebyla pro dokumentaci dostupná {date}.",
    "documentationQualityCorsFalse": "Technika CORS nebyla pro dokumentaci dostupná {date}.",
    "specificationQualityTrue": "Specifikace byla {date} dostupná.",
    "specificationQualityFalse": "Specifikace byla {date} nedostupná. {note}",
    "specificationQualityCorsTrue": "Technika CORS byla pro specifikaci dostupná {date}.",
    "specificationQualityCorsFalse": "Technika CORS nebyla pro specifikaci dostupná {date}.",
    "spatialResolution": "Prostorové rozlišení v metrech",
    "temporalResolution": "Časové rozlišení",
    "year": {
      "1": "rok",
      "2": "roky",
      "5": "let"
    },
    "month": {
      "1": "měsíc",
      "2": "měsíce",
      "5": "měsíců"
    },
    "day": {
      "1": "den",
      "2": "dny",
      "5": "dní"
    },
    "hour": {
      "1": "hodina",
      "2": "hodiny",
      "5": "hodin"
    },
    "minute": {
      "1": "minuta",
      "2": "minuty",
      "5": "minut"
    },
    "second": {
      "1": "vteřina",
      "2": "vteřiny",
      "5": "vteřin"
    },
    "/dataset": "Datová-sada",
    "datasetSeriesTitle": "Datové sady této datové série",
    "distributionsTitle": "Distribuce datové sady",
    "page-title.dataset": "Datová sada",
    "specification": "Specifikace",
    "specificationOpen": "Zobrazit specifikaci",
    "datasetIsPartOf": "Tato datová sada je součástí datové série",
    "showAllDescendantsLink": "Zobrazit všechny dílčí datové sady v seznamu datových sad",
    "followLink": "Přejít na odkaz"
  },
  "en": {
    "keywords": "Keywords",
    "documentation": "Documentation",
    "contactPoint": "Contact point",
    "frequency": "Frequency",
    "documentationDownload": "Show documentation",
    "spatial": "Spatial coverage",
    "temporal": "Temporal coverage",
    "datasetTopic": "Dataset theme",
    "topic": "EuroVoc theme",
    "download": "Download",
    "licence": "License",
    "distributionAccess": "Downloadable file",
    "dataServiceAccess": "Data service",
    "distributionLicense": "Terms of use",
    "documentationQualityTrue": "The documentation was available on {date}.",
    "documentationQualityFalse": "The documentation was unavailable on {date}.",
    "documentationQualityCorsTrue": "CORS for the documentation was available on {date}.",
    "documentationQualityCorsFalse": "CORS for the documentation was not available on {date}.",
    "specificationQualityTrue": "The specification was available on {date}.",
    "specificationQualityFalse": "The specification was not available on {date}.",
    "specificationQualityCorsTrue": "CORS for the specification was available on {date}.",
    "specificationQualityCorsFalse": "CORS for the specification was not available on {date}.",
    "spatialResolution": "Spatial resolution in meters",
    "temporalResolution": "Temporal resolution",
    "year": {
      "1": "year",
      "2": "years"
    },
    "month": {
      "1": "month",
      "2": "months"
    },
    "day": {
      "1": "day",
      "2": "days"
    },
    "hour": {
      "1": "hour",
      "2": "hours"
    },
    "minute": {
      "1": "minute",
      "2": "minutes"
    },
    "second": {
      "1": "second",
      "2": "seconds"
    },
    "/dataset": "Dataset",
    "datasetSeriesTitle": "Datasets of this dataset series",
    "distributionsTitle": "Distributions of the dataset",
    "page-title.dataset": "Dataset",
    "specification": "Specification",
    "specificationOpen": "Show specification",
    "datasetIsPartOf": "This dataset is part of the dataset series",
    "showAllDescendantsLink": "See all datasets of the dataset series in the dataset list view",
    "followLink": "Dereference link"
  }
}
