id,hustota
500011,116
500020,101
500046,210
500062,248
500071,158
500101,17
500127,8
500135,5
500151,12
500160,20
500194,11
500259,121
500291,341
500496,973
500526,151
500623,62
500801,98
500852,201
500861,35
500879,102
501476,74
501646,117
501751,124
501794,107
501841,121
502146,179
502235,156
502405,65
502545,208
502839,82
503142,39
503304,139
503410,28
503444,211
503622,58
503657,399
503738,125
503916,19
503941,0
504246,63
504301,156
504441,132
504505,110
504785,57
504807,59
504921,72
504955,47
505005,121
505013,94
505030,125
505081,93
505099,95
505111,208
505145,130
505161,131
505188,277
505218,79
505269,103
505293,100
505366,66
505391,37
505501,77
505528,52
505587,236
505609,367
505650,142
505668,200
505781,99
505862,59
505927,625
506192,116
506214,338
506320,58
506451,36
506460,37
506486,7
506494,14
506621,13
506664,11
506699,289
506702,273
506711,277
506729,56
506737,71
506753,237
506761,52
506770,74
507016,660
507091,74
507105,163
507113,84
507181,367
507237,69
507261,119
507270,125
507334,168
507377,21
507423,144
507458,22
507504,193
507547,148
507580,346
507610,16
507628,19
507644,17
507652,14
507695,32
507717,26
507733,13
507784,15
507920,89
507971,455
508004,42
508128,299
508144,45
508152,46
508357,25
508373,109
508501,34
508683,8
509078,41
509108,50
509116,31
509141,21
509191,6
509388,16
509418,22
509574,87
509612,199
509621,26
509647,135
509736,83
509752,30
509841,139
510068,30
510131,51
510289,184
510297,133
510343,83
510378,66
510432,73
510483,257
510491,416
510556,60
510645,19
510882,177
510891,41
510939,184
510980,47
511021,104
511081,25
511161,65
511242,67
511307,16
511382,739
511412,29
511587,46
511633,123
511935,80
511951,34
511986,15
512028,120
512176,192
512184,157
512192,176
512231,55
512281,78
512401,49
512532,104
512745,90
512800,220
512826,101
512869,176
512877,69
512893,29
512907,125
512923,324
512974,232
512982,144
512991,33
513032,130
513041,55
513059,59
513067,93
513075,37
513105,101
513113,130
513130,100
513148,46
513164,34
513181,42
513199,155
513202,21
513211,132
513229,177
513237,33
513261,79
513270,48
513288,58
513369,101
513393,102
513415,107
513423,91
513431,95
513458,567
513482,48
513491,171
513504,57
513512,35
513521,61
513539,32
513547,107
513555,88
513571,61
513580,29
513628,94
513636,100
513644,302
513661,42
513695,35
513709,48
513717,148
513733,57
513750,363
513768,74
513873,28
513890,32
514047,71
514055,196
514152,173
514161,19
514195,24
514276,50
514446,69
514471,180
514497,99
514527,33
514705,262
514772,54
514802,69
515191,104
515329,48
515418,69
515477,64
515787,63
515825,121
516201,102
516350,32
516619,98
516635,29
516686,50
516694,89
516864,97
516899,71
516911,34
517101,35
517151,126
517208,44
517224,75
517275,23
517321,94
517437,59
517445,69
517534,166
517569,96
517585,83
517607,189
517615,48
517666,123
517747,149
517836,51
517844,89
517887,68
517909,55
518026,67
519031,102
519146,108
519651,97
520047,90
520306,169
520420,68
521531,150
522775,31
523453,43
523640,120
523704,931
523917,19
524891,31
525227,20
525588,184
525804,50
525880,130
525979,340
526169,18
526622,57
528196,21
529303,355
529451,70
529478,24
529486,36
529516,445
529524,16
529532,28
529541,30
529559,12
529567,244
529575,10
529583,22
529591,50
529605,27
529613,685
529621,56
529630,55
529648,51
529656,61
529664,12
529672,39
529681,16
529699,8
529702,43
529711,5
529729,32
529737,45
529745,227
529753,26
529761,14
529770,32
529788,59
529796,71
529818,41
529826,31
529834,20
529842,31
529851,16
529869,24
529877,15
529885,22
529893,7
529907,26
529915,29
529923,49
529931,40
529940,40
529958,77
529966,21
529974,36
529982,33
529991,25
530000,31
530018,12
530026,27
530034,47
530042,20
530051,54
530069,28
530085,17
530093,24
530107,38
530115,32
530123,16
530131,23
530140,16
530158,23
530166,32
530174,77
530182,51
530191,23
530204,136
530212,22
530221,18
530239,13
530247,22
530263,150
530271,16
530280,17
530298,63
530301,18
530310,48
530328,22
530336,19
530344,49
530352,30
530361,11
530379,9
530387,26
530395,38
530409,32
530417,6
530425,79
530433,30
530441,145
530450,34
530468,202
530476,29
530484,123
530492,58
530506,119
530514,16
530522,17
530531,46
530549,36
530557,31
530565,39
530573,45
530581,25
530590,96
530603,16
530611,24
530620,206
530638,41
530646,82
530654,29
530662,57
530671,26
530689,41
530697,48
530701,38
530719,21
530727,78
530735,48
530743,37
530751,36
530760,49
530778,21
530786,91
530794,63
530808,19
530816,48
530824,34
530832,90
530841,222
530859,53
530867,27
530875,33
530883,280
530891,32
530905,126
530913,37
530921,44
530930,39
530948,44
530956,20
530964,12
530972,8
530981,39
530999,82
531006,83
531014,56
531022,79
531031,12
531049,15
531057,624
531065,52
531073,109
531081,34
531090,73
531103,127
531111,56
531120,40
531138,146
531146,219
531154,78
531162,171
531171,260
531189,717
531197,99
531201,62
531219,32
531227,59
531235,56
531243,292
531251,78
531260,25
531278,31
531286,45
531294,48
531308,43
531316,70
531324,393
531332,41
531341,143
531359,172
531367,45
531375,105
531383,56
531391,22
531405,86
531413,14
531421,27
531430,59
531448,60
531456,93
531464,329
531472,92
531481,20
531499,49
531502,55
531511,122
531529,38
531537,187
531545,87
531553,105
531561,165
531570,9
531588,62
531596,73
531600,140
531618,376
531626,41
531634,160
531642,134
531651,17
531669,124
531677,42
531685,40
531693,178
531707,17
531715,82
531723,626
531731,22
531740,61
531758,85
531766,190
531774,22
531782,66
531791,94
531804,43
531812,105
531821,141
531839,85
531847,249
531855,120
531863,96
531871,44
531880,101
531898,55
531901,62
531910,92
531928,68
531936,15
531944,187
531952,60
531961,75
531979,248
531987,59
531995,64
532002,116
532011,303
532029,256
532037,21
532045,130
532053,1868
532061,72
532070,83
532088,66
532096,26
532100,67
532118,500
532126,225
532134,18
532142,59
532151,12
532169,455
532177,168
532185,302
532193,93
532207,46
532215,261
532223,571
532231,13
532258,33
532266,19
532274,149
532282,88
532291,50
532304,22
532312,144
532321,59
532339,65
532347,118
532355,72
532363,293
532371,490
532380,25
532398,28
532401,41
532410,58
532428,99
532436,19
532444,190
532452,188
532461,64
532479,44
532487,134
532495,111
532509,9
532517,41
532525,131
532533,93
532541,19
532550,32
532568,23
532576,353
532584,122
532592,64
532606,16
532614,20
532622,109
532631,118
532649,24
532657,63
532665,77
532673,92
532681,133
532690,37
532711,122
532720,286
532738,332
532746,15
532754,77
532762,38
532771,102
532789,113
532797,58
532801,48
532819,451
532827,120
532835,205
532843,18
532851,197
532860,570
532878,21
532886,50
532894,46
532908,373
532916,26
532924,103
532932,10
532941,68
532959,153
532967,48
532975,120
532983,204
532991,113
533009,66
533017,274
533025,212
533033,426
533041,168
533050,408
533068,44
533076,58
533084,56
533092,100
533106,128
533114,140
533122,196
533149,105
533157,56
533165,906
533173,14
533181,63
533190,120
533203,614
533211,53
533220,92
533238,94
533246,160
533254,26
533262,112
533271,358
533289,121
533297,40
533301,86
533319,10
533327,36
533335,63
533343,129
533351,51
533360,95
533378,61
533386,72
533394,87
533408,62
533416,210
533424,131
533432,128
533441,80
533459,69
533467,50
533475,66
533483,52
533491,53
533505,47
533513,39
533521,149
533530,121
533548,77
533556,49
533564,82
533572,84
533581,136
533599,263
533602,69
533611,116
533629,245
533637,125
533645,38
533653,122
533661,75
533670,144
533688,46
533696,35
533700,186
533718,57
533726,57
533734,73
533742,47
533751,47
533769,209
533777,89
533785,123
533793,23
533807,131
533815,40
533823,49
533831,141
533840,226
533858,151
533866,49
533874,26
533882,124
533891,64
533904,179
533912,23
533921,81
533939,22
533947,93
533955,622
533963,42
533971,41
533980,26
533998,132
534005,390
534013,24
534021,44
534030,13
534048,69
534056,39
534064,43
534072,77
534081,31
534099,25
534102,105
534111,69
534129,73
534137,47
534145,55
534153,66
534161,63
534170,57
534188,72
534196,49
534200,56
534218,33
534226,29
534234,21
534242,96
534251,80
534269,60
534277,24
534285,57
534293,21
534307,17
534315,19
534323,10
534331,128
534340,30
534358,38
534366,29
534374,25
534382,182
534391,19
534404,41
534412,24
534421,157
534439,58
534447,162
534455,43
534463,44
534471,25
534480,100
534498,123
534501,37
534510,35
534528,50
534536,20
534544,48
534552,48
534561,24
534579,43
534587,160
534595,93
534609,24
534617,36
534625,24
534633,290
534641,63
534650,88
534668,91
534676,781
534684,107
534692,38
534706,28
534714,83
534722,125
534731,78
534749,57
534757,18
534765,120
534773,108
534781,133
534790,102
534803,55
534811,59
534820,78
534838,31
534846,166
534854,40
534862,138
534871,63
534889,47
534897,145
534901,22
534919,41
534927,138
534935,275
534943,59
534951,831
534960,52
534978,58
534986,60
534994,22
535001,92
535010,18
535028,144
535036,89
535044,38
535052,54
535061,51
535079,208
535087,808
535095,63
535109,63
535117,108
535125,16
535133,98
535141,137
535150,37
535168,45
535176,61
535184,43
535192,139
535206,1726
535214,37
535222,187
535231,46
535249,97
535257,89
535265,109
535273,266
535281,74
535290,74
535303,93
535311,76
535320,177
535338,32
535346,83
535354,51
535362,124
535371,33
535389,84
535397,47
535401,21
535419,1539
535427,191
535435,32
535443,76
535451,209
535460,81
535478,105
535486,53
535494,162
535508,37
535516,49
535524,19
535532,86
535541,32
535559,96
535567,71
535575,19
535583,92
535591,27
535605,49
535613,54
535621,91
535630,87
535648,126
535656,76
535664,164
535672,138
535681,48
535699,15
535702,114
535711,22
535729,29
535737,472
535745,28
535753,108
535761,56
535770,47
535788,125
535796,279
535800,76
535818,137
535826,934
535834,44
535842,30
535851,31
535869,73
535877,33
535885,237
535893,60
535907,46
535915,7
535923,32
535931,88
535940,24
535958,46
535966,37
535974,94
535982,23
535991,47
536008,51
536016,105
536024,215
536032,100
536041,53
536059,16
536067,53
536075,21
536083,25
536091,61
536105,14
536113,7
536121,79
536130,74
536148,36
536156,23
536164,45
536172,102
536181,38
536199,28
536202,43
536211,28
536229,32
536237,37
536245,48
536253,10
536261,119
536270,149
536288,68
536296,7
536300,33
536326,254
536334,65
536342,13
536351,71
536369,22
536377,80
536385,293
536393,73
536407,56
536415,16
536423,20
536431,55
536440,191
536458,144
536466,58
536474,38
536482,17
536491,91
536504,20
536512,32
536521,23
536539,13
536547,30
536555,27
536563,27
536571,102
536580,303
536598,24
536601,16
536610,192
536628,20
536636,83
536644,29
536652,48
536661,73
536679,18
536687,47
536695,15
536709,52
536717,44
536725,30
536733,192
536741,21
536750,34
536768,68
536776,49
536784,34
536792,30
536806,31
536814,58
536822,21
536831,20
536849,107
536857,26
536865,51
536873,18
536881,43
536890,18
536903,20
536911,15
536920,30
536938,73
536946,20
536954,22
536962,37
536971,96
536989,52
536997,82
537004,732
537021,31
537039,86
537047,106
537055,82
537063,11
537071,43
537080,35
537098,104
537101,36
537110,81
537128,61
537136,12
537144,28
537152,115
537161,69
537179,34
537187,20
537195,14
537209,59
537217,109
537225,14
537233,109
537241,23
537250,36
537268,71
537276,119
537284,88
537292,26
537306,55
537314,98
537322,13
537331,103
537349,24
537357,128
537365,15
537373,105
537381,27
537390,90
537403,75
537411,50
537420,40
537438,129
537446,71
537454,289
537462,28
537489,145
537497,49
537501,418
537519,11
537527,19
537535,30
537543,74
537551,52
537560,34
537578,41
537586,72
537594,8
537608,36
537616,100
537624,52
537632,105
537641,443
537659,72
537667,235
537675,60
537683,421
537691,35
537705,270
537713,243
537721,112
537730,18
537748,132
537756,68
537764,197
537772,55
537781,142
537799,44
537802,40
537811,162
537829,19
537837,81
537845,26
537853,59
537861,98
537870,254
537888,147
537896,270
537900,50
537918,318
537926,208
537934,86
537942,43
537951,52
537969,207
537977,86
537985,257
537993,64
538001,46
538019,43
538027,32
538035,49
538043,214
538051,345
538086,161
538094,845
538108,124
538116,29
538132,772
538141,155
538159,71
538167,309
538183,15
538191,146
538221,209
538230,1150
538248,155
538256,499
538264,245
538272,347
538281,48
538299,263
538311,353
538329,111
538337,28
538345,143
538370,176
538396,63
538418,50
538426,152
538434,143
538442,481
538451,251
538469,119
538477,440
538485,257
538493,464
538507,145
538515,274
538523,407
538540,346
538558,686
538566,143
538574,536
538582,95
538591,259
538604,105
538612,121
538621,162
538639,78
538647,290
538655,269
538663,18
538671,417
538680,154
538698,92
538701,212
538710,39
538728,605
538744,143
538752,355
538761,202
538779,149
538787,132
538795,26
538809,212
538817,31
538825,149
538833,199
538841,1064
538850,417
538868,27
538876,707
538884,141
538892,121
538906,15
538914,254
538922,24
538957,615
538965,223
538973,62
538981,185
538990,222
539015,129
539023,18
539031,201
539040,97
539058,368
539066,297
539074,23
539082,235
539091,83
539104,44
539112,9
539121,150
539139,791
539147,47
539155,91
539163,227
539171,92
539180,97
539198,337
539201,167
539210,386
539228,249
539236,532
539244,591
539252,184
539261,110
539279,511
539287,99
539295,232
539309,678
539317,174
539325,539
539333,294
539341,46
539350,521
539368,225
539376,24
539384,241
539392,230
539406,483
539414,476
539422,106
539431,53
539457,101
539473,7
539481,111
539490,645
539503,315
539511,85
539520,208
539538,4
539546,63
539554,20
539562,41
539571,371
539597,353
539619,24
539627,1049
539643,345
539651,324
539660,42
539686,397
539708,206
539716,17
539732,140
539741,95
539759,213
539767,170
539775,92
539783,45
539805,248
539813,607
539821,61
539830,184
539848,610
539856,468
539872,265
539881,173
539902,262
539911,904
539929,6
539937,29
539945,49
539953,215
539961,121
539970,20
539988,78
540005,77
540013,181
540021,48
540030,49
540048,50
540056,28
540064,31
540072,43
540081,55
540099,60
540102,33
540111,168
540129,34
540137,10
540145,93
540153,78
540161,38
540170,46
540188,42
540196,248
540200,23
540218,43
540226,16
540234,78
540242,52
540251,31
540269,72
540285,47
540293,26
540307,55
540315,16
540323,18
540331,8
540340,67
540358,38
540366,21
540374,52
540382,76
540391,43
540404,63
540412,53
540421,29
540439,78
540447,17
540463,29
540471,199
540480,108
540498,71
540501,133
540510,162
540528,24
540536,27
540544,21
540552,30
540561,150
540579,27
540587,22
540595,62
540609,26
540617,21
540625,120
540633,32
540641,99
540650,38
540668,14
540676,37
540684,116
540692,14
540706,22
540714,111
540722,76
540731,39
540749,20
540757,90
540765,220
540773,317
540781,58
540790,39
540803,5
540811,29
540820,28
540846,27
540854,101
540862,232
540871,34
540889,109
540897,31
540901,69
540919,112
540927,10
540935,25
540943,25
540951,87
540960,52
540978,102
540986,36
541001,13
541010,55
541028,40
541036,17
541044,35
541052,46
541061,52
541079,20
541087,41
541095,116
541109,230
541117,72
541125,68
541133,35
541141,28
541150,109
541168,68
541176,74
541192,36
541206,32
541214,22
541222,127
541231,83
541249,36
541257,77
541265,56
541273,53
541281,194
541290,11
541303,300
541311,22
541320,51
541338,176
541346,21
541354,393
541362,18
541371,58
541389,121
541397,31
541401,14
541419,70
541427,57
541435,22
541443,9
541451,79
541460,14
541478,129
541486,14
541494,19
541508,17
541516,39
541524,37
541532,17
541541,45
541559,18
541567,22
541575,84
541583,70
541591,35
541605,26
541613,33
541621,24
541630,453
541648,90
541656,857
541664,88
541672,13
541681,12
541699,30
541702,54
541711,106
541729,73
541737,26
541745,33
541753,21
541761,13
541770,73
541788,16
541796,24
541800,95
541818,67
541826,28
541834,46
541842,51
541851,27
541869,16
541877,83
541885,47
541893,54
541907,67
541915,46
541923,18
541931,29
541940,79
541958,66
541966,59
541974,97
541982,106
541991,65
542008,31
542016,73
542024,25
542032,116
542041,64
542059,13
542067,31
542075,42
542083,30
542091,2
542105,65
542113,46
542121,61
542130,39
542148,1
542156,55
542164,414
542172,49
542181,24
542199,54
542202,23
542211,38
542229,39
542237,58
542253,95
542270,30
542288,9
542296,34
542318,51
542326,35
542334,164
542342,21
542351,45
542369,60
542377,87
542385,11
542393,35
542407,136
542415,27
542423,79
542431,49
542440,28
542458,39
542466,34
542474,72
542482,45
542491,135
542504,16
542512,55
542521,182
542539,71
542547,81
542555,50
542563,20
542571,160
542580,81
542598,51
542601,82
542610,37
542628,492
542636,20
542644,68
542679,57
542687,58
542725,189
542750,82
542768,109
542784,63
542814,68
542831,84
542865,247
542903,161
542911,60
542946,78
542989,97
542997,62
543012,18
543021,75
543098,56
543128,68
543543,57
544248,27
544256,1688
544264,67
544272,812
544281,99
544299,193
544302,90
544329,40
544337,25
544345,47
544353,35
544361,28
544370,104
544388,49
544396,62
544400,83
544418,116
544426,37
544434,39
544442,94
544451,24
544469,16
544477,523
544485,59
544493,145
544507,60
544515,18
544523,28
544531,108
544540,28
544558,178
544566,61
544574,79
544582,223
544591,31
544604,66
544612,32
544621,44
544639,23
544647,53
544655,44
544663,83
544671,74
544680,77
544698,74
544701,76
544710,103
544728,76
544736,72
544744,19
544752,18
544761,83
544779,47
544787,100
544795,434
544809,45
544817,23
544825,156
544833,14
544841,416
544850,49
544868,32
544876,55
544884,36
544892,34
544906,42
544914,62
544922,114
544931,53
544949,63
544957,17
544965,20
544973,330
544981,797
544990,116
545007,60
545015,25
545023,42
545031,27
545040,26
545058,627
545066,442
545074,247
545082,49
545091,47
545104,44
545112,132
545121,173
545139,61
545147,54
545155,17
545163,30
545171,98
545180,37
545198,148
545201,186
545210,143
545228,581
545236,135
545244,45
545252,195
545261,50
545279,31
545287,39
545295,98
545309,41
545317,22
545325,29
545341,251
545368,36
545376,23
545384,20
545392,590
545406,25
545414,50
545422,0
545431,23
545449,32
545457,17
545465,15
545473,66
545481,23
545490,70
545503,35
545511,16
545520,26
545538,62
545546,45
545554,36
545562,175
545571,76
545597,34
545601,38
545619,23
545627,30
545643,35
545660,40
545678,82
545694,3
545708,14
545716,3
545724,18
545732,32
545767,15
545775,10
545783,49
545791,25
545805,30
545813,9
545821,294
545830,140
545848,38
545856,108
545864,90
545872,45
545881,289
545899,72
545902,4
545929,56
545937,106
545953,97
545996,38
546011,89
546020,40
546038,30
546054,21
546062,38
546071,105
546089,291
546097,19
546101,16
546127,109
546143,16
546151,59
546160,35
546178,23
546186,116
546194,39
546216,53
546232,28
546259,36
546267,11
546275,22
546283,74
546291,7
546305,17
546330,18
546348,23
546364,41
546372,38
546381,16
546399,12
546402,50
546411,47
546429,33
546437,22
546445,29
546453,136
546461,41
546470,38
546488,21
546496,98
546500,40
546518,5
546526,22
546534,58
546542,48
546551,55
546577,75
546585,141
546593,70
546607,73
546615,30
546623,53
546631,38
546658,36
546666,28
546674,94
546691,46
546712,39
546721,53
546755,38
546763,38
546771,30
546780,54
546798,40
546801,223
546810,43
546828,15
546844,15
546852,48
546861,287
546879,74
546887,44
546895,27
546909,13
546917,15
546925,45
546933,33
546941,516
546950,31
546968,18
546976,12
546984,55
546992,37
547000,72
547018,104
547026,294
547069,22
547077,716
547085,47
547093,9
547123,139
547131,15
547166,52
547182,176
547191,67
547204,21
547212,7
547221,24
547239,47
547247,24
547255,15
547263,51
547280,55
547336,84
547433,79
547441,22
547450,82
547468,32
547476,20
547484,49
547492,169
547514,118
547531,43
547549,22
547565,46
547581,68
547603,14
547638,49
547646,316
547654,24
547662,24
547689,12
547701,61
547719,17
547727,58
547735,76
547743,33
547751,144
547760,47
547778,38
547786,26
547794,12
547808,59
547816,80
547824,38
547832,27
547841,56
547859,71
547867,32
547875,45
547883,35
547891,71
547905,74
547913,57
547921,23
547930,33
547948,46
547956,27
547964,64
547972,96
547981,47
547999,211
548006,39
548014,125
548022,59
548031,216
548049,46
548057,40
548065,74
548073,20
548081,69
548090,28
548103,33
548111,119
548120,36
548146,22
548154,103
548162,65
548171,55
548189,53
548197,18
548201,22
548219,22
548227,13
548235,29
548243,8
548251,14
548260,26
548278,45
548286,68
548308,37
548316,51
548324,14
548332,47
548341,28
548359,61
548367,17
548375,35
548383,48
548391,20
548405,23
548413,19
548421,39
548430,46
548448,31
548456,31
548464,33
548472,25
548481,25
548499,21
548502,23
548511,133
548529,55
548537,17
548545,13
548553,55
548561,83
548570,25
548588,37
548596,12
548600,18
548618,18
548626,23
548634,33
548642,69
548651,44
548669,80
548677,40
548685,52
548693,35
548707,61
548715,18
548723,30
548731,22
548740,22
548758,20
548766,24
548774,42
548782,24
548791,62
548804,65
548812,20
548821,32
548839,59
548847,59
548855,68
548863,89
548871,24
548880,39
548898,23
548901,56
548910,78
548928,16
548936,14
548944,18
548952,24
548961,62
548979,16
548987,10
548995,24
549002,57
549011,34
549029,28
549037,33
549045,31
549053,26
549061,24
549070,85
549088,27
549096,104
549100,77
549118,31
549126,20
549134,23
549142,48
549151,90
549169,116
549177,23
549185,16
549193,28
549207,51
549215,45
549223,34
549231,66
549240,480
549258,25
549266,36
549274,45
549282,168
549291,27
549304,57
549312,40
549321,15
549339,93
549347,34
549355,51
549363,43
549371,21
549380,24
549398,39
549401,131
549410,33
549428,36
549436,42
549444,147
549452,35
549461,153
549479,21
549487,35
549495,46
549509,12
549517,29
549525,19
549533,73
549541,17
549550,93
549568,20
549576,196
549584,48
549592,73
549606,17
549614,24
549622,104
549631,30
549649,200
549657,14
549665,218
549673,16
549681,31
549690,120
549703,17
549711,18
549720,309
549738,175
549746,196
549754,42
549771,79
549789,144
549797,29
549801,51
549827,37
549835,21
549843,47
549851,16
549860,21
549878,22
549886,18
549894,27
549908,36
549916,39
549924,44
549932,39
549941,17
549959,34
549967,38
549975,48
549983,53
549991,42
550001,32
550019,32
550027,54
550035,115
550043,26
550051,85
550060,25
550078,20
550086,31
550094,279
550108,47
550116,94
550124,40
550132,32
550141,90
550159,27
550167,79
550175,79
550183,27
550191,60
550205,6
550213,47
550221,22
550230,140
550248,61
550256,128
550264,16
550272,69
550281,44
550299,33
550302,18
550311,21
550329,13
550337,3
550345,71
550353,41
550361,53
550370,61
550388,26
550396,48
550400,26
550418,26
550426,15
550434,36
550442,98
550451,7
550469,28
550477,17
550485,13
550493,28
550507,73
550515,41
550523,2
550531,9
550540,51
550558,47
550566,44
550574,50
550582,37
550591,23
550604,38
550612,16
550621,42
550639,28
550647,92
550655,44
550663,86
550671,35
550680,14
550698,34
550701,8
550710,59
550728,55
550736,60
550744,196
550752,319
550761,11
550779,30
550787,656
550795,68
550809,44
550817,29
550825,176
550833,18
550841,14
550850,151
550906,34
550922,43
550949,20
550957,39
550965,39
550981,37
551015,28
551023,19
551040,36
551104,15
551121,39
551139,87
551155,25
551163,44
551180,19
551201,142
551261,28
551333,35
551341,26
551350,56
551384,70
551392,31
551414,43
551457,179
551465,27
551473,18
551481,14
551490,47
551503,29
551520,34
551538,50
551546,25
551554,42
551562,47
551571,24
551589,41
551597,34
551601,21
551619,41
551627,31
551635,22
551643,43
551651,36
551660,53
551678,64
551686,28
551694,36
551708,40
551716,41
551724,34
551732,37
551741,23
551759,74
551767,37
551775,23
551783,25
551791,43
551805,29
551813,19
551821,11
551830,33
551848,13
551856,59
551864,25
551872,21
551881,32
551899,33
551902,49
551911,11
551929,22
551937,21
551945,17
551953,191
551961,35
551970,147
551988,47
551996,13
552003,25
552011,78
552020,219
552038,34
552046,554
552054,239
552062,61
552071,71
552089,293
552097,15
552101,26
552119,78
552127,10
552135,31
552143,42
552151,150
552160,60
552178,161
552186,127
552194,42
552208,18
552216,172
552224,13
552232,132
552241,21
552259,72
552267,61
552275,25
552283,63
552291,30
552305,18
552313,29
552321,20
552330,83
552348,69
552356,75
552364,98
552372,50
552381,69
552399,39
552402,214
552411,196
552429,65
552437,94
552445,104
552453,22
552461,57
552470,39
552488,144
552496,81
552500,94
552518,165
552526,74
552534,35
552542,179
552551,315
552569,115
552577,141
552585,55
552593,59
552607,96
552615,95
552623,120
552631,117
552640,40
552658,103
552666,47
552674,167
552682,75
552691,253
552704,86
552712,17
552721,82
552739,451
552747,22
552755,88
552763,49
552771,73
552780,105
552798,23
552801,44
552810,56
552828,193
552836,63
552844,59
552852,22
552861,15
552879,57
552887,126
552895,37
552909,89
552917,18
552925,15
552933,85
552941,31
552950,50
552968,48
552976,18
552984,26
552992,36
553000,58
553018,151
553026,28
553034,21
553042,54
553051,93
553069,860
553077,32
553085,23
553093,60
553107,41
553115,40
553123,18
553131,348
553140,31
553158,166
553166,31
553174,85
553182,29
553191,7
553204,14
553212,16
553221,80
553239,42
553247,24
553255,15
553263,38
553271,215
553280,19
553298,19
553301,91
553310,25
553328,10
553336,72
553344,27
553352,79
553361,28
553379,161
553387,21
553395,28
553409,61
553417,62
553425,453
553433,47
553441,21
553450,61
553468,34
553476,117
553484,16
553492,113
553506,20
553514,78
553522,37
553531,21
553549,21
553557,276
553565,9
553573,22
553581,64
553590,50
553603,11
553611,67
553620,42
553638,45
553646,83
553654,177
553662,67
553671,70
553689,34
553697,500
553701,28
553719,291
553727,28
553735,87
553743,40
553751,45
553760,105
553778,19
553786,180
553794,74
553816,71
553824,102
553832,46
553841,100
553859,28
553867,30
553875,8
553883,17
553891,62
553905,70
553913,37
553921,30
553930,12
553948,50
553956,17
553964,54
553972,132
553981,55
553999,17
554006,7
554014,197
554022,32
554031,72
554049,133
554057,24
554065,190
554073,54
554081,27
554090,30
554103,26
554111,57
554120,24
554138,60
554146,6
554154,26
554162,46
554171,133
554189,5
554197,155
554201,19
554251,61
554260,28
554278,23
554294,162
554316,83
554341,36
554359,253
554383,39
554391,29
554405,16
554413,15
554421,15
554448,9
554456,21
554464,49
554472,47
554481,332
554499,236
554502,30
554511,159
554529,214
554545,55
554553,67
554596,19
554600,45
554618,29
554626,16
554634,70
554642,247
554651,19
554677,14
554693,36
554707,11
554740,100
554782,2637
554791,1253
554804,989
554812,85
554821,1350
554847,67
554855,25
554863,101
554871,71
554880,23
554898,69
554901,221
554910,55
554928,214
554936,107
554944,123
554952,49
554961,821
554979,112
554995,47
555029,21
555045,83
555088,2241
555134,1097
555169,73
555177,0
555185,86
555193,49
555207,20
555215,49
555223,51
555231,100
555240,72
555258,109
555266,74
555274,317
555282,45
555291,128
555304,44
555312,59
555347,121
555363,41
555380,149
555398,308
555428,332
555444,13
555452,40
555479,14
555525,12
555533,66
555550,20
555584,21
555592,45
555614,51
555622,15
555631,26
555657,38
555681,15
555690,15
555703,234
555711,19
555738,88
555762,43
555771,275
555797,50
555801,62
555835,49
555894,21
555941,6
556041,22
556068,39
556076,57
556084,1
556106,36
556181,16
556203,20
556254,123
556301,38
556319,29
556335,36
556343,34
556378,37
556386,14
556394,80
556432,33
556467,30
556505,23
556629,34
556637,29
556718,45
556726,18
556734,27
556751,23
556815,19
556831,156
556858,81
556866,70
556874,48
556882,113
556912,44
556921,24
556947,75
556955,30
556963,196
556971,162
556980,60
556998,71
557005,40
557013,35
557021,8
557030,37
557048,40
557081,63
557099,22
557102,54
557111,7
557129,19
557137,40
557145,20
557153,243
557161,28
557170,115
557188,71
557196,52
557200,49
557218,34
557226,425
557366,31
557374,48
557382,31
557455,72
557463,31
557528,20
557536,22
557544,123
557587,143
557641,205
557650,13
557668,59
557676,174
557684,52
557722,45
557731,82
557749,16
557773,58
557781,263
557803,44
557838,108
557846,75
557862,38
557871,32
557897,25
557943,32
557951,36
558001,198
558010,17
558028,71
558044,70
558052,23
558061,23
558079,21
558095,29
558109,292
558117,39
558125,34
558141,228
558176,16
558184,24
558231,31
558249,280
558257,92
558265,24
558290,36
558303,36
558311,92
558346,50
558362,49
558371,278
558389,179
558401,56
558419,189
558427,114
558435,273
558443,122
558460,112
558486,43
558494,31
558559,48
558567,67
558583,133
558591,45
558605,49
558630,43
558656,15
558672,214
558699,70
558711,25
558745,124
558770,60
558788,36
558796,203
558800,21
558834,156
558851,178
558869,182
558877,31
558885,290
558915,34
558931,23
558940,106
558966,193
558974,16
558982,13
558991,33
559008,250
559016,70
559024,54
559032,21
559041,25
559059,198
559067,50
559075,88
559083,50
559091,10
559105,11
559121,37
559130,140
559148,90
559164,265
559172,20
559202,13
559211,227
559237,24
559245,86
559253,28
559261,12
559270,52
559288,46
559300,306
559318,44
559326,16
559334,33
559351,48
559369,43
559377,23
559393,27
559423,65
559431,105
559482,8
559491,456
559504,143
559521,278
559555,37
559563,15
559571,18
559580,412
559601,192
559628,63
559661,292
559679,371
559695,33
559709,67
559717,463
559725,107
559733,48
559741,10
559750,54
559768,31
559776,48
559792,87
559806,18
559814,351
559822,468
559849,19
559857,93
559903,116
559911,309
559920,12
559946,15
559954,44
559962,10
559997,166
560006,28
560014,86
560057,77
560081,29
560111,10
560120,172
560146,10
560162,73
560171,21
560189,13
560197,17
560201,11
560219,58
560227,31
560235,93
560243,26
560251,94
560260,78
560278,113
560286,1014
560294,46
560308,66
560316,493
560324,170
560332,68
560341,19
560359,227
560367,147
560375,58
560383,939
560391,12
560405,32
560413,11
560421,76
560430,35
560448,17
560456,27
560464,64
560472,83
560481,12
560499,205
560502,237
560511,19
560529,29
560537,114
560545,96
560553,20
560561,7
560570,153
560588,88
560596,2
560600,250
560618,7
560626,11
560634,34
560642,127
560651,14
560669,21
560677,8
560685,83
560707,122
560715,313
560723,12
560740,30
560758,37
560782,26
560804,30
560812,27
560839,46
560855,23
560863,26
560898,12
560901,34
560910,12
560928,33
560952,39
560979,15
560987,11
560995,16
561002,6
561011,10
561029,17
561037,21
561045,11
561053,26
561061,46
561070,12
561088,37
561096,13
561100,21
561118,20
561126,17
561134,87
561142,49
561151,31
561169,13
561177,20
561185,34
561193,10
561207,22
561215,161
561223,74
561231,25
561240,20
561258,32
561266,17
561274,13
561282,14
561291,27
561304,7
561312,15
561321,36
561339,7
561347,12
561355,11
561363,17
561371,55
561380,566
561398,15
561401,7
561410,30
561428,55
561436,21
561444,50
561452,30
561461,24
561479,100
561487,17
561495,69
561509,20
561517,32
561525,25
561533,28
561541,41
561550,12
561568,4
561576,18
561584,28
561592,72
561606,112
561614,16
561622,58
561631,63
561649,26
561657,15
561665,37
561673,5
561681,374
561690,14
561703,19
561711,23
561720,50
561738,22
561746,49
561754,14
561762,23
561771,5
561789,37
561797,127
561801,30
561819,30
561827,12
561835,416
561843,13
561851,31
561860,601
561878,205
561886,54
561894,132
561908,30
561916,75
561924,15
561932,24
561941,16
561959,94
561967,45
561975,51
561983,60
561991,32
562009,102
562017,12
562025,131
562033,24
562041,15
562050,128
562068,21
562076,126
562084,12
562092,184
562106,47
562114,26
562122,19
562131,37
562149,10
562157,22
562165,47
562173,24
562181,27
562190,24
562203,19
562211,7
562220,53
562238,23
562246,68
562254,7
562262,70
562271,24
562289,7
562297,70
562301,27
562319,23
562327,47
562335,415
562343,75
562351,380
562360,14
562378,11
562386,30
562394,135
562408,113
562416,13
562424,14
562432,79
562441,157
562459,28
562467,73
562475,22
562483,28
562491,11
562505,110
562513,15
562521,57
562530,85
562548,15
562556,9
562564,141
562572,59
562581,273
562599,16
562602,22
562611,110
562629,19
562637,49
562645,18
562653,12
562661,45
562670,20
562688,26
562696,22
562700,88
562718,68
562726,22
562734,19
562742,18
562751,85
562769,27
562777,448
562785,20
562793,52
562807,28
562815,27
562823,34
562831,16
562840,32
562858,118
562866,22
562874,28
562882,583
562891,35
562904,14
562912,100
562921,37
562939,46
562947,218
562955,47
562963,19
562971,1666
562980,19
562998,12
563005,13
563013,30
563021,105
563030,36
563048,12
563056,77
563064,9
563072,43
563081,23
563099,1127
563102,277
563111,5
563129,270
563137,48
563145,21
563153,11
563161,14
563170,15
563188,22
563196,24
563200,41
563218,25
563226,11
563234,29
563242,33
563251,39
563269,44
563277,125
563285,56
563293,39
563307,51
563315,2
563323,37
563331,24
563340,91
563358,50
563366,23
563374,10
563382,105
563404,294
563412,17
563439,30
563447,15
563455,16
563463,21
563471,41
563480,38
563498,12
563501,54
563510,1460
563528,14
563536,15
563544,42
563552,245
563561,99
563579,58
563587,46
563595,99
563609,160
563617,60
563625,23
563633,41
563641,118
563650,36
563668,17
563676,149
563684,107
563692,142
563706,119
563714,343
563722,8
563731,173
563749,148
563757,201
563765,15
563773,95
563781,94
563790,224
563803,138
563811,253
563820,502
563838,284
563846,32
563854,148
563862,31
563871,270
563889,984
563897,52
563901,36
563919,40
563927,7
563935,32
563943,19
563951,11
563960,122
563978,67
563986,98
563994,41
564028,238
564036,91
564044,71
564052,28
564061,218
564079,12
564087,46
564095,159
564109,113
564117,229
564125,48
564133,34
564141,43
564150,27
564168,34
564176,21
564184,30
564192,39
564206,32
564214,13
564222,20
564231,62
564249,26
564257,23
564265,127
564273,24
564281,47
564290,40
564303,78
564311,29
564320,35
564338,16
564346,49
564354,217
564362,17
564371,69
564389,40
564397,44
564401,43
564419,45
564427,72
564435,84
564443,122
564451,34
564460,173
564478,76
564486,248
564494,44
564508,53
564516,61
564524,10
564532,30
564541,28
564559,9
564567,1334
564575,83
564583,32
564591,291
564605,28
564613,78
564621,93
564630,47
564648,58
564656,65
564664,29
564672,61
564681,45
564699,47
564702,49
564711,205
564729,32
564737,45
564745,94
564753,133
564761,53
564770,28
564788,32
564796,26
564800,119
564818,103
564826,113
564834,38
564842,22
564851,182
564869,184
564877,93
564885,131
564893,89
564907,559
564915,270
564923,67
564931,51
564940,60
564958,86
564966,29
564974,87
564982,587
564991,206
565008,89
565016,73
565024,54
565032,93
565041,17
565059,56
565067,87
565075,35
565083,127
565091,81
565105,26
565113,136
565121,47
565130,32
565148,70
565156,70
565164,224
565172,74
565181,25
565199,32
565202,11
565211,25
565229,743
565237,106
565245,217
565253,40
565261,31
565270,44
565288,13
565296,80
565300,75
565318,48
565326,18
565334,47
565342,54
565351,32
565369,10
565377,29
565385,14
565393,54
565407,43
565415,43
565423,32
565431,74
565440,24
565458,77
565466,21
565474,53
565482,65
565491,55
565504,18
565512,12
565521,98
565539,76
565547,35
565555,778
565563,38
565571,55
565580,41
565598,43
565601,39
565610,26
565628,73
565636,138
565644,75
565652,27
565661,53
565679,127
565695,213
565709,161
565717,216
565725,45
565733,45
565741,75
565750,13
565768,91
565776,61
565784,83
565792,35
565806,63
565814,39
565822,35
565831,169
565849,40
565857,165
565865,58
565873,31
565881,55
565890,50
565903,124
565911,45
565920,16
565938,55
565946,220
565954,111
565962,117
565971,760
565989,27
565997,21
566004,23
566012,28
566021,27
566039,48
566047,40
566055,36
566063,34
566071,12
566080,22
566098,22
566101,22
566128,18
566136,150
566144,27
566152,42
566161,17
566179,29
566187,32
566195,40
566209,14
566217,47
566233,109
566241,26
566250,29
566276,8
566284,35
566292,15
566306,27
566314,59
566322,104
566331,12
566349,28
566357,29
566365,87
566373,46
566381,34
566390,10
566403,27
566411,29
566420,32
566438,37
566446,70
566454,34
566462,11
566471,14
566489,26
566497,10
566501,14
566519,25
566527,29
566535,71
566543,54
566551,43
566560,35
566578,23
566586,26
566594,12
566608,17
566616,106
566624,101
566632,23
566641,51
566659,21
566667,47
566675,25
566683,28
566691,18
566705,28
566713,68
566721,54
566730,13
566748,10
566756,146
566764,9
566781,9
566799,100
566802,27
566811,38
566829,38
566837,16
566845,74
566853,29
566861,38
566870,20
566888,4
566896,91
566900,31
566918,25
566926,39
566934,35
566942,44
566951,36
566969,47
566977,30
566985,448
566993,5
567001,43
567019,28
567027,761
567043,51
567051,20
567060,211
567078,20
567086,109
567108,3
567141,41
567167,25
567175,56
567191,8
567221,32
567248,24
567256,587
567264,220
567272,265
567281,80
567299,11
567302,38
567311,335
567329,18
567337,286
567345,173
567353,35
567361,35
567426,50
567442,2085
567451,528
567469,51
567477,223
567485,79
567507,232
567515,553
567523,166
567531,414
567558,180
567566,32
567582,111
567604,137
567612,83
567621,130
567639,271
567647,221
567655,109
567698,26
567701,78
567710,105
567728,6
567752,1505
567761,104
567779,112
567787,719
567809,90
567833,206
567841,85
567850,501
567868,124
567876,52
567884,33
567931,161
567957,77
567973,31
568007,149
568015,340
568023,70
568058,65
568091,47
568104,35
568147,17
568155,86
568163,97
568180,29
568198,20
568201,51
568210,160
568228,265
568236,144
568244,238
568261,108
568279,38
568287,42
568295,64
568309,80
568317,32
568333,64
568341,94
568350,281
568368,60
568376,90
568384,35
568392,166
568406,105
568414,358
568422,88
568431,98
568449,86
568457,37
568465,19
568473,168
568481,103
568490,27
568503,66
568511,85
568520,21
568538,42
568546,109
568554,140
568562,28
568571,48
568589,56
568597,54
568601,48
568619,40
568635,97
568643,117
568651,48
568660,42
568678,39
568686,61
568694,39
568708,50
568716,91
568724,43
568732,103
568741,179
568759,171
568767,18
568775,114
568783,13
568791,242
568805,26
568813,257
568821,33
568830,230
568848,43
568856,57
568864,156
568872,98
568881,20
568899,18
568902,56
568911,125
568929,24
568937,24
568945,54
568953,34
568961,50
568970,24
568988,298
568996,18
569003,148
569011,32
569020,40
569038,79
569046,59
569054,275
569062,74
569071,16
569089,54
569097,20
569101,23
569119,120
569127,32
569135,100
569143,47
569151,25
569160,44
569178,110
569186,75
569194,157
569208,26
569216,53
569224,59
569232,30
569241,28
569259,59
569267,48
569275,45
569283,42
569291,71
569305,101
569313,24
569321,114
569330,6
569348,127
569356,99
569364,36
569372,24
569381,28
569399,54
569402,24
569411,17
569429,30
569437,54
569445,200
569453,57
569461,45
569470,56
569488,23
569496,45
569500,175
569518,119
569526,20
569534,67
569542,61
569551,25
569569,156
569577,76
569585,52
569593,49
569607,18
569615,27
569623,25
569631,424
569640,23
569658,52
569666,63
569674,28
569682,63
569691,57
569704,30
569712,40
569721,67
569739,19
569747,20
569755,121
569771,51
569780,116
569798,19
569801,26
569810,877
569828,75
569836,52
569844,77
569852,19
569861,34
569879,106
569887,49
569895,104
569909,156
569917,93
569925,270
569933,68
569941,67
569950,31
569968,77
569976,106
569984,63
569992,49
570001,67
570010,61
570028,159
570036,42
570044,55
570052,67
570061,41
570079,70
570087,157
570095,73
570109,255
570117,6
570125,120
570133,63
570141,25
570150,71
570168,28
570176,44
570184,43
570192,40
570206,52
570214,60
570222,70
570231,114
570249,179
570257,52
570265,90
570273,61
570281,21
570290,25
570303,54
570311,97
570320,68
570338,70
570346,82
570354,38
570362,43
570371,114
570397,62
570401,40
570419,78
570427,30
570435,54
570443,61
570451,83
570478,71
570494,53
570508,198
570516,37
570524,58
570532,66
570541,50
570567,28
570575,60
570648,98
570656,84
570672,347
570681,76
570702,23
570711,48
570729,33
570745,61
570753,41
570761,15
570770,28
570788,515
570796,88
570800,74
570818,65
570826,447
570834,160
570842,66
570851,114
570869,55
570877,271
570885,98
570893,27
570907,46
570915,40
570923,39
570931,161
570940,77
570958,37
570966,82
570974,171
570982,70
570991,86
571008,234
571016,59
571024,105
571032,22
571041,274
571059,55
571067,60
571075,14
571083,39
571091,109
571105,48
571113,108
571121,70
571130,55
571148,26
571156,29
571164,697
571172,74
571181,39
571199,47
571202,36
571211,141
571229,58
571237,55
571245,121
571253,34
571261,50
571270,80
571288,110
571296,21
571300,35
571318,41
571326,78
571334,51
571342,50
571351,183
571377,61
571385,337
571393,399
571407,25
571415,26
571423,99
571431,65
571440,75
571458,33
571466,39
571474,22
571482,32
571491,162
571504,232
571512,74
571521,48
571539,174
571547,58
571555,46
571563,36
571571,100
571580,59
571598,63
571601,60
571610,91
571628,48
571636,52
571644,36
571652,20
571661,41
571679,19
571687,38
571695,29
571709,98
571717,52
571725,21
571733,23
571741,38
571750,42
571768,91
571776,83
571784,310
571792,165
571806,79
571814,76
571822,22
571831,75
571849,67
571857,28
571865,18
571873,56
571881,26
571890,41
571903,68
571911,134
571920,45
571938,61
571946,35
571954,36
571962,121
571971,92
571989,77
571997,18
572004,54
572012,31
572021,29
572039,48
572047,36
572063,53
572071,270
572080,61
572098,155
572101,51
572110,70
572128,23
572136,50
572144,37
572152,52
572161,99
572179,86
572187,23
572195,13
572209,35
572217,125
572225,47
572233,46
572241,143
572250,39
572268,268
572276,255
572284,11
572292,16
572306,36
572314,40
572322,29
572331,146
572349,70
572357,74
572365,52
572373,76
572381,54
572390,46
572403,68
572411,161
572420,92
572438,29
572446,101
572454,33
572462,41
572471,114
572489,37
572497,68
572501,58
572519,42
572527,19
572535,63
572543,30
572551,38
572560,25
572578,86
572586,44
572594,28
572608,74
572616,94
572624,60
572632,16
572641,58
572659,664
572667,34
572675,32
572683,33
572691,69
572705,26
572713,72
572721,98
572730,20
572748,21
572756,57
572764,90
572772,48
572781,95
572799,89
572802,61
572811,26
572829,40
572837,99
572845,39
572853,26
572861,64
572870,254
572888,58
572896,200
572900,58
572918,56
572926,402
572934,31
572942,102
572951,51
572969,62
572977,161
572985,76
572993,56
573001,35
573019,21
573027,29
573035,18
573043,41
573051,54
573060,71
573078,41
573086,24
573094,129
573108,90
573116,25
573124,75
573132,51
573141,35
573159,47
573167,21
573175,102
573183,22
573191,155
573205,42
573213,64
573221,36
573230,69
573248,317
573256,28
573264,61
573272,110
573281,21
573299,55
573302,19
573311,94
573329,44
573337,48
573345,188
573353,32
573361,32
573370,42
573388,31
573400,102
573418,187
573426,22
573434,176
573442,39
573451,34
573469,46
573477,81
573485,24
573493,123
573507,96
573515,83
573523,50
573531,45
573540,25
573558,37
573566,54
573574,21
573582,49
573591,17
573604,52
573612,45
573621,103
573639,61
573647,31
573655,37
573663,31
573671,37
573680,45
573698,44
573701,1495
573710,43
573728,38
573736,34
573744,30
573752,71
573761,36
573779,47
573787,87
573795,35
573809,93
573817,27
573825,100
573833,34
573841,37
573850,30
573868,599
573876,43
573884,112
573892,72
573906,67
573914,19
573922,334
573931,23
573949,29
573957,86
573965,347
573973,59
573981,31
573990,293
574007,32
574015,39
574023,183
574031,47
574040,63
574058,25
574066,91
574074,85
574082,278
574091,35
574104,49
574112,60
574121,519
574139,59
574147,37
574155,50
574163,66
574171,26
574180,51
574198,294
574201,123
574210,57
574228,35
574236,25
574244,107
574252,95
574261,42
574279,408
574287,74
574295,49
574309,28
574317,33
574325,20
574333,18
574341,167
574350,76
574368,59
574376,126
574384,69
574392,99
574406,57
574422,29
574431,48
574449,97
574457,72
574465,39
574481,107
574490,31
574511,15
574538,29
574546,153
574554,92
574562,50
574571,69
574589,104
574597,41
574601,74
574627,66
574635,37
574643,91
574651,70
574660,49
574686,81
574694,120
574708,59
574724,55
574741,60
574767,162
574783,52
574791,47
574805,92
574813,49
574821,49
574830,71
574848,46
574856,100
574864,181
574899,130
574902,61
574911,70
574929,91
574953,92
574961,45
574988,335
574996,84
575011,92
575046,34
575054,115
575062,81
575071,350
575089,72
575097,26
575101,40
575119,50
575127,51
575135,75
575143,86
575151,42
575178,27
575194,69
575232,95
575259,46
575305,102
575313,80
575330,14
575372,368
575381,104
575399,114
575429,215
575437,165
575445,50
575461,20
575470,62
575500,317
575518,47
575526,33
575534,232
575542,35
575551,137
575569,76
575577,82
575593,256
575607,246
575615,35
575623,77
575640,178
575658,58
575666,41
575682,197
575704,216
575712,116
575721,118
575739,221
575755,40
575763,32
575771,59
575780,134
575810,37
575828,20
575844,54
575861,39
575879,79
575887,88
575909,58
575917,19
575925,114
575933,48
575941,73
575968,120
575984,92
575992,77
576000,24
576018,61
576026,73
576042,44
576051,124
576069,314
576077,192
576085,49
576093,6
576107,50
576115,40
576123,52
576131,149
576140,48
576166,81
576174,41
576182,300
576191,93
576204,63
576212,88
576221,120
576247,18
576263,50
576271,195
576280,33
576301,201
576310,52
576328,34
576336,57
576352,83
576361,237
576387,11
576395,21
576409,46
576425,233
576433,35
576441,56
576450,13
576468,104
576476,55
576492,57
576506,61
576522,27
576549,23
576557,42
576565,47
576573,29
576581,61
576590,224
576603,7
576611,37
576620,34
576654,73
576662,112
576671,109
576689,68
576701,50
576727,46
576735,6
576743,11
576751,56
576778,67
576786,54
576794,22
576808,173
576816,59
576824,50
576832,89
576841,63
576859,115
576875,50
576883,216
576891,48
576921,115
576930,75
576948,6
576956,55
576964,513
576972,35
576981,65
576999,160
577006,86
577014,64
577031,68
577049,20
577057,54
577073,59
577081,39
577111,26
577120,91
577146,44
577154,92
577162,74
577171,60
577189,24
577197,389
577201,35
577219,75
577227,84
577235,83
577243,80
577294,95
577308,217
577316,91
577324,128
577332,58
577341,54
577359,406
577367,36
577375,36
577391,41
577405,81
577413,269
577421,33
577430,77
577448,67
577456,71
577464,24
577472,100
577481,27
577499,82
577529,67
577545,63
577553,114
577561,33
577570,33
577596,80
577600,11
577626,631
577642,39
577651,77
577669,12
577677,109
577685,42
577693,62
577707,58
577723,49
577731,537
577774,78
577812,52
577821,27
577839,78
577863,202
577871,29
577898,20
577910,56
577928,109
577936,103
577944,39
577961,21
577979,23
577987,32
577995,98
578002,37
578011,14
578029,28
578037,46
578045,14
578053,46
578061,14
578070,37
578088,25
578096,61
578100,30
578118,40
578126,39
578134,40
578142,19
578151,53
578169,37
578177,17
578185,45
578193,122
578207,68
578215,20
578223,20
578231,41
578240,3
578258,45
578266,71
578274,38
578282,61
578291,47
578304,25
578312,15
578321,26
578339,72
578347,312
578355,48
578363,46
578371,22
578380,28
578398,24
578401,46
578410,17
578428,58
578436,19
578444,239
578452,36
578461,35
578479,52
578487,39
578495,28
578509,80
578517,14
578525,17
578533,30
578541,41
578550,15
578568,28
578576,264
578584,49
578592,49
578606,55
578614,40
578622,44
578631,21
578649,11
578657,39
578665,18
578673,56
578681,81
578690,32
578703,25
578711,27
578720,54
578738,85
578746,65
578754,23
578762,39
578771,35
578789,41
578797,10
578801,20
578819,28
578827,9
578835,41
578843,26
578851,69
578860,47
578878,34
578886,34
578894,24
578908,58
578916,31
578924,12
578932,46
578941,47
578959,43
578967,49
578975,31
578983,56
578991,14
579009,19
579017,52
579025,294
579033,36
579041,171
579050,52
579068,136
579076,31
579084,15
579092,38
579106,43
579114,31
579122,124
579131,59
579149,18
579157,71
579165,49
579173,30
579181,67
579190,54
579203,435
579211,33
579220,114
579238,30
579246,24
579254,41
579262,34
579271,25
579289,40
579297,540
579301,39
579319,53
579327,47
579335,39
579343,23
579351,51
579360,209
579378,18
579386,78
579394,46
579408,25
579416,56
579424,187
579432,107
579441,24
579459,34
579467,14
579475,63
579483,44
579491,36
579505,5
579513,223
579530,57
579548,87
579556,91
579564,92
579581,13
579599,75
579602,70
579629,90
579637,216
579645,51
579661,32
579696,13
579726,86
579734,266
579742,15
579751,55
579769,33
579777,370
579785,73
579793,27
579815,58
579823,27
579831,31
579858,451
579866,21
579874,144
579891,390
579947,301
579963,68
579971,64
579980,21
579998,30
580015,64
580023,48
580031,378
580040,58
580058,73
580066,25
580074,55
580091,62
580112,89
580121,84
580147,80
580163,11
580210,55
580228,41
580261,73
580279,58
580295,29
580325,62
580333,63
580341,60
580350,399
580376,728
580392,66
580406,46
580414,58
580422,56
580431,50
580465,57
580481,79
580490,61
580503,33
580511,484
580538,272
580562,35
580571,57
580589,66
580619,70
580627,104
580635,50
580643,129
580651,41
580660,54
580678,102
580686,86
580694,77
580708,67
580716,51
580724,34
580732,37
580741,67
580759,44
580767,96
580775,65
580783,23
580805,86
580821,47
580830,22
580848,120
580872,82
580881,67
580902,65
580929,91
580945,105
580961,68
580970,85
580988,10
580996,33
581003,21
581011,44
581038,52
581046,33
581054,31
581062,51
581071,68
581089,20
581101,49
581119,125
581127,37
581143,44
581151,56
581178,44
581186,293
581194,21
581208,57
581216,30
581224,98
581232,72
581259,361
581267,51
581275,93
581283,457
581291,1195
581313,38
581321,48
581330,48
581356,54
581364,132
581372,418
581381,49
581402,86
581429,157
581437,24
581445,153
581453,69
581461,46
581470,89
581496,134
581500,29
581518,70
581526,24
581534,74
581542,130
581551,159
581569,43
581577,20
581593,38
581615,25
581631,55
581666,162
581682,197
581721,32
581739,81
581755,43
581763,162
581771,52
581780,106
581798,81
581801,82
581810,77
581828,75
581836,49
581844,11
581852,47
581861,69
581879,115
581887,44
581909,158
581917,132
581925,67
581933,35
581941,19
581950,100
581968,131
581976,98
581992,27
582018,178
582026,19
582034,57
582042,55
582069,57
582077,66
582085,62
582107,24
582115,73
582123,30
582131,88
582158,134
582166,70
582174,16
582182,127
582191,73
582204,39
582212,129
582221,57
582239,238
582247,269
582255,25
582263,44
582271,92
582280,36
582298,192
582310,78
582328,41
582336,204
582344,52
582352,126
582379,25
582395,87
582409,118
582417,82
582433,49
582441,222
582450,17
582468,92
582476,79
582484,130
582492,104
582506,22
582531,48
582557,60
582565,72
582573,53
582581,121
582590,44
582603,71
582611,48
582620,43
582646,142
582654,64
582662,67
582671,123
582689,95
582701,65
582727,82
582735,34
582743,81
582751,73
582760,88
582778,26
582786,1654
582794,74
582808,131
582824,253
582832,31
582841,205
582859,134
582875,53
582883,115
582891,101
582913,251
582921,507
582930,53
582948,71
582956,273
582964,110
582972,172
582999,238
583014,63
583022,35
583031,336
583057,40
583065,215
583081,394
583090,90
583111,233
583120,204
583154,32
583171,127
583189,201
583197,122
583201,62
583219,222
583227,137
583235,307
583243,98
583251,639
583260,51
583278,60
583286,255
583294,55
583308,17
583316,85
583324,70
583332,73
583341,84
583359,69
583367,83
583375,66
583383,88
583391,527
583405,228
583413,462
583421,121
583430,74
583448,167
583456,175
583464,25
583472,69
583481,160
583499,120
583502,70
583511,118
583529,47
583537,99
583545,78
583553,181
583561,140
583588,251
583596,457
583600,89
583634,231
583651,135
583669,216
583677,148
583685,204
583693,208
583707,124
583715,54
583723,61
583731,114
583740,177
583758,406
583766,276
583774,241
583782,490
583791,363
583804,96
583821,547
583839,190
583847,69
583855,142
583863,151
583880,111
583898,207
583901,98
583910,206
583928,51
583936,220
583944,66
583952,516
583961,104
583979,265
583987,76
583995,77
584002,541
584011,69
584029,390
584037,150
584045,258
584053,26
584061,201
584070,46
584096,331
584100,240
584118,92
584126,284
584134,59
584142,168
584151,66
584169,53
584177,184
584185,150
584193,12
584207,2128
584215,140
584223,630
584231,200
584240,93
584266,178
584274,206
584282,645
584291,320
584304,80
584321,75
584339,60
584347,141
584355,47
584363,94
584371,126
584380,50
584401,61
584410,66
584428,95
584436,36
584444,51
584452,147
584461,80
584479,61
584487,101
584495,243
584517,62
584525,54
584541,69
584550,78
584568,98
584576,152
584584,123
584592,197
584622,68
584631,74
584649,162
584657,70
584665,111
584673,107
584681,71
584703,90
584711,48
584720,81
584746,72
584754,51
584762,27
584771,45
584789,84
584797,170
584801,117
584819,94
584835,56
584843,139
584851,57
584860,100
584878,42
584894,112
584908,100
584916,56
584924,119
584932,166
584941,98
584959,95
584967,79
584975,74
584983,152
584991,47
585009,81
585017,134
585025,38
585033,172
585041,117
585050,90
585068,729
585076,119
585092,96
585106,64
585114,98
585131,192
585149,87
585157,100
585165,58
585173,131
585181,57
585190,55
585203,17
585211,153
585220,97
585238,19
585246,47
585254,196
585262,104
585271,72
585289,177
585301,78
585319,71
585327,63
585343,110
585432,64
585441,61
585459,153
585467,162
585483,67
585491,208
585505,174
585513,364
585521,91
585530,111
585548,74
585556,85
585599,911
585611,69
585661,66
585670,74
585726,197
585734,76
585751,192
585769,60
585777,421
585793,174
585807,53
585815,115
585831,77
585858,159
585866,62
585874,65
585882,96
585891,184
585912,122
585921,189
585939,168
585955,66
585963,38
585971,97
585980,69
585998,81
586005,345
586013,160
586021,390
586030,65
586048,146
586056,48
586064,108
586072,211
586081,108
586099,94
586102,98
586111,64
586129,61
586137,150
586145,147
586153,54
586161,281
586170,103
586188,136
586196,48
586200,49
586218,29
586226,120
586234,58
586242,101
586251,93
586269,68
586277,177
586285,175
586293,40
586307,375
586315,77
586323,99
586331,101
586340,50
586358,386
586366,37
586374,128
586382,149
586391,66
586404,141
586412,113
586421,66
586439,83
586447,72
586455,25
586463,69
586471,139
586480,113
586498,158
586501,35
586510,321
586528,201
586536,50
586544,101
586552,122
586561,177
586579,70
586587,177
586595,99
586609,134
586617,34
586625,153
586633,87
586641,127
586650,88
586668,237
586676,105
586684,53
586692,106
586706,150
586714,112
586722,310
586731,60
586749,121
586757,179
586765,103
586773,90
586781,134
586790,75
586803,119
586811,81
586820,146
586838,80
586846,579
586854,15
586862,55
586871,31
586889,55
586897,64
586901,37
586919,25
586927,65
586943,51
586951,36
586960,49
586978,39
586986,19
586994,60
587001,16
587010,33
587028,136
587036,29
587044,81
587052,118
587061,18
587079,19
587087,23
587095,98
587109,9
587117,40
587125,29
587141,59
587150,22
587168,62
587176,66
587184,16
587192,30
587206,26
587214,19
587222,52
587231,13
587249,51
587257,21
587265,31
587273,45
587281,28
587290,24
587303,25
587320,26
587338,18
587346,57
587354,185
587362,30
587371,12
587389,18
587397,62
587401,102
587419,12
587427,53
587435,165
587443,17
587451,36
587460,18
587478,185
587486,624
587494,31
587508,39
587516,21
587524,22
587532,41
587541,49
587559,43
587567,28
587575,31
587583,30
587591,104
587605,14
587613,10
587621,30
587630,24
587648,12
587656,37
587664,27
587672,36
587681,32
587699,18
587702,114
587711,136
587729,184
587737,31
587745,77
587753,24
587761,39
587770,28
587788,168
587796,37
587800,20
587818,64
587826,22
587834,18
587842,78
587851,13
587869,36
587877,18
587885,39
587893,40
587907,85
587915,28
587923,35
587931,80
587940,19
587958,59
587974,59
587982,23
587991,16
588008,34
588016,5
588024,212
588032,123
588041,22
588059,16
588067,43
588075,25
588083,21
588091,15
588105,20
588113,126
588121,52
588130,32
588148,31
588156,24
588164,22
588172,42
588181,63
588199,36
588202,40
588211,20
588229,23
588237,46
588245,13
588253,79
588261,22
588270,34
588288,43
588296,565
588300,71
588318,92
588326,70
588334,29
588342,42
588377,45
588385,86
588393,305
588407,24
588431,80
588458,342
588474,344
588482,21
588491,212
588504,101
588512,257
588521,47
588547,28
588555,92
588563,62
588598,144
588601,67
588610,67
588628,12
588636,47
588644,200
588652,72
588661,86
588695,45
588709,64
588717,67
588725,84
588733,121
588741,162
588750,92
588768,139
588784,120
588806,26
588814,57
588822,58
588831,86
588849,57
588865,84
588873,127
588890,105
588903,115
588920,13
588938,95
588946,97
588954,37
588962,47
588971,109
588989,50
588997,123
589004,92
589039,62
589047,44
589055,77
589080,42
589098,46
589110,55
589128,49
589136,54
589152,56
589161,89
589187,121
589195,80
589217,94
589225,85
589233,146
589250,1119
589268,166
589276,75
589284,72
589292,91
589306,39
589314,56
589322,248
589331,53
589349,71
589357,17
589365,74
589381,113
589390,104
589403,183
589420,100
589438,136
589446,103
589454,182
589462,78
589489,126
589497,33
589501,64
589519,45
589527,60
589535,55
589543,95
589560,50
589578,66
589586,60
589594,27
589608,110
589616,50
589624,114
589632,213
589641,63
589659,133
589667,92
589675,45
589683,71
589691,59
589705,37
589713,53
589721,118
589730,188
589748,96
589756,166
589764,200
589772,25
589799,110
589802,73
589811,59
589829,161
589837,108
589845,93
589853,29
589870,142
589888,105
589896,200
589918,97
589926,54
589934,70
589942,59
589951,47
589969,33
589977,37
589993,145
590002,30
590011,71
590029,129
590045,54
590053,83
590061,34
590070,121
590088,89
590096,92
590100,61
590118,76
590126,122
590134,179
590142,91
590151,39
590177,76
590185,130
590193,186
590207,91
590215,82
590223,67
590240,69
590266,620
590274,20
590282,37
590304,38
590312,22
590321,38
590347,25
590363,45
590371,34
590380,51
590401,91
590410,21
590428,9
590436,53
590444,78
590452,50
590461,25
590479,32
590487,24
590495,21
590509,46
590517,53
590525,31
590533,19
590550,41
590568,28
590576,44
590584,98
590592,50
590614,48
590622,30
590631,29
590649,37
590657,8
590665,21
590673,84
590681,40
590690,41
590703,77
590711,23
590746,65
590754,81
590762,32
590789,123
590797,47
590801,36
590819,52
590827,15
590835,23
590843,61
590851,49
590860,96
590878,39
590886,45
590894,15
590908,47
590916,47
590941,75
590959,25
590967,29
590975,47
590983,38
590991,31
591009,54
591025,25
591041,75
591068,19
591092,31
591114,86
591122,45
591149,18
591157,55
591165,40
591173,76
591181,198
591190,65
591211,262
591220,44
591238,53
591246,55
591254,43
591262,28
591289,15
591297,27
591301,313
591319,40
591327,35
591335,65
591360,69
591378,32
591394,57
591408,14
591416,27
591424,15
591432,45
591441,20
591459,130
591491,34
591505,39
591521,23
591548,21
591556,20
591564,27
591581,130
591602,18
591611,106
591629,48
591637,99
591645,46
591661,41
591688,25
591700,30
591726,39
591742,108
591769,47
591777,36
591785,57
591793,13
591807,44
591815,30
591823,29
591831,49
591840,59
591858,38
591866,38
591874,74
591904,63
591912,31
591939,66
591947,20
591955,21
591963,35
591980,28
591998,55
592005,1186
592013,277
592021,131
592030,291
592048,105
592056,71
592064,220
592072,59
592081,107
592099,73
592102,76
592111,61
592137,58
592145,301
592153,65
592170,153
592188,46
592196,46
592200,110
592218,149
592226,224
592234,41
592251,38
592269,118
592277,34
592285,74
592293,193
592307,40
592323,126
592340,19
592366,157
592382,119
592391,393
592404,70
592412,190
592421,88
592439,132
592447,128
592455,233
592463,134
592471,45
592480,148
592498,39
592501,146
592510,155
592528,120
592536,108
592552,57
592561,22
592579,48
592587,17
592609,82
592617,87
592625,69
592633,22
592641,67
592650,323
592668,119
592676,106
592692,158
592706,215
592714,104
592722,196
592731,317
592749,161
592757,73
592773,20
592781,115
592790,53
592803,88
592820,141
592838,13
592846,69
592854,40
592862,255
592871,29
592889,414
592897,51
592901,95
592919,95
592927,73
592935,0
592943,208
592978,55
592986,44
592994,146
593001,199
593010,74
593028,152
593036,60
593044,121
593052,182
593061,85
593079,141
593087,49
593095,35
593117,137
593125,33
593141,43
593150,52
593168,124
593184,16
593192,57
593214,219
593222,169
593231,55
593249,57
593257,127
593265,175
593273,87
593281,53
593290,42
593320,102
593338,72
593346,155
593354,24
593371,112
593389,27
593397,121
593401,111
593419,105
593427,39
593435,99
593443,47
593460,22
593478,182
593486,49
593494,83
593508,144
593516,65
593524,94
593532,122
593559,246
593567,52
593583,448
593591,32
593605,77
593613,127
593621,53
593630,81
593648,112
593656,85
593664,103
593681,192
593699,142
593702,98
593711,513
593729,77
593737,26
593745,38
593753,24
593761,33
593770,56
593788,88
593796,17
593800,36
593818,20
593826,52
593834,54
593842,50
593851,67
593869,24
593877,24
593885,17
593893,15
593907,43
593923,66
593931,72
593958,32
593966,60
593974,45
593982,42
593991,104
594008,27
594016,100
594024,36
594032,53
594041,65
594059,48
594067,208
594075,12
594083,44
594091,62
594105,25
594113,56
594121,22
594130,55
594148,43
594156,132
594164,9
594172,74
594181,33
594199,80
594202,149
594211,74
594229,55
594237,23
594253,10
594261,69
594270,69
594288,14
594296,38
594300,123
594318,23
594326,14
594334,98
594342,72
594351,36
594369,24
594377,61
594385,8
594393,18
594407,31
594415,46
594423,24
594431,47
594440,30
594458,111
594466,38
594474,41
594482,116
594512,35
594521,17
594555,49
594563,67
594571,36
594580,13
594598,13
594601,34
594610,79
594628,44
594636,9
594644,12
594652,18
594679,110
594687,35
594695,38
594709,133
594725,34
594733,14
594741,25
594750,52
594768,54
594776,30
594784,31
594792,10
594806,12
594814,46
594822,51
594831,13
594849,62
594865,16
594873,74
594881,84
594890,25
594903,31
594911,53
594920,86
594938,59
594946,82
594954,27
594962,37
594971,39
594989,27
594997,38
595004,31
595012,14
595021,106
595039,54
595047,111
595055,57
595063,12
595071,70
595080,43
595098,61
595101,70
595110,21
595128,59
595136,36
595144,13
595152,24
595161,10
595179,44
595187,62
595195,121
595209,563
595217,25
595241,38
595250,25
595268,63
595276,31
595284,34
595292,72
595306,58
595314,59
595322,21
595331,38
595349,30
595357,28
595365,46
595381,25
595390,35
595403,36
595411,153
595420,29
595438,28
595446,111
595454,39
595462,51
595471,30
595489,45
595501,36
595519,37
595527,154
595535,135
595551,74
595560,19
595578,27
595586,222
595594,55
595608,40
595624,30
595641,48
595659,43
595667,76
595675,19
595683,37
595705,10
595713,25
595721,31
595730,39
595748,25
595756,49
595772,52
595802,37
595811,29
595829,28
595837,65
595845,36
595853,19
595861,42
595870,25
595888,48
595896,13
595900,70
595918,34
595926,136
595934,79
595951,86
595969,26
595977,43
595985,27
595993,34
596001,26
596019,95
596035,34
596051,23
596060,10
596078,16
596086,36
596094,76
596108,21
596116,112
596132,21
596141,111
596159,11
596175,206
596183,46
596191,48
596205,53
596213,39
596221,103
596230,165
596248,61
596256,139
596264,15
596272,50
596281,55
596302,37
596329,59
596337,109
596345,89
596353,26
596361,103
596370,59
596388,34
596396,29
596400,25
596418,70
596434,28
596442,38
596451,36
596469,38
596477,46
596485,41
596493,24
596507,15
596515,24
596523,30
596531,87
596540,36
596558,83
596566,15
596574,60
596582,18
596604,20
596612,53
596639,46
596647,45
596655,61
596663,30
596671,22
596680,55
596698,18
596701,89
596710,23
596728,38
596736,13
596744,36
596752,19
596761,17
596787,30
596795,17
596809,46
596817,52
596825,36
596833,20
596841,43
596850,28
596868,97
596876,116
596884,65
596892,21
596906,57
596914,39
596922,29
596931,50
596949,68
596957,38
596965,50
596973,110
596981,82
596990,36
597007,282
597015,40
597031,17
597040,26
597058,58
597066,50
597074,134
597082,50
597091,47
597104,28
597112,53
597121,34
597139,48
597147,59
597155,39
597163,52
597171,46
597180,559
597198,9
597201,18
597210,51
597228,121
597252,15
597287,17
597317,55
597325,8
597341,18
597350,110
597368,27
597392,22
597414,17
597431,27
597449,36
597457,8
597473,115
597481,46
597511,13
597520,528
597538,16
597546,27
597554,36
597571,22
597589,19
597601,11
597635,54
597678,58
597686,12
597716,60
597724,16
597741,10
597775,11
597783,136
597791,32
597813,23
597821,31
597872,32
597881,47
597899,15
597911,43
597937,66
597945,18
597961,73
597970,18
597988,63
597996,44
598003,1085
598011,303
598020,5
598038,392
598046,57
598062,332
598071,47
598089,362
598101,187
598135,149
598143,455
598160,226
598178,269
598232,90
598241,25
598259,534
598267,167
598275,127
598283,196
598291,237
598305,144
598313,107
598321,144
598330,33
598348,469
598356,118
598364,75
598372,48
598381,92
598399,188
598402,117
598411,136
598429,62
598437,23
598445,14
598453,112
598461,38
598470,31
598488,17
598496,14
598500,13
598518,13
598526,49
598542,88
598551,155
598569,330
598577,34
598585,12
598593,87
598607,128
598615,21
598623,30
598631,14
598640,7
598658,26
598666,21
598674,168
598691,102
598704,42
598712,57
598721,35
598739,148
598747,6
598755,86
598763,22
598771,12
598780,35
598798,385
598801,8
598810,412
598828,27
598836,352
598844,29
598852,17
598861,16
598879,517
598887,26
598895,62
598909,13
598917,918
598925,303
598933,723
598941,308
598950,41
598968,212
598976,44
598992,5
599000,16
599026,16
599034,33
599042,77
599051,667
599069,1170
599077,264
599085,569
599107,438
599115,43
599123,53
599131,29
599140,134
599158,183
599166,16
599174,9
599182,119
599191,643
599204,23
599212,71
599221,79
599239,65
599247,191
599255,20
599263,51
599271,45
599280,14
599298,27
599301,36
599344,947
599352,83
599361,25
599379,21
599387,23
599395,14
599409,161
599417,69
599425,42
599433,143
599441,49
599450,104
599468,69
599476,62
599484,41
599492,59
599506,100
599514,21
599522,48
599531,44
599549,305
599557,52
599565,798
599573,28
599581,29
599590,23
599603,130
599611,30
599620,45
599638,86
599646,48
599654,30
599662,34
599671,50
599689,235
599697,54
599701,98
599719,223
599727,291
599735,185
599743,144
599751,27
599760,17
599778,22
599808,382
599832,114
599867,45
599905,85
599921,308
599930,116
599948,368
599956,110
599964,117
599999,75
