{
  "cs": {
    "access.compressFormat": "Formát komprese",
    "access.packageFormat": "Formát balíčku",
    "access.download": "Stáhnout",
    "access.fileQualityTrue": "Soubor byl {date} dostupný.",
    "access.fileQualityFalse": "Soubor byl {date} nedostupný. {note}",
    "access.fileQualityCorsTrue": "Technika CORS byla pro soubor ke stažení dostupná {date}.",
    "access.fileQualityCorsFalse": "Technika CORS nebyla pro soubor ke stažení dostupná {date}.",
    "access.endpointDescription": "Popis endpointu",
    "access.endpointDescriptionQualityTrue": "Popis endpointu byl {date} dostupný.",
    "access.endpointDescriptionQualityFalse": "Popis endpointu byl {date} nedostupný.",
    "access.endpointDescriptionQualityCorsTrue": "Technika CORS byla pro popis endpointu dostupná {date}.",
    "access.endpointDescriptionQualityCorsFalse": "Technika CORS byla pro popis endpointu nedostupná {date}.",
    "access.endpoint": "Endpoint",
    "access.endpointUrlQualityTrue": "Endpoint byl {date} dostupný.",
    "access.endpointUrlQualityFalse": "Endpoint byl {date} nedostupný.",
    "access.endpointUrlQualityCorsTrue": "Technika CORS byla pro endpoint dostupná {date}.",
    "access.endpointUrlQualityCorsFalse": "Technika CORS byla pro endpoint nedostupná {date}.",
    "access.mediaType": "Typ média",
    "access.formatQualityTrue": "Datový formát registrovaný poskytovatelem odpovídá datovému formátu, který indikuje webový server.",
    "access.formatQualityFalse": "Datový formát registrovaný poskytovatelem je jiný, než datový formát indikovaný webovým serverem: {note}.",
    "access.schema": "Schéma",
    "access.schemaQualityTrue": "Schéma bylo {date} dostupné.",
    "access.schemaQualityFalse": "Schéma bylo {date} nedostupné. {note}",
    "access.schemaQualityCorsTrue": "Technika CORS byla pro schéma dostupná {date}.",
    "access.schemaQualityCorsFalse": "Technika CORS nebyla pro schéma dostupná {date}.",
    "access.conformsTo": "Specifikace",
    "access.conformsToQualityTrue": "Specifikace byla {date} dostupná.",
    "access.conformsToQualityFalse": "Specifikace byla {date} nedostupná. {note}",
    "access.conformsToQualityCorsTrue": "Technika CORS byla pro specifikaci dostupná {date}.",
    "access.conformsToQualityCorsFalse": "Technika CORS nebyla pro specifikaci dostupná {date}.",
    "access.sparqlEndpoint": "SPARQL dotazování"
  },
  "en": {
    "access.compressFormat": "Compress format",
    "access.packageFormat": "Package format",
    "access.download": "Download",
    "access.fileQualityTrue": "The file was available on {date}.",
    "access.fileQualityFalse": "The file was unavailable on {date}. {note}",
    "access.fileQualityCorsTrue": "CORS for the file was available on {date}.",
    "access.fileQualityCorsFalse": "CORS for the file was not available on {date}.",
    "access.endpointDescription": "Endpoint description",
    "access.endpointDescriptionQualityTrue": "The endpoint description was available on {date}.",
    "access.endpointDescriptionQualityFalse": "The endpoint description was not available on {date}.",
    "access.endpointDescriptionQualityCorsTrue": "CORS for the endpoint description was available on {date}.",
    "access.endpointDescriptionQualityCorsFalse": "CORS for the endpoint description was not available on {date}.",
    "access.endpoint": "Endpoint",
    "access.endpointUrlQualityTrue": "The endpoint was available on {date}.",
    "access.endpointUrlQualityFalse": "The endpoint was not available on {date}.",
    "access.endpointUrlQualityCorsTrue": "CORS for the endpoint was available on {date}.",
    "access.endpointUrlQualityCorsFalse": "CORS for the endpoint was not available on {date}.",
    "access.mediaType": "Media type",
    "access.formatQualityTrue": "The media type registered by the publisher matches the media type indicated by the web server.",
    "access.formatQualityFalse": " The media type registered by the publisher differs from the media type indicated by the web server: {note}.",
    "access.schema": "Schema",
    "access.schemaQualityTrue": "The schema was available on {date}.",
    "access.schemaQualityFalse": "The schema was unavailable on {date}. {note}",
    "access.schemaQualityCorsTrue": "CORS for the schema was available on {date}.",
    "access.schemaQualityCorsFalse": "CORS for the schema was not available on {date}.",
    "access.conformsTo": "Specification",
    "access.conformsToQualityTrue": "Specification was available on {date}.",
    "access.conformsToQualityFalse": "Specification was unavailable on {date}. {note}",
    "access.conformsToQualityCorsTrue": "CORS for the specification was available on {date}.",
    "access.conformsToQualityCorsFalse": "CORS for the specification was not available on {date}.",
    "access.sparqlEndpoint": "SPARQL querying"
  }
}