Název,Typ,Popis,Definice,Zdroj,Nadřazený pojem,Ekvivalentní pojem,Identifikátor,Agenda,Agendový informační systém
Řidič,Subjekt práva,"Řidič je tedy i cyklista, nejen řidič motorových vozidel – neváže se na něj nutně řidičské oprávnění.","účastník provozu na pozemních komunikacích, který řídí motorové nebo nemotorové vozidlo anebo tramvaj; řidičem je i jezdec na zvířeti",https://www.e-sbirka.cz/eli/cz/sb/2000/361/2024-04-01/dokument/norma/cast_1/hlava_1/par_2/pism_d,Účastník provozu na pozemních komunikacích,,https://data.dia.gov.cz/příkladový-slovník-z-metodiky-popisu-dat/pojem/řidič,,
Řidič evidovaný v registru řidičů,Subjekt práva,,"Registr řidičů obsahuje a) osobní údaje o řidiči motorového vozidla uvedené v řidičském průkazu a v mezinárodním řidičském průkazu, včetně digitalizované fotografie a digitalizovaného podpisu řidiče,",https://www.e-sbirka.cz/eli/cz/sb/2000/361/2024-07-01/dokument/norma/cast_1/hlava_4/par_119/odst_2/pism_a,Řidič,,https://data.dia.gov.cz/příkladový-slovník-z-metodiky-popisu-dat/pojem/řidič-evidovaný-v-registru-řidičů,,
Řidičský průkaz,Objekt práva,,"Řidičský průkaz je veřejná listina, která osvědčuje řidičské oprávnění držitele a jeho rozsah a kterou držitel prokazuje své jméno, příjmení a podobu, jakož i další údaje v ní zapsané podle tohoto zákona.",https://www.e-sbirka.cz/eli/cz/sb/2000/361/2024-07-01/dokument/norma/cast_1/hlava_3/dil_2/par_103/odst_1,,,https://data.dia.gov.cz/příkladový-slovník-z-metodiky-popisu-dat/pojem/řidičský-průkaz,,
Vozidlo,Objekt práva,,"motorové vozidlo, nemotorové vozidlo nebo tramvaj",https://www.e-sbirka.cz/eli/cz/sb/2000/361/2024-07-01/dokument/norma/cast_1/hlava_1/par_2/pism_f,,,https://data.dia.gov.cz/příkladový-slovník-z-metodiky-popisu-dat/pojem/vozidlo,,
Účastník provozu na pozemních komunikacích,Subjekt práva,,"každý, kdo se přímým způsobem účastní provozu na pozemních komunikacích",https://www.e-sbirka.cz/eli/cz/sb/2000/361/2024-07-01/dokument/norma/cast_1/hlava_1/par_2/pism_a,,,https://data.dia.gov.cz/příkladový-slovník-z-metodiky-popisu-dat/pojem/účastník-provozu-na-pozemních-komunikacích,,
Obecní úřad obce s rozšířenou působností ,Subjekt práva,Úřad vydávající řidičský průkaz je vždy obecním úřadem obce s rozšířenou působností.,,https://www.e-sbirka.cz/eli/cz/sb/2000/361/2024-10-01/dokument/norma/cast_1/hlava_3/dil_2/par_109/odst_3,,,https://data.dia.gov.cz/příkladový-slovník-z-metodiky-popisu-dat/pojem/obecní-úřad-obce-s-rozšířenou-působností,,
