Název,Subjekt nebo objekt práva,Popis,Definice,Zdroj,Související zdroj,Nadřazený pojem,Alternativní název,Ekvivalentní pojem,Identifikátor,Datový typ,Je pojem sdílen v PPDF?,Je pojem veřejný?,Ustanovení dokládající neveřejnost pojmu,
Jméno držitele řidičského průkazu,Řidičský průkaz,Řidičský průkaz obsahuje mj. jméno a příjmení držitele,,https://www.e-sbirka.cz/eli/cz/sb/2000/361/2024-07-01/dokument/norma/cast_1/hlava_3/dil_2/par_105/odst_1/pism_a,,,,,https://data.dia.gov.cz/příkladový-slovník-z-metodiky-popisu-dat/pojem/jméno-držitele-řidičského-průkazu,,,,,
Příjmení držitele řidičského průkazu,Řidičský průkaz,Řidičský průkaz obsahuje mj. jméno a příjmení držitele,,https://www.e-sbirka.cz/eli/cz/sb/2000/361/2024-07-01/dokument/norma/cast_1/hlava_3/dil_2/par_105/odst_1/pism_a,,,,,https://data.dia.gov.cz/příkladový-slovník-z-metodiky-popisu-dat/pojem/příjmení-držitele-řidičského-průkazu,,,,,
Název obecního úřadu obce s rozšířenou působností,Obecní úřad obce s rozšířenou působností ,"Řidičský průkaz obsahuje název úřadu, který řidičský průkaz vydal (což je vždy obecní úřad obce s rozšířenou působností).",,https://www.e-sbirka.cz/eli/cz/sb/2000/361/2024-10-01/dokument/norma/cast_1/hlava_3/dil_2/par_105/odst_1/pism_i,,,,,https://data.dia.gov.cz/příkladový-slovník-z-metodiky-popisu-dat/pojem/název-obecního-úřadu-obce-s-rozšířenou-působností,,,,,
,,,,,,,,,,,,,,
,,,,,,,,,,,,,,
,,,,,,,,,,,,,,
,,,,,,,,,,,,,,
,,,,,,,,,,,,,,
,,,,,,,,,,,,,,
,,,,,,,,,,,,,,
,,,,,,,,,,,,,,
,,,,,,,,,,,,,,
