Subjekt nebo objekt práva,Název,Subjekt nebo objekt práva,Popis,Definice,Zdroj,Související zdroj,Nadřazený pojem,Alternativní název,Ekvivalentní pojem,Identifikátor,Je pojem sdílen v PPDF?,Je pojem veřejný?,Ustanovení dokládající neveřejnost pojmu
Řidič evidovaný v registru řidičů,drží řidičský průkaz ,Řidičský průkaz,"Z definice vyplývá, že řidiči, kteří jsou evidováni v registru řidičů, mohou být držiteli řidičského průkazu.","Registr řidičů obsahuje a) osobní údaje o řidiči motorového vozidla uvedené v řidičském průkazu a v mezinárodním řidičském průkazu, včetně digitalizované fotografie a digitalizovaného podpisu řidiče,",https://www.e-sbirka.cz/eli/cz/sb/2000/361/2024-07-01/dokument/norma/cast_1/hlava_4/par_119/odst_2/pism_a,,,,,https://data.dia.gov.cz/příkladový-slovník-z-metodiky-popisu-dat/pojem/drží-řidičský-průkaz,,,
Řidič,řídí vozidlo,Vozidlo,,"řidič je účastník provozu na pozemních komunikacích, který řídí motorové nebo nemotorové vozidlo anebo tramvaj; řidičem je i jezdec na zvířeti",https://www.e-sbirka.cz/eli/cz/sb/2000/361/2024-04-01/dokument/norma/cast_1/hlava_1/par_2/pism_d,,,,,https://data.dia.gov.cz/příkladový-slovník-z-metodiky-popisu-dat/pojem/řídí-vozidlo,,,
Obecní úřad obce s rozšířenou působností ,vydává řidičský průkaz ,Řidičský průkaz,"Z definice vyplývá, že řidiči, kteří jsou evidováni v registru řidičů, mohou být držiteli řidičského průkazu.",Řidičský průkaz vydá příslušný obecní úřad obce s rozšířenou působností na žádost držitele řidičského oprávnění.,https://www.e-sbirka.cz/eli/cz/sb/2000/361/2024-10-01/dokument/norma/cast_1/hlava_3/dil_2/par_109/odst_3,,,,,https://data.dia.gov.cz/příkladový-slovník-z-metodiky-popisu-dat/pojem/vydává-řidičský-průkaz,,,
Obecní úřad obce s rozšířenou působností ,sídlí na adrese,https://slovník.gov.cz/legislativní/sbírka/111/2009/pojem/adresa,Sídlo úřadu vydávajícího průkaz (obecním úřadem ORP) se nachází na nějaké adrese. Adresa je obecně definována v zákoně o základních registrech.,,https://www.e-sbirka.cz/eli/cz/sb/2000/361/2024-10-01/dokument/norma/cast_1/hlava_3/dil_2/par_105/odst_1/pism_i,,,,,https://data.dia.gov.cz/příkladový-slovník-z-metodiky-popisu-dat/pojem/sídlí-na-adrese,,,
,,,,,,,,,,,,,
,,,,,,,,,,,,,
