{
  "cs": {
    "footer.legalStart": "Forma uveřejňovaných informací je v souladu s ",
    "footer.legalLink": "vyhláškou č. 64/2008 Sb., o formě uveřejňování informací souvisejících s výkonem veřejné správy prostřednictvím webových stránek pro osoby se zdravotním postižením (vyhláška o přístupnosti)",
    "footer.legalTail": ", a splňuje všechna pravidla uveřejněná v příloze této vyhlášky."
  },
  "en": {
    "footer.legalStart": "The form the information is published in complies with ",
    "footer.legalLink": "Decree No. 64/2008, on the form of publishing information related to the exercise of public administration via web sites for persons with a disability (accessibility decree)",
    "footer.legalTail": " and conforms to all the rules laid down in the appendix to this decree."
  }
}