<?xml version="1.0" encoding="UTF-8"?>
<mxfile host="app.diagrams.net" modified="2021-09-08T11:19:07.594Z" agent="5.0 (Windows NT 10.0; Win64; x64) AppleWebKit/537.36 (KHTML, like Gecko) Chrome/93.0.4577.63 Safari/537.36" version="15.1.1" etag="2daXkqWCeCqkKwv53DYm" type="google">
  <diagram id="YL90zyOSrxwetq6ZkFwu" name="Page-1">
    <mxGraphModel dx="1209" dy="657" grid="1" gridSize="10" guides="1" tooltips="1" connect="1" arrows="1" fold="1" page="1" pageScale="1" pageWidth="850" pageHeight="1100" math="0" shadow="0">
      <root>
        <mxCell id="0" />
        <mxCell id="1" parent="0" />
        <mxCell id="4" value="DB" style="rounded=0;whiteSpace=wrap;html=1;fillColor=#B3B3B3;" parent="1" vertex="1">
          <mxGeometry x="35" y="850" width="315" height="40" as="geometry" />
        </mxCell>
        <mxCell id="5" value="ETL" style="rounded=0;whiteSpace=wrap;html=1;fillColor=#B3B3B3;" parent="1" vertex="1">
          <mxGeometry x="400" y="850" width="405" height="40" as="geometry" />
        </mxCell>
        <mxCell id="6" value="Frontend" style="rounded=0;whiteSpace=wrap;html=1;fillColor=#B3B3B3;" parent="1" vertex="1">
          <mxGeometry x="35" y="470" width="770" height="40" as="geometry" />
        </mxCell>
        <mxCell id="7" value="Internet" style="ellipse;whiteSpace=wrap;html=1;" parent="1" vertex="1">
          <mxGeometry x="35" y="6" width="780" height="110" as="geometry" />
        </mxCell>
        <mxCell id="9" value="" style="rounded=0;whiteSpace=wrap;html=1;fillColor=#CCCCCC;" parent="1" vertex="1">
          <mxGeometry x="400" y="540" width="405" height="310" as="geometry" />
        </mxCell>
        <mxCell id="10" value="" style="rounded=0;whiteSpace=wrap;html=1;fillColor=#CCCCCC;" parent="1" vertex="1">
          <mxGeometry x="35" y="160" width="770" height="310" as="geometry" />
        </mxCell>
        <mxCell id="11" value="" style="rounded=0;whiteSpace=wrap;html=1;fillColor=#CCCCCC;strokeColor=#000000;" parent="1" vertex="1">
          <mxGeometry x="35" y="540" width="315" height="310" as="geometry" />
        </mxCell>
        <mxCell id="12" value="OpenLink&lt;br&gt;Virtuoso&lt;br&gt;(8890, 1111)" style="rounded=1;whiteSpace=wrap;html=1;" parent="1" vertex="1">
          <mxGeometry x="120" y="565" width="80" height="60" as="geometry" />
        </mxCell>
        <mxCell id="35" style="edgeStyle=orthogonalEdgeStyle;rounded=0;html=1;exitX=0;exitY=0.5;entryX=1;entryY=0.5;jettySize=auto;orthogonalLoop=1;" parent="1" source="13" target="24" edge="1">
          <mxGeometry relative="1" as="geometry" />
        </mxCell>
        <mxCell id="36" style="edgeStyle=orthogonalEdgeStyle;rounded=0;html=1;exitX=0;exitY=0.25;entryX=0.5;entryY=0;jettySize=auto;orthogonalLoop=1;" parent="1" source="13" target="12" edge="1">
          <mxGeometry relative="1" as="geometry">
            <Array as="points">
              <mxPoint x="360" y="585" />
              <mxPoint x="360" y="550" />
              <mxPoint x="160" y="550" />
            </Array>
          </mxGeometry>
        </mxCell>
        <mxCell id="48" style="edgeStyle=orthogonalEdgeStyle;rounded=0;html=1;exitX=0.25;exitY=0;entryX=1;entryY=0.75;jettySize=auto;orthogonalLoop=1;strokeColor=#000000;entryDx=0;entryDy=0;" parent="1" source="13" target="39" edge="1">
          <mxGeometry relative="1" as="geometry">
            <Array as="points">
              <mxPoint x="460" y="444" />
            </Array>
          </mxGeometry>
        </mxCell>
        <mxCell id="60" style="edgeStyle=orthogonalEdgeStyle;rounded=0;html=1;exitX=0.25;exitY=1;entryX=0;entryY=0.7;jettySize=auto;orthogonalLoop=1;strokeColor=#000000;" parent="1" source="13" target="57" edge="1">
          <mxGeometry relative="1" as="geometry">
            <Array as="points">
              <mxPoint x="460" y="701" />
            </Array>
          </mxGeometry>
        </mxCell>
        <mxCell id="61" style="edgeStyle=orthogonalEdgeStyle;rounded=0;html=1;exitX=1;exitY=0.5;entryX=0;entryY=0.5;jettySize=auto;orthogonalLoop=1;strokeColor=#000000;" parent="1" source="13" target="58" edge="1">
          <mxGeometry relative="1" as="geometry" />
        </mxCell>
        <mxCell id="73" style="edgeStyle=orthogonalEdgeStyle;rounded=0;html=1;exitX=0.75;exitY=0;entryX=0.5;entryY=1;jettySize=auto;orthogonalLoop=1;strokeColor=#000000;" parent="1" source="13" target="26" edge="1">
          <mxGeometry relative="1" as="geometry">
            <Array as="points">
              <mxPoint x="520" y="450" />
              <mxPoint x="660" y="450" />
            </Array>
          </mxGeometry>
        </mxCell>
        <mxCell id="74" style="edgeStyle=orthogonalEdgeStyle;rounded=0;html=1;exitX=0.5;exitY=0;entryX=0.75;entryY=1;jettySize=auto;orthogonalLoop=1;strokeColor=#000000;" parent="1" source="13" target="27" edge="1">
          <mxGeometry relative="1" as="geometry">
            <Array as="points">
              <mxPoint x="491" y="570" />
              <mxPoint x="491" y="410" />
              <mxPoint x="260" y="410" />
              <mxPoint x="260" y="330" />
              <mxPoint x="220" y="330" />
            </Array>
          </mxGeometry>
        </mxCell>
        <mxCell id="13" value="LinkedPipes ETL&lt;br&gt;(LP-ETL)&lt;br&gt;(8080)&lt;br&gt;" style="rounded=1;whiteSpace=wrap;html=1;fillColor=#FFFFFF;" parent="1" vertex="1">
          <mxGeometry x="430" y="570" width="120" height="60" as="geometry" />
        </mxCell>
        <mxCell id="22" style="edgeStyle=orthogonalEdgeStyle;rounded=0;html=1;exitX=0.25;exitY=1;entryX=0.5;entryY=0;jettySize=auto;orthogonalLoop=1;strokeColor=#FF0000;" parent="1" source="14" target="16" edge="1">
          <mxGeometry relative="1" as="geometry" />
        </mxCell>
        <mxCell id="23" style="edgeStyle=orthogonalEdgeStyle;rounded=0;html=1;exitX=0.75;exitY=1;jettySize=auto;orthogonalLoop=1;strokeColor=#FF0000;" parent="1" source="14" target="15" edge="1">
          <mxGeometry relative="1" as="geometry" />
        </mxCell>
        <mxCell id="32" style="edgeStyle=orthogonalEdgeStyle;rounded=0;html=1;exitX=0;exitY=0.5;jettySize=auto;orthogonalLoop=1;strokeColor=#FF0000;entryX=0.25;entryY=0;entryDx=0;entryDy=0;exitDx=0;exitDy=0;" parent="1" source="14" target="12" edge="1">
          <mxGeometry relative="1" as="geometry">
            <Array as="points">
              <mxPoint x="320" y="230" />
              <mxPoint x="320" y="190" />
              <mxPoint x="100" y="190" />
              <mxPoint x="100" y="550" />
              <mxPoint x="140" y="550" />
            </Array>
            <mxPoint x="100" y="570" as="targetPoint" />
          </mxGeometry>
        </mxCell>
        <mxCell id="34" style="edgeStyle=orthogonalEdgeStyle;rounded=0;html=1;exitX=1;exitY=0.5;jettySize=auto;orthogonalLoop=1;entryX=0.591;entryY=-0.044;entryPerimeter=0;fillColor=#d5e8d4;strokeColor=#00FF00;" parent="1" source="14" target="13" edge="1">
          <mxGeometry relative="1" as="geometry">
            <Array as="points">
              <mxPoint x="771" y="230" />
              <mxPoint x="771" y="520" />
              <mxPoint x="501" y="520" />
            </Array>
          </mxGeometry>
        </mxCell>
        <mxCell id="52" style="edgeStyle=orthogonalEdgeStyle;rounded=0;html=1;exitX=0;exitY=0.75;entryX=0;entryY=0.5;jettySize=auto;orthogonalLoop=1;strokeColor=#FF0000;entryDx=0;entryDy=0;" parent="1" source="14" target="50" edge="1">
          <mxGeometry relative="1" as="geometry">
            <Array as="points">
              <mxPoint x="310" y="245" />
              <mxPoint x="310" y="200" />
              <mxPoint x="119" y="200" />
              <mxPoint x="119" y="340" />
            </Array>
          </mxGeometry>
        </mxCell>
        <mxCell id="14" value="Nginx&lt;br&gt;(80, 443)&lt;br&gt;" style="rounded=1;whiteSpace=wrap;html=1;" parent="1" vertex="1">
          <mxGeometry x="365" y="200" width="120" height="60" as="geometry" />
        </mxCell>
        <mxCell id="30" style="edgeStyle=orthogonalEdgeStyle;rounded=0;html=1;exitX=1;exitY=0.25;entryX=0.75;entryY=1;jettySize=auto;orthogonalLoop=1;strokeColor=#000000;" parent="1" source="15" target="26" edge="1">
          <mxGeometry relative="1" as="geometry" />
        </mxCell>
        <mxCell id="15" value="LinkedPipes DCAT-AP Forms (LP-DAF)&lt;br&gt;(8057)&lt;br&gt;" style="rounded=1;whiteSpace=wrap;html=1;fillColor=#FFFFCC;" parent="1" vertex="1">
          <mxGeometry x="445" y="320" width="120" height="60" as="geometry" />
        </mxCell>
        <mxCell id="28" style="edgeStyle=orthogonalEdgeStyle;rounded=0;html=1;exitX=0.75;exitY=1;entryX=1;entryY=0.25;jettySize=auto;orthogonalLoop=1;strokeColor=#000000;" parent="1" source="16" target="26" edge="1">
          <mxGeometry relative="1" as="geometry" />
        </mxCell>
        <mxCell id="31" style="edgeStyle=orthogonalEdgeStyle;rounded=0;html=1;exitX=0;exitY=0.25;entryX=1;entryY=0.25;jettySize=auto;orthogonalLoop=1;strokeColor=#000000;" parent="1" source="16" target="27" edge="1">
          <mxGeometry relative="1" as="geometry" />
        </mxCell>
        <mxCell id="16" value="LinkedPipes DCAT-AP Viewer (LP-DAV)&lt;br&gt;(3000)&lt;br&gt;" style="rounded=1;whiteSpace=wrap;html=1;fillColor=#FFFFCC;" parent="1" vertex="1">
          <mxGeometry x="295" y="320" width="120" height="60" as="geometry" />
        </mxCell>
        <mxCell id="17" style="edgeStyle=orthogonalEdgeStyle;rounded=0;html=1;jettySize=auto;orthogonalLoop=1;strokeColor=#FF0000;exitX=0.5;exitY=1;" parent="1" source="7" target="14" edge="1">
          <mxGeometry relative="1" as="geometry">
            <mxPoint x="425" y="80" as="sourcePoint" />
            <mxPoint x="425" y="140" as="targetPoint" />
            <Array as="points" />
          </mxGeometry>
        </mxCell>
        <mxCell id="54" style="edgeStyle=orthogonalEdgeStyle;rounded=0;html=1;exitX=0.5;exitY=1;entryX=0.5;entryY=0;jettySize=auto;orthogonalLoop=1;strokeColor=#000000;entryDx=0;entryDy=0;" parent="1" source="24" target="53" edge="1">
          <mxGeometry relative="1" as="geometry">
            <Array as="points">
              <mxPoint x="272" y="650" />
              <mxPoint x="315" y="650" />
            </Array>
          </mxGeometry>
        </mxCell>
        <mxCell id="24" value="SSH&lt;br&gt;(22)&lt;br&gt;" style="rounded=1;whiteSpace=wrap;html=1;" parent="1" vertex="1">
          <mxGeometry x="242" y="570" width="60" height="60" as="geometry" />
        </mxCell>
        <mxCell id="26" value="Apache Solr&lt;br&gt;(8983)&lt;br&gt;" style="rounded=1;whiteSpace=wrap;html=1;" parent="1" vertex="1">
          <mxGeometry x="600" y="250" width="120" height="60" as="geometry" />
        </mxCell>
        <mxCell id="27" value="Apache CouchDB&lt;br&gt;(5984)&lt;br&gt;" style="rounded=1;whiteSpace=wrap;html=1;" parent="1" vertex="1">
          <mxGeometry x="130" y="210" width="120" height="60" as="geometry" />
        </mxCell>
        <mxCell id="37" value="Internet" style="ellipse;whiteSpace=wrap;html=1;" parent="1" vertex="1">
          <mxGeometry x="35" y="920" width="780" height="118" as="geometry" />
        </mxCell>
        <mxCell id="51" style="edgeStyle=orthogonalEdgeStyle;rounded=0;html=1;exitX=0.75;exitY=0;entryX=1;entryY=0.5;jettySize=auto;orthogonalLoop=1;strokeColor=#000000;exitDx=0;exitDy=0;entryDx=0;entryDy=0;" parent="1" source="39" target="50" edge="1">
          <mxGeometry relative="1" as="geometry">
            <Array as="points">
              <mxPoint x="218" y="390" />
              <mxPoint x="250" y="390" />
              <mxPoint x="250" y="340" />
            </Array>
          </mxGeometry>
        </mxCell>
        <mxCell id="39" value="SSH&lt;br&gt;(22)&lt;br&gt;" style="rounded=1;whiteSpace=wrap;html=1;" parent="1" vertex="1">
          <mxGeometry x="165" y="397" width="70" height="63" as="geometry" />
        </mxCell>
        <mxCell id="40" value="LKOD&lt;br&gt;" style="rounded=1;whiteSpace=wrap;html=1;" parent="1" vertex="1">
          <mxGeometry x="515" y="948" width="80" height="30" as="geometry" />
        </mxCell>
        <mxCell id="41" value="LKOD&lt;br&gt;" style="rounded=1;whiteSpace=wrap;html=1;" parent="1" vertex="1">
          <mxGeometry x="525" y="958" width="80" height="30" as="geometry" />
        </mxCell>
        <mxCell id="42" value="LKOD&lt;br&gt;" style="rounded=1;whiteSpace=wrap;html=1;" parent="1" vertex="1">
          <mxGeometry x="535" y="968" width="80" height="30" as="geometry" />
        </mxCell>
        <mxCell id="43" value="Uživatel" style="shape=umlActor;verticalLabelPosition=bottom;labelBackgroundColor=#ffffff;verticalAlign=top;html=1;outlineConnect=0;" parent="1" vertex="1">
          <mxGeometry x="490" y="26" width="30" height="60" as="geometry" />
        </mxCell>
        <mxCell id="45" value="Poskytovatel" style="shape=umlActor;verticalLabelPosition=bottom;labelBackgroundColor=#ffffff;verticalAlign=top;html=1;outlineConnect=0;" parent="1" vertex="1">
          <mxGeometry x="557" y="26" width="30" height="60" as="geometry" />
        </mxCell>
        <mxCell id="50" value="File system" style="shape=cylinder;whiteSpace=wrap;html=1;boundedLbl=1;backgroundOutline=1;fillColor=#FFFFFF;" parent="1" vertex="1">
          <mxGeometry x="145" y="300" width="60" height="80" as="geometry" />
        </mxCell>
        <mxCell id="55" style="edgeStyle=orthogonalEdgeStyle;rounded=0;html=1;exitX=1;exitY=0.5;jettySize=auto;orthogonalLoop=1;strokeColor=#000000;exitDx=0;exitDy=0;entryX=0;entryY=0.3;entryDx=0;entryDy=0;" parent="1" source="12" target="53" edge="1">
          <mxGeometry relative="1" as="geometry">
            <mxPoint x="280" y="680" as="targetPoint" />
            <Array as="points">
              <mxPoint x="230" y="595" />
              <mxPoint x="230" y="695" />
            </Array>
          </mxGeometry>
        </mxCell>
        <mxCell id="53" value="File system" style="shape=cylinder;whiteSpace=wrap;html=1;boundedLbl=1;backgroundOutline=1;fillColor=#FFFFFF;" parent="1" vertex="1">
          <mxGeometry x="285" y="671" width="60" height="80" as="geometry" />
        </mxCell>
        <mxCell id="56" value="SSH&lt;br&gt;(22)&lt;br&gt;" style="rounded=1;whiteSpace=wrap;html=1;" parent="1" vertex="1">
          <mxGeometry x="570" y="550" width="60" height="40" as="geometry" />
        </mxCell>
        <mxCell id="57" value="File system" style="shape=cylinder;whiteSpace=wrap;html=1;boundedLbl=1;backgroundOutline=1;fillColor=#FFFFFF;" parent="1" vertex="1">
          <mxGeometry x="475" y="645" width="60" height="80" as="geometry" />
        </mxCell>
        <mxCell id="62" style="edgeStyle=orthogonalEdgeStyle;rounded=0;html=1;exitX=0;exitY=0.75;entryX=1;entryY=0.3;jettySize=auto;orthogonalLoop=1;strokeColor=#000000;" parent="1" source="58" target="57" edge="1">
          <mxGeometry relative="1" as="geometry">
            <Array as="points">
              <mxPoint x="660" y="616" />
              <mxPoint x="630" y="616" />
              <mxPoint x="630" y="669" />
            </Array>
          </mxGeometry>
        </mxCell>
        <mxCell id="58" value="Nginx&lt;br&gt;(80)&lt;br&gt;" style="rounded=1;whiteSpace=wrap;html=1;" parent="1" vertex="1">
          <mxGeometry x="660" y="570" width="120" height="60" as="geometry" />
        </mxCell>
        <mxCell id="65" style="edgeStyle=orthogonalEdgeStyle;rounded=0;html=1;exitX=0;exitY=0.5;entryX=1;entryY=0.7;jettySize=auto;orthogonalLoop=1;strokeColor=#000000;" parent="1" source="64" target="57" edge="1">
          <mxGeometry relative="1" as="geometry">
            <Array as="points">
              <mxPoint x="660" y="701" />
            </Array>
          </mxGeometry>
        </mxCell>
        <mxCell id="69" style="edgeStyle=orthogonalEdgeStyle;rounded=0;html=1;exitX=0.25;exitY=1;jettySize=auto;orthogonalLoop=1;strokeColor=#000000;entryX=0.5;entryY=0;entryDx=0;entryDy=0;" parent="1" source="64" target="71" edge="1">
          <mxGeometry relative="1" as="geometry">
            <Array as="points" />
          </mxGeometry>
        </mxCell>
        <mxCell id="64" value="NKOD-ISDS&lt;br&gt;" style="rounded=1;whiteSpace=wrap;html=1;fillColor=#FFFFCC;" parent="1" vertex="1">
          <mxGeometry x="660" y="665" width="120" height="60" as="geometry" />
        </mxCell>
        <mxCell id="68" value="data.europa.eu" style="rounded=1;whiteSpace=wrap;html=1;" parent="1" vertex="1">
          <mxGeometry x="195" y="35" width="100" height="52" as="geometry" />
        </mxCell>
        <mxCell id="70" value="EU Vocabularies, IANA MTs&lt;br&gt;" style="rounded=1;whiteSpace=wrap;html=1;" parent="1" vertex="1">
          <mxGeometry x="200" y="948" width="80" height="52" as="geometry" />
        </mxCell>
        <mxCell id="71" value="ISDS&lt;br&gt;" style="rounded=1;whiteSpace=wrap;html=1;" parent="1" vertex="1">
          <mxGeometry x="650" y="947" width="80" height="52" as="geometry" />
        </mxCell>
        <mxCell id="38" style="edgeStyle=orthogonalEdgeStyle;rounded=0;html=1;exitX=1;exitY=0.75;entryX=0.5;entryY=0;jettySize=auto;orthogonalLoop=1;" parent="1" source="13" target="40" edge="1">
          <mxGeometry relative="1" as="geometry">
            <Array as="points">
              <mxPoint x="555" y="616" />
            </Array>
          </mxGeometry>
        </mxCell>
        <mxCell id="72" style="edgeStyle=orthogonalEdgeStyle;rounded=0;html=1;exitX=0;exitY=0.75;entryX=1;entryY=0.5;jettySize=auto;orthogonalLoop=1;strokeColor=#000000;" parent="1" source="13" target="70" edge="1">
          <mxGeometry relative="1" as="geometry">
            <Array as="points">
              <mxPoint x="360" y="615" />
              <mxPoint x="360" y="974" />
            </Array>
          </mxGeometry>
        </mxCell>
        <mxCell id="75" value="Served to external users" style="text;html=1;strokeColor=#FF0000;fillColor=none;align=center;verticalAlign=middle;whiteSpace=wrap;rounded=0;" parent="1" vertex="1">
          <mxGeometry x="35" y="1060" width="180" height="20" as="geometry" />
        </mxCell>
        <mxCell id="76" value="Password protected for admins" style="text;html=1;strokeColor=#00FF00;fillColor=none;align=center;verticalAlign=middle;whiteSpace=wrap;rounded=0;" parent="1" vertex="1">
          <mxGeometry x="635" y="1060" width="180" height="20" as="geometry" />
        </mxCell>
        <mxCell id="77" value="Internal communication" style="text;html=1;strokeColor=#000000;fillColor=none;align=center;verticalAlign=middle;whiteSpace=wrap;rounded=0;" parent="1" vertex="1">
          <mxGeometry x="435" y="1060" width="180" height="20" as="geometry" />
        </mxCell>
        <mxCell id="79" style="edgeStyle=orthogonalEdgeStyle;rounded=0;html=1;jettySize=auto;orthogonalLoop=1;strokeColor=#00FF00;entryX=0.75;entryY=0;exitX=0.54;exitY=0.996;exitDx=0;exitDy=0;exitPerimeter=0;" parent="1" edge="1" source="7">
          <mxGeometry relative="1" as="geometry">
            <mxPoint x="455" y="142" as="sourcePoint" />
            <mxPoint x="455.294117647059" y="199.29411764705878" as="targetPoint" />
            <Array as="points">
              <mxPoint x="456" y="142" />
            </Array>
          </mxGeometry>
        </mxCell>
        <mxCell id="80" value="Customized software" style="text;html=1;strokeColor=#000000;fillColor=#FFFFCC;align=center;verticalAlign=middle;whiteSpace=wrap;rounded=0;" parent="1" vertex="1">
          <mxGeometry x="240" y="1060" width="180" height="20" as="geometry" />
        </mxCell>
        <mxCell id="82" value="3&lt;br&gt;" style="ellipse;whiteSpace=wrap;html=1;aspect=fixed;strokeColor=#FF3333;" parent="1" vertex="1">
          <mxGeometry x="115" y="430" width="30" height="30" as="geometry" />
        </mxCell>
        <mxCell id="83" value="2&lt;br&gt;" style="ellipse;whiteSpace=wrap;html=1;aspect=fixed;strokeColor=#FF3333;" parent="1" vertex="1">
          <mxGeometry x="110" y="350" width="30" height="30" as="geometry" />
        </mxCell>
        <mxCell id="85" value="11&lt;br&gt;" style="ellipse;whiteSpace=wrap;html=1;aspect=fixed;strokeColor=#000000;" parent="1" vertex="1">
          <mxGeometry x="227" y="290" width="30" height="30" as="geometry" />
        </mxCell>
        <mxCell id="86" value="4&lt;br&gt;" style="ellipse;whiteSpace=wrap;html=1;aspect=fixed;strokeColor=#FF3333;" parent="1" vertex="1">
          <mxGeometry x="320" y="275" width="30" height="30" as="geometry" />
        </mxCell>
        <mxCell id="88" value="5&lt;br&gt;" style="ellipse;whiteSpace=wrap;html=1;aspect=fixed;strokeColor=#FF3333;" parent="1" vertex="1">
          <mxGeometry x="515" y="275" width="30" height="30" as="geometry" />
        </mxCell>
        <mxCell id="90" value="1&lt;br&gt;" style="ellipse;whiteSpace=wrap;html=1;aspect=fixed;strokeColor=#FF3333;" parent="1" vertex="1">
          <mxGeometry x="385" y="120" width="30" height="30" as="geometry" />
        </mxCell>
        <mxCell id="91" value="8&lt;br&gt;" style="ellipse;whiteSpace=wrap;html=1;aspect=fixed;strokeColor=#00FF00;" parent="1" vertex="1">
          <mxGeometry x="475" y="120" width="30" height="30" as="geometry" />
        </mxCell>
        <mxCell id="94" value="7&lt;br&gt;" style="ellipse;whiteSpace=wrap;html=1;aspect=fixed;strokeColor=#FF3333;" parent="1" vertex="1">
          <mxGeometry x="175" y="650" width="30" height="30" as="geometry" />
        </mxCell>
        <mxCell id="95" value="10&lt;br&gt;" style="ellipse;whiteSpace=wrap;html=1;aspect=fixed;strokeColor=#000000;" parent="1" vertex="1">
          <mxGeometry x="590" y="340" width="30" height="30" as="geometry" />
        </mxCell>
        <mxCell id="96" value="9&lt;br&gt;" style="ellipse;whiteSpace=wrap;html=1;aspect=fixed;strokeColor=#000000;" parent="1" vertex="1">
          <mxGeometry x="560" y="235" width="30" height="30" as="geometry" />
        </mxCell>
        <mxCell id="97" value="12&lt;br&gt;" style="ellipse;whiteSpace=wrap;html=1;aspect=fixed;strokeColor=#000000;" parent="1" vertex="1">
          <mxGeometry x="275" y="250" width="30" height="30" as="geometry" />
        </mxCell>
        <mxCell id="98" value="14&lt;br&gt;" style="ellipse;whiteSpace=wrap;html=1;aspect=fixed;strokeColor=#000000;" parent="1" vertex="1">
          <mxGeometry x="670" y="430" width="30" height="30" as="geometry" />
        </mxCell>
        <mxCell id="100" value="13&lt;br&gt;" style="ellipse;whiteSpace=wrap;html=1;aspect=fixed;strokeColor=#000000;" parent="1" vertex="1">
          <mxGeometry x="700" y="355" width="30" height="30" as="geometry" />
        </mxCell>
        <mxCell id="101" value="16&lt;br&gt;" style="ellipse;whiteSpace=wrap;html=1;aspect=fixed;strokeColor=#000000;" parent="1" vertex="1">
          <mxGeometry x="570" y="602.5" width="30" height="30" as="geometry" />
        </mxCell>
        <mxCell id="102" value="15&lt;br&gt;" style="ellipse;whiteSpace=wrap;html=1;aspect=fixed;strokeColor=#000000;" parent="1" vertex="1">
          <mxGeometry x="257" y="413.5" width="30" height="30" as="geometry" />
        </mxCell>
        <mxCell id="103" value="17&lt;br&gt;" style="ellipse;whiteSpace=wrap;html=1;aspect=fixed;strokeColor=#000000;" parent="1" vertex="1">
          <mxGeometry x="587.5" y="706" width="30" height="30" as="geometry" />
        </mxCell>
        <mxCell id="104" value="18&lt;br&gt;" style="ellipse;whiteSpace=wrap;html=1;aspect=fixed;strokeColor=#000000;" parent="1" vertex="1">
          <mxGeometry x="445" y="706" width="30" height="30" as="geometry" />
        </mxCell>
        <mxCell id="105" value="19&lt;br&gt;" style="ellipse;whiteSpace=wrap;html=1;aspect=fixed;strokeColor=#000000;" parent="1" vertex="1">
          <mxGeometry x="515" y="810" width="30" height="30" as="geometry" />
        </mxCell>
        <mxCell id="106" value="20&lt;br&gt;" style="ellipse;whiteSpace=wrap;html=1;aspect=fixed;strokeColor=#000000;" parent="1" vertex="1">
          <mxGeometry x="700" y="810" width="30" height="30" as="geometry" />
        </mxCell>
        <mxCell id="107" value="21&lt;br&gt;" style="ellipse;whiteSpace=wrap;html=1;aspect=fixed;strokeColor=#000000;" parent="1" vertex="1">
          <mxGeometry x="595" y="635" width="30" height="30" as="geometry" />
        </mxCell>
        <mxCell id="108" value="22&lt;br&gt;" style="ellipse;whiteSpace=wrap;html=1;aspect=fixed;strokeColor=#000000;" parent="1" vertex="1">
          <mxGeometry x="365" y="630" width="30" height="30" as="geometry" />
        </mxCell>
        <mxCell id="109" value="23&lt;br&gt;" style="ellipse;whiteSpace=wrap;html=1;aspect=fixed;strokeColor=#000000;" parent="1" vertex="1">
          <mxGeometry x="365" y="550" width="30" height="30" as="geometry" />
        </mxCell>
        <mxCell id="110" value="24&lt;br&gt;" style="ellipse;whiteSpace=wrap;html=1;aspect=fixed;strokeColor=#000000;" parent="1" vertex="1">
          <mxGeometry x="308" y="565" width="30" height="30" as="geometry" />
        </mxCell>
        <mxCell id="111" value="26&lt;br&gt;" style="ellipse;whiteSpace=wrap;html=1;aspect=fixed;strokeColor=#000000;" parent="1" vertex="1">
          <mxGeometry x="245" y="660" width="30" height="30" as="geometry" />
        </mxCell>
        <mxCell id="113" value="25&lt;br&gt;" style="ellipse;whiteSpace=wrap;html=1;aspect=fixed;strokeColor=#000000;" parent="1" vertex="1">
          <mxGeometry x="315" y="620" width="30" height="30" as="geometry" />
        </mxCell>
        <mxCell id="115" value="27&lt;br&gt;" style="ellipse;whiteSpace=wrap;html=1;aspect=fixed;strokeColor=#000000;" parent="1" vertex="1">
          <mxGeometry x="215" y="355" width="30" height="30" as="geometry" />
        </mxCell>
        <mxCell id="3qeHBJ1sDOIQa5A52U2b-117" value="Linked Data Fragments&lt;br&gt;(5000)" style="rounded=1;whiteSpace=wrap;html=1;" vertex="1" parent="1">
          <mxGeometry x="45" y="691" width="75" height="60" as="geometry" />
        </mxCell>
        <mxCell id="3qeHBJ1sDOIQa5A52U2b-118" value="GraphQL&lt;br&gt;(8032)" style="rounded=1;whiteSpace=wrap;html=1;fillColor=#FFFFCC;" vertex="1" parent="1">
          <mxGeometry x="130" y="691" width="75" height="60" as="geometry" />
        </mxCell>
        <mxCell id="3qeHBJ1sDOIQa5A52U2b-121" style="edgeStyle=orthogonalEdgeStyle;rounded=0;html=1;exitX=0;exitY=0.25;jettySize=auto;orthogonalLoop=1;strokeColor=#FF0000;exitDx=0;exitDy=0;" edge="1" parent="1" source="14">
          <mxGeometry relative="1" as="geometry">
            <Array as="points">
              <mxPoint x="330" y="215" />
              <mxPoint x="330" y="180" />
              <mxPoint x="83" y="180" />
              <mxPoint x="83" y="650" />
              <mxPoint x="170" y="650" />
            </Array>
            <mxPoint x="375" y="240" as="sourcePoint" />
            <mxPoint x="170" y="691" as="targetPoint" />
          </mxGeometry>
        </mxCell>
        <mxCell id="3qeHBJ1sDOIQa5A52U2b-122" style="edgeStyle=orthogonalEdgeStyle;rounded=0;html=1;exitX=0;exitY=0;jettySize=auto;orthogonalLoop=1;strokeColor=#FF0000;exitDx=0;exitDy=0;" edge="1" parent="1" source="14" target="3qeHBJ1sDOIQa5A52U2b-117">
          <mxGeometry relative="1" as="geometry">
            <Array as="points">
              <mxPoint x="340" y="200" />
              <mxPoint x="340" y="170" />
              <mxPoint x="70" y="170" />
            </Array>
            <mxPoint x="375" y="225" as="sourcePoint" />
            <mxPoint x="92.5" y="701" as="targetPoint" />
          </mxGeometry>
        </mxCell>
        <mxCell id="3qeHBJ1sDOIQa5A52U2b-123" value="6" style="ellipse;whiteSpace=wrap;html=1;aspect=fixed;strokeColor=#FF3333;" vertex="1" parent="1">
          <mxGeometry x="37" y="605" width="30" height="30" as="geometry" />
        </mxCell>
        <mxCell id="3qeHBJ1sDOIQa5A52U2b-127" value="Nginx&lt;br&gt;webhooks&lt;br&gt;(80)" style="rounded=1;whiteSpace=wrap;html=1;" vertex="1" parent="1">
          <mxGeometry x="147" y="780" width="120" height="60" as="geometry" />
        </mxCell>
        <mxCell id="3qeHBJ1sDOIQa5A52U2b-128" style="edgeStyle=orthogonalEdgeStyle;rounded=0;html=1;exitX=0;exitY=1;entryX=0.5;entryY=1;jettySize=auto;orthogonalLoop=1;strokeColor=#000000;exitDx=0;exitDy=0;entryDx=0;entryDy=0;" edge="1" parent="1" source="13" target="3qeHBJ1sDOIQa5A52U2b-118">
          <mxGeometry relative="1" as="geometry">
            <mxPoint x="440" y="625" as="sourcePoint" />
            <mxPoint x="290" y="984" as="targetPoint" />
            <Array as="points">
              <mxPoint x="420" y="630" />
              <mxPoint x="420" y="770" />
              <mxPoint x="168" y="770" />
            </Array>
          </mxGeometry>
        </mxCell>
        <mxCell id="3qeHBJ1sDOIQa5A52U2b-129" value="28" style="ellipse;whiteSpace=wrap;html=1;aspect=fixed;strokeColor=#000000;" vertex="1" parent="1">
          <mxGeometry x="250" y="736" width="30" height="30" as="geometry" />
        </mxCell>
        <mxCell id="3qeHBJ1sDOIQa5A52U2b-130" style="edgeStyle=orthogonalEdgeStyle;rounded=0;html=1;jettySize=auto;orthogonalLoop=1;strokeColor=#000000;entryX=0;entryY=0.7;entryDx=0;entryDy=0;" edge="1" parent="1" target="53">
          <mxGeometry relative="1" as="geometry">
            <mxPoint x="205" y="740" as="sourcePoint" />
            <mxPoint x="280" y="705" as="targetPoint" />
            <Array as="points">
              <mxPoint x="250" y="740" />
              <mxPoint x="250" y="727" />
            </Array>
          </mxGeometry>
        </mxCell>
        <mxCell id="3qeHBJ1sDOIQa5A52U2b-131" value="29" style="ellipse;whiteSpace=wrap;html=1;aspect=fixed;strokeColor=#000000;" vertex="1" parent="1">
          <mxGeometry x="215" y="706" width="30" height="30" as="geometry" />
        </mxCell>
        <mxCell id="3qeHBJ1sDOIQa5A52U2b-133" style="edgeStyle=orthogonalEdgeStyle;rounded=0;html=1;exitX=0.138;exitY=1.011;entryX=1;entryY=0.25;jettySize=auto;orthogonalLoop=1;strokeColor=#000000;exitDx=0;exitDy=0;entryDx=0;entryDy=0;exitPerimeter=0;" edge="1" parent="1" source="13" target="3qeHBJ1sDOIQa5A52U2b-127">
          <mxGeometry relative="1" as="geometry">
            <mxPoint x="440" y="640" as="sourcePoint" />
            <mxPoint x="177.5" y="761" as="targetPoint" />
            <Array as="points">
              <mxPoint x="447" y="640" />
              <mxPoint x="440" y="640" />
              <mxPoint x="440" y="795" />
            </Array>
          </mxGeometry>
        </mxCell>
        <mxCell id="3qeHBJ1sDOIQa5A52U2b-134" value="30" style="ellipse;whiteSpace=wrap;html=1;aspect=fixed;strokeColor=#000000;" vertex="1" parent="1">
          <mxGeometry x="365" y="800" width="30" height="30" as="geometry" />
        </mxCell>
        <mxCell id="3qeHBJ1sDOIQa5A52U2b-135" value="32" style="ellipse;whiteSpace=wrap;html=1;aspect=fixed;strokeColor=#000000;" vertex="1" parent="1">
          <mxGeometry x="45" y="810" width="30" height="30" as="geometry" />
        </mxCell>
        <mxCell id="3qeHBJ1sDOIQa5A52U2b-136" style="edgeStyle=orthogonalEdgeStyle;rounded=0;html=1;exitX=0.5;exitY=1;entryX=0.5;entryY=1;jettySize=auto;orthogonalLoop=1;strokeColor=#000000;exitDx=0;exitDy=0;entryDx=0;entryDy=0;" edge="1" parent="1" source="3qeHBJ1sDOIQa5A52U2b-117" target="53">
          <mxGeometry relative="1" as="geometry">
            <mxPoint x="440" y="640" as="sourcePoint" />
            <mxPoint x="177.5" y="761" as="targetPoint" />
            <Array as="points">
              <mxPoint x="83" y="844" />
              <mxPoint x="315" y="844" />
            </Array>
          </mxGeometry>
        </mxCell>
        <mxCell id="3qeHBJ1sDOIQa5A52U2b-138" style="edgeStyle=orthogonalEdgeStyle;rounded=0;html=1;exitX=0;exitY=0.25;entryX=0.75;entryY=1;jettySize=auto;orthogonalLoop=1;strokeColor=#000000;exitDx=0;exitDy=0;entryDx=0;entryDy=0;" edge="1" parent="1" source="3qeHBJ1sDOIQa5A52U2b-127" target="3qeHBJ1sDOIQa5A52U2b-117">
          <mxGeometry relative="1" as="geometry">
            <mxPoint x="92.5" y="761" as="sourcePoint" />
            <mxPoint x="325" y="761" as="targetPoint" />
            <Array as="points">
              <mxPoint x="101" y="795" />
            </Array>
          </mxGeometry>
        </mxCell>
        <mxCell id="3qeHBJ1sDOIQa5A52U2b-139" value="31" style="ellipse;whiteSpace=wrap;html=1;aspect=fixed;strokeColor=#000000;" vertex="1" parent="1">
          <mxGeometry x="110" y="760" width="30" height="30" as="geometry" />
        </mxCell>
      </root>
    </mxGraphModel>
  </diagram>
</mxfile>
