<configuration>

    <appender name="STDOUT" class="ch.qos.logback.core.ConsoleAppender">
        <filter class="ch.qos.logback.classic.filter.ThresholdFilter">
            <level>INFO</level>
        </filter>
        <encoder>
            <pattern>%d{HH:mm:ss} [%thread] %-5level %logger{25} - %msg%n</pattern>
        </encoder>
    </appender>

    <root level="ALL">
        <appender-ref ref="STDOUT"/>
    </root>

    <logger name="org.springframework.web.servlet.mvc.method.annotation.ExceptionHandlerExceptionResolver" level="ERROR"/>

</configuration>