jméno_poskytovatele,procento_distribucí_nedostupných,počet_distribucí_se_souborem_nedostupných,počet_distribucí_se_souborem_celkem
Statutární město Hradec Králové,100,25,25
Jihomoravský kraj,100,10,10
Ministerstvo zemědělství,85,426,501
Státní ústav pro kontrolu léčiv,50,8,16
Moravskoslezský kraj,50,1,2
Ministerstvo životního prostředí,16,48,291
Liberecký kraj,16,2,12
Ministerstvo financí,13,109,789
Ministerstvo pro místní rozvoj,12,3,24
Česká správa sociálního zabezpečení,11,17,154
Ministerstvo zdravotnictví,5,14,263
HLAVNÍ MĚSTO PRAHA,4,80,1853
STATUTÁRNÍ MĚSTO LIBEREC,4,1,22
Česká školní inspekce,3,1,30
Český statistický úřad,2,26,1098
Statutární město Ostrava,2,10,472
Ministerstvo vnitra,1,278,15925
Statutární město Brno,1,9,851
Statutární město Děčín,1,2,127
Český úřad zeměměřický a katastrální,0,47,175986
Královéhradecký kraj,0,2,318
