jméno_poskytovatele,procento_distribucí_nedostupných,počet_distribucí_se_souborem_nedostupných,počet_distribucí_se_souborem_celkem
Úřad průmyslového vlastnictví,100,1307,1307
Ministerstvo financí,100,789,789
Statutární město Ostrava,100,472,472
Český telekomunikační úřad,100,240,240
Česká správa sociálního zabezpečení,100,154,154
Ministerstvo dopravy,100,61,61
Statutární město Opava,100,39,39
Úřad vlády České republiky,100,39,39
Česká školní inspekce,100,30,30
Statutární město Hradec Králové,100,25,25
Nejvyšší kontrolní úřad,100,22,22
STATUTÁRNÍ MĚSTO LIBEREC,100,22,22
Česká obchodní inspekce,100,19,19
Ministerstvo obrany,100,18,18
Státní ústav pro kontrolu léčiv,100,16,16
"Ministerstvo školství, mládeže a tělovýchovy",100,15,15
Liberecký kraj,100,12,12
Jihomoravský kraj,100,10,10
Plzeňský kraj,100,8,8
Ministerstvo průmyslu a obchodu,100,7,7
ČESKÁ NÁRODNÍ BANKA,100,7,7
Jihočeský kraj,100,6,6
Olomoucký kraj,100,3,3
Kraj Vysočina,100,2,2
Moravskoslezský kraj,100,2,2
Město Vrchlabí,100,2,2
Institut umění - Divadelní ústav,100,1,1
Ministerstvo vnitra,98,15734,15925
Ministerstvo zdravotnictví,98,259,263
Statutární město Děčín,98,125,127
Statutární město Olomouc,97,36,37
Ministerstvo zemědělství,96,485,501
Město Bohumín,95,19,20
Statutární město Karviná,92,12,13
Český statistický úřad,91,1002,1098
Ministerstvo pro místní rozvoj,79,19,24
Ministerstvo životního prostředí,61,179,291
Statutární město Brno,43,371,851
Česká informační agentura životního prostředí,43,28,65
HLAVNÍ MĚSTO PRAHA,37,687,1853
ČESKÝ ROZHLAS,33,3,9
Královéhradecký kraj,17,57,318
Český úřad zeměměřický a katastrální,0,16,175986
