jméno_poskytovatele,chyba,downloadURL
Ministerstvo vnitra,404 : NOT FOUND,https://portal.gov.cz/portal/obcan/rejstriky/data/115217898/rej-115217898-definice.xsd
Ministerstvo zdravotnictví,404 : Not Found,https://onemocneni-aktualne.mzcr.cz/api/v1/covid-19/nakaza.csv-metadata.json
Ministerstvo zdravotnictví,404 : Not Found,https://onemocneni-aktualne.mzcr.cz/api/v1/covid-19/nakazeni-vyleceni-umrti-testy.csv-metadata.json
Ministerstvo zdravotnictví,404 : Not Found,https://onemocneni-aktualne.mzcr.cz/api/v1/covid-19/osoby.csv-metadata.json
Ministerstvo zdravotnictví,404 : Not Found,https://onemocneni-aktualne.mzcr.cz/api/v1/covid-19/pomucky.csv-metadata.json
Ministerstvo zdravotnictví,404 : Not Found,https://onemocneni-aktualne.mzcr.cz/api/v1/covid-19/testy.csv-metadata.json
Ministerstvo zdravotnictví,404 : Not Found,https://onemocneni-aktualne.mzcr.cz/api/v2/covid-19/nakaza.csv-metadata.json
Ministerstvo zdravotnictví,404 : Not Found,https://onemocneni-aktualne.mzcr.cz/api/v2/covid-19/pomucky.csv-metadata.json
Ministerstvo zdravotnictví,404 : Not Found,https://onemocneni-aktualne.mzcr.cz/api/v2/covid-19/testy.csv-metadata.json
Moravskoslezský kraj,404 : Not Found,http://opendata.gov.cz/_media/datova-sada:uredni-deska-datove-schema-xml.xsd
Moravskoslezský kraj,404 : Not Found,http://www.msk.cz/opendata/rozpocet-datove-schema-xml.xsd
Státní ústav pro kontrolu léčiv,no protocol: /InternalSite/InitParams.aspx?referrer=/InternalSite/InternalError.asp&site%5Fname=publictrunkssl&secure=1&error%5Fcode=22&policy%5Fid=&ErrorType=HTMLErrorPage,https://eregpublicsecure.ksrzis.cz/Registr/RZPRO/Content/RZPRO_OS_CIN_csvw.jsonld
Státní ústav pro kontrolu léčiv,no protocol: /InternalSite/InitParams.aspx?referrer=/InternalSite/InternalError.asp&site%5Fname=publictrunkssl&secure=1&error%5Fcode=22&policy%5Fid=&ErrorType=HTMLErrorPage,https://eregpublicsecure.ksrzis.cz/Registr/RZPRO/Content/RZPRO_OS_VYR_csvw.jsonld
Státní ústav pro kontrolu léčiv,no protocol: /InternalSite/InitParams.aspx?referrer=/InternalSite/InternalError.asp&site%5Fname=publictrunkssl&secure=1&error%5Fcode=22&policy%5Fid=&ErrorType=HTMLErrorPage,https://eregpublicsecure.ksrzis.cz/Registr/RZPRO/Content/RZPRO_OS_ZP_csvw.jsonld
Státní ústav pro kontrolu léčiv,no protocol: /InternalSite/InitParams.aspx?referrer=/InternalSite/InternalError.asp&site%5Fname=publictrunkssl&secure=1&error%5Fcode=22&policy%5Fid=&ErrorType=HTMLErrorPage,https://eregpublicsecure.ksrzis.cz/Registr/RZPRO/Content/RZPRO_OS_csvw.jsonld
Státní ústav pro kontrolu léčiv,no protocol: /InternalSite/InitParams.aspx?referrer=/InternalSite/InternalError.asp&site%5Fname=publictrunkssl&secure=1&error%5Fcode=22&policy%5Fid=&ErrorType=HTMLErrorPage,https://eregpublicsecure.ksrzis.cz/Registr/RZPRO/Content/RZPRO_ZP_OS_csvw.jsonld
Státní ústav pro kontrolu léčiv,no protocol: /InternalSite/InitParams.aspx?referrer=/InternalSite/InternalError.asp&site%5Fname=publictrunkssl&secure=1&error%5Fcode=22&policy%5Fid=&ErrorType=HTMLErrorPage,https://eregpublicsecure.ksrzis.cz/Registr/RZPRO/Content/RZPRO_ZP_VAR_csvw.jsonld
Státní ústav pro kontrolu léčiv,no protocol: /InternalSite/InitParams.aspx?referrer=/InternalSite/InternalError.asp&site%5Fname=publictrunkssl&secure=1&error%5Fcode=22&policy%5Fid=&ErrorType=HTMLErrorPage,https://eregpublicsecure.ksrzis.cz/Registr/RZPRO/Content/RZPRO_ZP_VSE_csvw.jsonld
Státní ústav pro kontrolu léčiv,no protocol: /InternalSite/InitParams.aspx?referrer=/InternalSite/InternalError.asp&site%5Fname=publictrunkssl&secure=1&error%5Fcode=22&policy%5Fid=&ErrorType=HTMLErrorPage,https://eregpublicsecure.ksrzis.cz/Registr/RZPRO/Content/RZPRO_ZP_csvw.jsonld
Česká správa sociálního zabezpečení,404 : Not Found,https://data.cssz.cz/dump/prehled-o-celkovem-poctu-osvc-v-cr-schema.json
Česká správa sociálního zabezpečení,404 : Not Found,https://data.cssz.cz/dump/prehled-o-poctu-zamestnavatelu-pojistencu-a-pojistnych-vztahu-podle-okresu-vocabulary.trig
Česká správa sociálního zabezpečení,404 : Not Found,https://data.cssz.cz/dump/prehled-o-poctu-zamestnavatelu-pojistencu-a-pojistnych-vztahu-v-cr-vocabulary.trig
Česká správa sociálního zabezpečení,404 : Not Found,https://data.cssz.cz/dump/prum-vek-u-nove-priznanych-duchodu-dle-druhu-schema.json
Česká správa sociálního zabezpečení,404 : Not Found,https://data.cssz.cz/dump/rocenka-vocabulary.trig
Česká správa sociálního zabezpečení,404 : Not Found,https://data.cssz.cz/dump/rozlozeni-souboru-duchodcu-podle-vyse-duchodu-v-kvantilovem-vyjadreni-schema.json
Česká správa sociálního zabezpečení,404 : Not Found,https://data.cssz.cz/dump/udaje-o-cinnosti-call-centra-pro-dp-schema.json
Česká správa sociálního zabezpečení,404 : Not Found,https://data.cssz.cz/dump/udaje-o-cinnosti-call-centra-pro-dp-vocabulary.trig
Česká správa sociálního zabezpečení,404 : Not Found,https://data.cssz.cz/dump/ukazatel-pracovni-neschopnosti-podle-delky-trvani-dpn-a-kraju-vocabulary.trig
Česká správa sociálního zabezpečení,404 : Not Found,https://data.cssz.cz/dump/ukazatele-pracovni-neschopnosti-podle-kraju-vocabulary.trig
Česká správa sociálního zabezpečení,404 : Not Found,https://data.cssz.cz/dump/ukazatele-pracovni-neschopnosti-podle-pohlavi-a-diagnozy-vocabulary.trig
Česká správa sociálního zabezpečení,404 : Not Found,https://data.cssz.cz/dump/zamestnanci-cssz-dle-vzdelani-vocabulary.trig
