jméno_poskytovatele,procento_nedostupných_autorské_dílo,počet_nedostupných_autorské_dílo,procento_nedostupných_autorská_databáze,počet_nedostupných_autorská_databáze,procento_nedostupných_zvláštní_právo,počet_nedostupných_zvláštní_právo,počet_distribucí_celkem
Česká obchodní inspekce,100,19,100,19,100,19,19
Ministerstvo obrany,33,6,33,6,33,6,18
Moravskoslezský kraj,33,1,33,1,33,1,3
Česká školní inspekce,0,0,0,0,100,30,30
HLAVNÍ MĚSTO PRAHA,0,9,0,9,0,9,1853
