jméno_poskytovatele,chyba,downloadURL
HLAVNÍ MĚSTO PRAHA,404 : Not Found,https://creativecommons.org/publicdomain/zero/1.0/%20
HLAVNÍ MĚSTO PRAHA,Read timed out,http://www.czgbc.org/certifikace/registry-of-certified-building
Ministerstvo obrany,datainst.army.cz,https://datainst.army.cz/cs/podm%C3%ADnky-u%C5%BE%C3%ADv%C3%A1n%C3%AD
Moravskoslezský kraj,no protocol: /errmsg/errorNoNews.html,http://www.msk.cz/cz/verejna_sprava/informace-o-podminkach-uziti-datove-sady-73496/
Česká obchodní inspekce,404 : Not Found,http://www.coi.cz/cz/spotrebitel/otevrena-data/licence-otevrenych-dat/
Česká školní inspekce,404 : Not Found,https://www.csicr.cz/cz/Otevreny-urad-QL/Otevreny-urad/Otevrena-data/Podminky-uziti-otevrenych-dat-Ceske-skolni-inspekc
