jméno_poskytovatele,procento_nedostupných_autorské_dílo,počet_nedostupných_autorské_dílo,procento_nedostupných_autorská_databáze,počet_nedostupných_autorská_databáze,procento_nedostupných_zvláštní_právo,počet_nedostupných_zvláštní_právo,počet_distribucí_celkem
Ministerstvo obrany,100,18,100,18,100,18,18
"Ministerstvo školství, mládeže a tělovýchovy",100,15,100,15,100,15,15
Statutární město Opava,100,39,100,39,100,39,39
Úřad průmyslového vlastnictví,100,1307,100,1307,100,1307,1307
Česká obchodní inspekce,100,19,100,19,100,19,19
Český telekomunikační úřad,100,240,100,240,100,240,240
Český úřad zeměměřický a katastrální,100,175986,100,175986,100,175986,175986
Agentura ochrany přírody a krajiny České republiky,100,78,100,78,0,0,78
Jihomoravský kraj,100,10,100,10,0,0,10
Česká informační agentura životního prostředí,100,95,100,95,0,0,95
Statutární město Brno,100,861,0,0,0,0,861
Ministerstvo vnitra,98,15681,98,15681,98,15681,15969
Statutární město Ostrava,98,464,98,464,98,464,472
Statutární město Děčín,58,74,58,74,58,74,127
HLAVNÍ MĚSTO PRAHA,54,1012,54,1012,54,1012,1853
Moravskoslezský kraj,33,1,33,1,33,1,3
Ministerstvo zdravotnictví,27,73,27,73,27,73,263
Nejvyšší kontrolní úřad,4,1,4,1,4,1,22
Ministerstvo financí,0,0,77,852,69,756,1093
Ministerstvo pro místní rozvoj,0,0,16,4,0,0,24
Karlovarský kraj,0,0,0,0,100,1,1
Česká školní inspekce,0,0,0,0,100,30,30
Jihočeský kraj,0,0,0,0,75,6,8
