jméno_poskytovatele,downloadURL
HLAVNÍ MĚSTO PRAHA,http://www.geoportalpraha.cz/cs/fulltext_geoportal?id=0338DEFD-CE9E-48E4-9A81-12D911221F39
HLAVNÍ MĚSTO PRAHA,http://www.geoportalpraha.cz/cs/fulltext_geoportal?id=07092410-15B2-47A0-BAC9-5BA260F8703B
HLAVNÍ MĚSTO PRAHA,http://www.geoportalpraha.cz/cs/fulltext_geoportal?id=072E95E8-9793-4BC3-8D5C-B3A8E032BE5D
HLAVNÍ MĚSTO PRAHA,http://www.geoportalpraha.cz/cs/fulltext_geoportal?id=097D4A04-D516-41E1-9F55-5CD114711708
HLAVNÍ MĚSTO PRAHA,http://www.geoportalpraha.cz/cs/fulltext_geoportal?id=0A7F12C6-2FE9-432A-8A59-A1975CAD91B6
HLAVNÍ MĚSTO PRAHA,http://www.geoportalpraha.cz/cs/fulltext_geoportal?id=0AABB791-6C9B-4C9E-9262-2E3C48633EE5
HLAVNÍ MĚSTO PRAHA,http://www.geoportalpraha.cz/cs/fulltext_geoportal?id=0AF6DE97-68B3-4CD6-AE5D-76ACEEE50636
HLAVNÍ MĚSTO PRAHA,http://www.geoportalpraha.cz/cs/fulltext_geoportal?id=0D29D7CA-6893-4132-B3CC-ED674B72B652
HLAVNÍ MĚSTO PRAHA,http://www.geoportalpraha.cz/cs/fulltext_geoportal?id=0FFD80E4-AB28-4796-96DA-96EA61B52870
HLAVNÍ MĚSTO PRAHA,http://www.geoportalpraha.cz/cs/fulltext_geoportal?id=1164EC41-5008-4824-B15B-3D033FED9DD1
HLAVNÍ MĚSTO PRAHA,http://www.geoportalpraha.cz/cs/fulltext_geoportal?id=13F49E18-C3C2-4480-AE05-43B436377628
HLAVNÍ MĚSTO PRAHA,http://www.geoportalpraha.cz/cs/fulltext_geoportal?id=1EAF5383-1FE7-49AB-9A81-D6375E410F75
HLAVNÍ MĚSTO PRAHA,http://www.geoportalpraha.cz/cs/fulltext_geoportal?id=1EEE8649-97C9-4A1C-A30F-3A4A55C6C7FC
HLAVNÍ MĚSTO PRAHA,http://www.geoportalpraha.cz/cs/fulltext_geoportal?id=21733E1F-21B7-4ABC-B1C2-DC19C0237380
HLAVNÍ MĚSTO PRAHA,http://www.geoportalpraha.cz/cs/fulltext_geoportal?id=23874341-4330-4C9C-898E-E12FF5B4B3E7
HLAVNÍ MĚSTO PRAHA,http://www.geoportalpraha.cz/cs/fulltext_geoportal?id=24F85418-EC6F-44B6-86A3-1EDC55962266
HLAVNÍ MĚSTO PRAHA,http://www.geoportalpraha.cz/cs/fulltext_geoportal?id=251085C1-3A8D-4CC6-832F-73ACDD7EED76
HLAVNÍ MĚSTO PRAHA,http://www.geoportalpraha.cz/cs/fulltext_geoportal?id=251ED369-2721-46FC-AA2B-DEEC0D372D92
HLAVNÍ MĚSTO PRAHA,http://www.geoportalpraha.cz/cs/fulltext_geoportal?id=27028B3A-9442-44BC-9EA2-4DF8A2DF9940
HLAVNÍ MĚSTO PRAHA,http://www.geoportalpraha.cz/cs/fulltext_geoportal?id=29DF3215-E281-4DA1-8B03-BE84288CF2E6
HLAVNÍ MĚSTO PRAHA,http://www.geoportalpraha.cz/cs/fulltext_geoportal?id=2B7AB7CF-A6B0-4AB8-BB2B-229AC168605C
HLAVNÍ MĚSTO PRAHA,http://www.geoportalpraha.cz/cs/fulltext_geoportal?id=2EDC872E-14D4-464C-B63E-F8964100F794
HLAVNÍ MĚSTO PRAHA,http://www.geoportalpraha.cz/cs/fulltext_geoportal?id=2F5EEE29-BA85-4DE8-A81D-DFE45179CBA6
HLAVNÍ MĚSTO PRAHA,http://www.geoportalpraha.cz/cs/fulltext_geoportal?id=3004207C-C8F5-489F-B75E-B6EC458E95DA
HLAVNÍ MĚSTO PRAHA,http://www.geoportalpraha.cz/cs/fulltext_geoportal?id=30D365B9-CCDF-4A94-9946-47AFDC002681
HLAVNÍ MĚSTO PRAHA,http://www.geoportalpraha.cz/cs/fulltext_geoportal?id=376DC1A5-22A3-4AE2-AAFD-775CC1B0E975
HLAVNÍ MĚSTO PRAHA,http://www.geoportalpraha.cz/cs/fulltext_geoportal?id=38B322CB-921A-4473-A941-0DB0EC32AF17
HLAVNÍ MĚSTO PRAHA,http://www.geoportalpraha.cz/cs/fulltext_geoportal?id=38F53FF7-18DD-4EF7-A916-557C4E8A06DE
HLAVNÍ MĚSTO PRAHA,http://www.geoportalpraha.cz/cs/fulltext_geoportal?id=391517B3-E7D3-4DFE-A92B-5C412B29E2DC
HLAVNÍ MĚSTO PRAHA,http://www.geoportalpraha.cz/cs/fulltext_geoportal?id=39A3CD93-5A3D-4891-9580-DF2FCD025C03
HLAVNÍ MĚSTO PRAHA,http://www.geoportalpraha.cz/cs/fulltext_geoportal?id=3DEA1DBC-0018-47DB-B5AA-9AE7862EF948
HLAVNÍ MĚSTO PRAHA,http://www.geoportalpraha.cz/cs/fulltext_geoportal?id=3E341C57-89A6-436D-8F25-A822607BAFAE
HLAVNÍ MĚSTO PRAHA,http://www.geoportalpraha.cz/cs/fulltext_geoportal?id=43744DE1-7128-4389-811A-AEEB9E0CE74F
HLAVNÍ MĚSTO PRAHA,http://www.geoportalpraha.cz/cs/fulltext_geoportal?id=44BC2ED3-C1CD-4733-87AE-5BDA2269CAD0
HLAVNÍ MĚSTO PRAHA,http://www.geoportalpraha.cz/cs/fulltext_geoportal?id=44EE8B0A-641A-45E8-8DC9-CF209ED00897
HLAVNÍ MĚSTO PRAHA,http://www.geoportalpraha.cz/cs/fulltext_geoportal?id=468E977C-DE78-480D-B3D9-43A19BF1CD77
HLAVNÍ MĚSTO PRAHA,http://www.geoportalpraha.cz/cs/fulltext_geoportal?id=47CB71BD-45AF-471A-B55A-52D00EA088FA
HLAVNÍ MĚSTO PRAHA,http://www.geoportalpraha.cz/cs/fulltext_geoportal?id=482C5383-F3F6-44CB-8903-BA20F94B8ABB
HLAVNÍ MĚSTO PRAHA,http://www.geoportalpraha.cz/cs/fulltext_geoportal?id=4A14E013-3B9D-4270-BEBE-64944C3DFA19
HLAVNÍ MĚSTO PRAHA,http://www.geoportalpraha.cz/cs/fulltext_geoportal?id=4D06F8FA-7180-4C40-8944-0DC0E5C77958
HLAVNÍ MĚSTO PRAHA,http://www.geoportalpraha.cz/cs/fulltext_geoportal?id=51FE63CD-49EC-448C-A9DF-748526147323
HLAVNÍ MĚSTO PRAHA,http://www.geoportalpraha.cz/cs/fulltext_geoportal?id=537001E5-9226-4156-9DC0-5D3A0C7EB436
HLAVNÍ MĚSTO PRAHA,http://www.geoportalpraha.cz/cs/fulltext_geoportal?id=54C102A1-95C2-482A-8FE4-38A7097ED088
HLAVNÍ MĚSTO PRAHA,http://www.geoportalpraha.cz/cs/fulltext_geoportal?id=59568C3E-767E-4FB3-88E7-8E8A383EAB5B
HLAVNÍ MĚSTO PRAHA,http://www.geoportalpraha.cz/cs/fulltext_geoportal?id=5BB4E2C5-9D4B-4B2B-BF0A-E0B98EE6013A
HLAVNÍ MĚSTO PRAHA,http://www.geoportalpraha.cz/cs/fulltext_geoportal?id=5C8F3209-797D-4BB3-883C-C9E0EF3554B1
HLAVNÍ MĚSTO PRAHA,http://www.geoportalpraha.cz/cs/fulltext_geoportal?id=601B7F51-EBA2-4E86-9B02-10AE47A1FF19
HLAVNÍ MĚSTO PRAHA,http://www.geoportalpraha.cz/cs/fulltext_geoportal?id=63EF19FE-C2FB-4FC2-8C2D-EEBB72C6B81A
HLAVNÍ MĚSTO PRAHA,http://www.geoportalpraha.cz/cs/fulltext_geoportal?id=669607B8-EA0A-44FB-8771-C509C2384E59
HLAVNÍ MĚSTO PRAHA,http://www.geoportalpraha.cz/cs/fulltext_geoportal?id=66B2C1DD-9F7B-4A2E-892C-0E36FD844410
HLAVNÍ MĚSTO PRAHA,http://www.geoportalpraha.cz/cs/fulltext_geoportal?id=675A05C3-B43C-476A-BAA3-82622A83718F
HLAVNÍ MĚSTO PRAHA,http://www.geoportalpraha.cz/cs/fulltext_geoportal?id=6E9A6D83-5F66-4B06-ABB5-CE8E773A811C
HLAVNÍ MĚSTO PRAHA,http://www.geoportalpraha.cz/cs/fulltext_geoportal?id=6F0A688A-BA31-49C5-BE99-C655A52C8BE1
HLAVNÍ MĚSTO PRAHA,http://www.geoportalpraha.cz/cs/fulltext_geoportal?id=6F29AF3B-7A35-4F3D-963C-B54E381AE459
HLAVNÍ MĚSTO PRAHA,http://www.geoportalpraha.cz/cs/fulltext_geoportal?id=6F576389-385E-4E38-831A-8DE6EFB52C3A
HLAVNÍ MĚSTO PRAHA,http://www.geoportalpraha.cz/cs/fulltext_geoportal?id=6F72EDDF-CAA4-4243-8776-7006CB0B2521
HLAVNÍ MĚSTO PRAHA,http://www.geoportalpraha.cz/cs/fulltext_geoportal?id=70345460-24C6-466C-B085-D40228C1C12D
HLAVNÍ MĚSTO PRAHA,http://www.geoportalpraha.cz/cs/fulltext_geoportal?id=72029547-7575-4403-B2FB-1CCD68DC1123
HLAVNÍ MĚSTO PRAHA,http://www.geoportalpraha.cz/cs/fulltext_geoportal?id=73882F32-EE3A-40FB-B72A-C8696C96C36E
HLAVNÍ MĚSTO PRAHA,http://www.geoportalpraha.cz/cs/fulltext_geoportal?id=79D94562-F146-48A8-B8DF-56EAA84172B6
HLAVNÍ MĚSTO PRAHA,http://www.geoportalpraha.cz/cs/fulltext_geoportal?id=79DE43AF-3F9C-47B3-89AD-250031C39F46
HLAVNÍ MĚSTO PRAHA,http://www.geoportalpraha.cz/cs/fulltext_geoportal?id=7BF62FAC-104E-47CA-BAD1-FA3644627E0C
HLAVNÍ MĚSTO PRAHA,http://www.geoportalpraha.cz/cs/fulltext_geoportal?id=7DD11535-32D1-4704-A4BD-F3BB061DE9F1
HLAVNÍ MĚSTO PRAHA,http://www.geoportalpraha.cz/cs/fulltext_geoportal?id=7E8A6237-0541-4BE4-8F9C-742FD4FBC8FB
HLAVNÍ MĚSTO PRAHA,http://www.geoportalpraha.cz/cs/fulltext_geoportal?id=7ED6D2D8-A68C-44F1-8EC3-0F75A5AEF781
HLAVNÍ MĚSTO PRAHA,http://www.geoportalpraha.cz/cs/fulltext_geoportal?id=7F8B74A0-0D88-43CC-9848-A06883BC34B9
HLAVNÍ MĚSTO PRAHA,http://www.geoportalpraha.cz/cs/fulltext_geoportal?id=8605CC9C-64F4-45EE-817A-8F43D470ACB1
HLAVNÍ MĚSTO PRAHA,http://www.geoportalpraha.cz/cs/fulltext_geoportal?id=86489214-950D-4347-941E-C714F5F9E55B
HLAVNÍ MĚSTO PRAHA,http://www.geoportalpraha.cz/cs/fulltext_geoportal?id=8689A37A-DD4D-4FB2-A24C-968621E97898
HLAVNÍ MĚSTO PRAHA,http://www.geoportalpraha.cz/cs/fulltext_geoportal?id=8726EF0E-0834-463B-9E5F-FE09E62D73FB
HLAVNÍ MĚSTO PRAHA,http://www.geoportalpraha.cz/cs/fulltext_geoportal?id=87F4C6F8-9851-445E-A10C-E19064026E95
HLAVNÍ MĚSTO PRAHA,http://www.geoportalpraha.cz/cs/fulltext_geoportal?id=88069F62-3FF8-417C-84C5-D957BF0F3CA2
HLAVNÍ MĚSTO PRAHA,http://www.geoportalpraha.cz/cs/fulltext_geoportal?id=88E7E17E-9B5C-43F5-B3BA-B27E7521622B
HLAVNÍ MĚSTO PRAHA,http://www.geoportalpraha.cz/cs/fulltext_geoportal?id=8B2B3E58-1B3F-4870-B205-82453E90A2F8
HLAVNÍ MĚSTO PRAHA,http://www.geoportalpraha.cz/cs/fulltext_geoportal?id=8BEEEC37-6217-426F-8F87-1BC684C21B45
HLAVNÍ MĚSTO PRAHA,http://www.geoportalpraha.cz/cs/fulltext_geoportal?id=9195D49A-4054-4078-A7C9-979680E856EB
HLAVNÍ MĚSTO PRAHA,http://www.geoportalpraha.cz/cs/fulltext_geoportal?id=920C3726-9B5A-4FA8-A0C5-A05EAF8AEED1
HLAVNÍ MĚSTO PRAHA,http://www.geoportalpraha.cz/cs/fulltext_geoportal?id=97AE829A-44CA-419D-A415-A0C5D5FC7BAF
HLAVNÍ MĚSTO PRAHA,http://www.geoportalpraha.cz/cs/fulltext_geoportal?id=99D0E6BB-0F08-4B86-85EE-DC190587A386
HLAVNÍ MĚSTO PRAHA,http://www.geoportalpraha.cz/cs/fulltext_geoportal?id=9A684294-3B6C-438C-9A06-10C9A3A9B3A2
HLAVNÍ MĚSTO PRAHA,http://www.geoportalpraha.cz/cs/fulltext_geoportal?id=9E594491-9C13-43D5-BA3F-38A901BD50C9
HLAVNÍ MĚSTO PRAHA,http://www.geoportalpraha.cz/cs/fulltext_geoportal?id=9EBD1E43-303D-4C0C-B4AB-F5940F64B43B#.WtTHwX8uCHs
HLAVNÍ MĚSTO PRAHA,http://www.geoportalpraha.cz/cs/fulltext_geoportal?id=A0198E36-FCAD-42E7-BE4A-3B7755A48DAC
HLAVNÍ MĚSTO PRAHA,http://www.geoportalpraha.cz/cs/fulltext_geoportal?id=A1324401-980B-44C0-80D6-5353AFEC437E
HLAVNÍ MĚSTO PRAHA,http://www.geoportalpraha.cz/cs/fulltext_geoportal?id=A3D685FF-A620-4886-BF66-E2A598F648D4
HLAVNÍ MĚSTO PRAHA,http://www.geoportalpraha.cz/cs/fulltext_geoportal?id=AEB55922-C651-4F26-8B4E-71819666E912
HLAVNÍ MĚSTO PRAHA,http://www.geoportalpraha.cz/cs/fulltext_geoportal?id=B3E356D6-F2A4-42E8-A4C5-BC5FB9DD5E6D
HLAVNÍ MĚSTO PRAHA,http://www.geoportalpraha.cz/cs/fulltext_geoportal?id=B75637CF-B91C-435A-8ABD-6BB3F076A343
HLAVNÍ MĚSTO PRAHA,http://www.geoportalpraha.cz/cs/fulltext_geoportal?id=B77C12FC-E375-4919-8A70-5BA0C4F52DB0
HLAVNÍ MĚSTO PRAHA,http://www.geoportalpraha.cz/cs/fulltext_geoportal?id=B816EA12-BFB9-4C5E-9183-2ED1196B113E
HLAVNÍ MĚSTO PRAHA,http://www.geoportalpraha.cz/cs/fulltext_geoportal?id=B87792E4-5562-484A-8D44-9010019D3988
HLAVNÍ MĚSTO PRAHA,http://www.geoportalpraha.cz/cs/fulltext_geoportal?id=BAC9D96B-E23B-4ABF-AC67-F8EFA55821A8
HLAVNÍ MĚSTO PRAHA,http://www.geoportalpraha.cz/cs/fulltext_geoportal?id=BBDE6394-B0E1-4E8B-A656-DD69CA2EB0F8
HLAVNÍ MĚSTO PRAHA,http://www.geoportalpraha.cz/cs/fulltext_geoportal?id=BE1AA353-9CEF-45ED-9500-1E6CFB180EB4
HLAVNÍ MĚSTO PRAHA,http://www.geoportalpraha.cz/cs/fulltext_geoportal?id=BEE29CD7-98BA-4EB9-AB3D-079E6E338563
HLAVNÍ MĚSTO PRAHA,http://www.geoportalpraha.cz/cs/fulltext_geoportal?id=C0322F89-6FFD-4C2E-9E36-2B07FD06A5C8
HLAVNÍ MĚSTO PRAHA,http://www.geoportalpraha.cz/cs/fulltext_geoportal?id=C121457E-5450-42D0-9009-204D8D899A06
HLAVNÍ MĚSTO PRAHA,http://www.geoportalpraha.cz/cs/fulltext_geoportal?id=C12428AD-215C-4C5A-8C7B-03C996B97EC5
HLAVNÍ MĚSTO PRAHA,http://www.geoportalpraha.cz/cs/fulltext_geoportal?id=C170F739-D27C-4556-9138-CAF7C14FB01B
HLAVNÍ MĚSTO PRAHA,http://www.geoportalpraha.cz/cs/fulltext_geoportal?id=C2C2F18D-C651-412E-8ACD-DDF984FF6986
HLAVNÍ MĚSTO PRAHA,http://www.geoportalpraha.cz/cs/fulltext_geoportal?id=C3E13965-3863-41B0-AF6E-EB40FF8517BE
HLAVNÍ MĚSTO PRAHA,http://www.geoportalpraha.cz/cs/fulltext_geoportal?id=C4AC36EC-4E02-4ABA-B66A-C74672EF0299
HLAVNÍ MĚSTO PRAHA,http://www.geoportalpraha.cz/cs/fulltext_geoportal?id=C4FE893C-81B9-4B4A-BDB4-292479C87E2D
HLAVNÍ MĚSTO PRAHA,http://www.geoportalpraha.cz/cs/fulltext_geoportal?id=C570C61C-EFF5-4EED-8CAE-24CE4B3AB8E8
HLAVNÍ MĚSTO PRAHA,http://www.geoportalpraha.cz/cs/fulltext_geoportal?id=C9B6B3BD-217E-4819-B58F-5F574DC6FC78
HLAVNÍ MĚSTO PRAHA,http://www.geoportalpraha.cz/cs/fulltext_geoportal?id=CA2A28E7-D4A9-401E-B481-54F3A3175CC4
HLAVNÍ MĚSTO PRAHA,http://www.geoportalpraha.cz/cs/fulltext_geoportal?id=CADDEA31-B958-4D6B-B362-402994572410
HLAVNÍ MĚSTO PRAHA,http://www.geoportalpraha.cz/cs/fulltext_geoportal?id=CD5DD175-2542-4D8D-B649-CCC5A1882393
HLAVNÍ MĚSTO PRAHA,http://www.geoportalpraha.cz/cs/fulltext_geoportal?id=CF305C3E-5FEE-491F-B259-090A1F04CE60
HLAVNÍ MĚSTO PRAHA,http://www.geoportalpraha.cz/cs/fulltext_geoportal?id=D7283D97-3909-4684-BA99-8FECCACBC2A6
HLAVNÍ MĚSTO PRAHA,http://www.geoportalpraha.cz/cs/fulltext_geoportal?id=DDBD51D9-CDF6-4288-8FAB-F049BB5ADFD9
HLAVNÍ MĚSTO PRAHA,http://www.geoportalpraha.cz/cs/fulltext_geoportal?id=DFBF21D4-F38F-49A3-9260-AD63E8345C3A
HLAVNÍ MĚSTO PRAHA,http://www.geoportalpraha.cz/cs/fulltext_geoportal?id=E5673B49-A9E7-4416-97B8-6298FC05EAF5
HLAVNÍ MĚSTO PRAHA,http://www.geoportalpraha.cz/cs/fulltext_geoportal?id=E5AB46A5-D82E-4633-983B-D0CA7EFF46E2
HLAVNÍ MĚSTO PRAHA,http://www.geoportalpraha.cz/cs/fulltext_geoportal?id=E6DCEB33-5363-487D-84E6-9F0CE5D1D337
HLAVNÍ MĚSTO PRAHA,http://www.geoportalpraha.cz/cs/fulltext_geoportal?id=E7451648-6C2C-4463-8F52-E7A6A9AB710E
HLAVNÍ MĚSTO PRAHA,http://www.geoportalpraha.cz/cs/fulltext_geoportal?id=E9E20135-18B3-4163-B516-45613956B856
HLAVNÍ MĚSTO PRAHA,http://www.geoportalpraha.cz/cs/fulltext_geoportal?id=EB3B9C1F-0588-48A6-8710-013F1FF272DA
HLAVNÍ MĚSTO PRAHA,http://www.geoportalpraha.cz/cs/fulltext_geoportal?id=F2207E6B-A08F-4BF3-97FF-9695D32D6384
HLAVNÍ MĚSTO PRAHA,http://www.geoportalpraha.cz/cs/fulltext_geoportal?id=F2D1CB5B-6C34-4B9D-9AE3-64E75A14CB23
HLAVNÍ MĚSTO PRAHA,http://www.geoportalpraha.cz/cs/fulltext_geoportal?id=F7337255-B43F-426F-879D-D830210B37FB
HLAVNÍ MĚSTO PRAHA,http://www.geoportalpraha.cz/cs/fulltext_geoportal?id=FBDF5673-F005-41BE-995C-2802B568D4D8
HLAVNÍ MĚSTO PRAHA,http://www.geoportalpraha.cz/cs/fulltext_geoportal?id=FFD6F7BA-5169-41DE-900B-1AC0F1617748
HLAVNÍ MĚSTO PRAHA,https://golemio.docs.apiary.io/#introduction/cyklodoprava/na-kole-prahou
HLAVNÍ MĚSTO PRAHA,https://golemio.docs.apiary.io/#introduction/priroda-ve-meste
HLAVNÍ MĚSTO PRAHA,https://golemio.docs.apiary.io/#introduction/prodeje-elektronicky-dlouhodobych-jizdenek-(kuponu)
HLAVNÍ MĚSTO PRAHA,https://golemio.docs.apiary.io/#introduction/scitani-osob-karlin
HLAVNÍ MĚSTO PRAHA,https://golemio.docs.apiary.io/#introduction/statistiky-odpadoveho-hospodarstvi-v-praze
HLAVNÍ MĚSTO PRAHA,https://golemio.docs.apiary.io/#introduction/strategicke-dopravni-detektory
HLAVNÍ MĚSTO PRAHA,https://golemio.docs.apiary.io/#introduction/udrzitelna-energetika
HLAVNÍ MĚSTO PRAHA,https://golemio.docs.apiary.io/#introduction/zony-placeneho-stani-(zps)-zakoupene-parkovani
HLAVNÍ MĚSTO PRAHA,https://golemio.docs.apiary.io/introduction/cyklodoprava/cykloscitace
HLAVNÍ MĚSTO PRAHA,https://golemio.docs.apiary.io/introduction/mestsky-mobiliar/kompresni-kose-(pilot)
HLAVNÍ MĚSTO PRAHA,https://golemioapi.docs.apiary.io/#reference/air-quality/air-quality-stations-chmi
HLAVNÍ MĚSTO PRAHA,https://golemioapi.docs.apiary.io/#reference/parking/parking-lots
HLAVNÍ MĚSTO PRAHA,https://golemioapi.docs.apiary.io/#reference/public-transport/vehicle-positions
HLAVNÍ MĚSTO PRAHA,https://golemioapi.docs.apiary.io/#reference/traffic/bicylecounters
HLAVNÍ MĚSTO PRAHA,https://golemioapi.docs.apiary.io/#reference/waste/sorted-waste-stations
HLAVNÍ MĚSTO PRAHA,https://mojepraha.eu/apispecs
HLAVNÍ MĚSTO PRAHA,https://pid.cz/o-systemu/opendata/#h-gtfs
HLAVNÍ MĚSTO PRAHA,https://pid.cz/o-systemu/opendata/#h-selling
HLAVNÍ MĚSTO PRAHA,https://pid.cz/o-systemu/opendata/#h-stops
HLAVNÍ MĚSTO PRAHA,https://storage.golemio.cz/ckan/mhmp/schema/Cerpani_rozpoctu_MHMP.documentation.html
HLAVNÍ MĚSTO PRAHA,https://storage.golemio.cz/ckan/mhmp/schema/Data_z_aplikace_opravujeme_to.documentation.html
HLAVNÍ MĚSTO PRAHA,https://storage.golemio.cz/ckan/mhmp/schema/Dopravni_prestupky_MHMP.documentation.html
HLAVNÍ MĚSTO PRAHA,https://storage.golemio.cz/ckan/mhmp/schema/Faktury_MHMP.documentation.html
HLAVNÍ MĚSTO PRAHA,https://storage.golemio.cz/ckan/mhmp/schema/Faktury_MHMP.documentation.html%20
HLAVNÍ MĚSTO PRAHA,https://storage.golemio.cz/ckan/mhmp/schema/Financni_vztahy_mezi_HMP_a_MC_HMP.documentation.html
HLAVNÍ MĚSTO PRAHA,https://storage.golemio.cz/ckan/mhmp/schema/Kalendar_akci_MHMP.documentation.html
HLAVNÍ MĚSTO PRAHA,https://storage.golemio.cz/ckan/mhmp/schema/PKO_dle_splatnosti.documentation.html
HLAVNÍ MĚSTO PRAHA,https://storage.golemio.cz/ckan/mhmp/schema/PKO_dle_ucetni_operace.documentation.html
HLAVNÍ MĚSTO PRAHA,https://storage.golemio.cz/ckan/mhmp/schema/Pocet_nove_uzavrenych_najemnich_vztahu_HMP.documentation.html
HLAVNÍ MĚSTO PRAHA,https://storage.golemio.cz/ckan/mhmp/schema/Pocet_opravenych_bytu_HMP.documentation.html
HLAVNÍ MĚSTO PRAHA,https://storage.golemio.cz/ckan/mhmp/schema/Pocet_uvolnenych_bytu_HMP.documentation.html
HLAVNÍ MĚSTO PRAHA,https://storage.golemio.cz/ckan/mhmp/schema/Pocet_vedenych_soudnich_sporu_k_bytovemu_fondu_HMP.documentation.html
HLAVNÍ MĚSTO PRAHA,https://storage.golemio.cz/ckan/mhmp/schema/Rozpocet_MHMP.documentation.html
HLAVNÍ MĚSTO PRAHA,https://storage.golemio.cz/ckan/mhmp/schema/Struktura_bytoveho_fondu_HMP.documentation.html
HLAVNÍ MĚSTO PRAHA,https://storage.golemio.cz/ckan/mhmp/schema/Verejne_osvetleni.documentation.html
HLAVNÍ MĚSTO PRAHA,https://storage.golemio.cz/ckan/mhmp/schema/Verejne_zakazky_MHMP.documentation.html
HLAVNÍ MĚSTO PRAHA,https://storage.golemio.cz/ckan/mhmp/schema/Volne_nebytove_prostory_MHMP.documentation.html
HLAVNÍ MĚSTO PRAHA,https://storage.golemio.cz/ckan/mhmp/schema/Vybrane_kontroly_OKC_MHMP.documentation.html
HLAVNÍ MĚSTO PRAHA,https://storage.golemio.cz/ckan/mhmp/schema/Vysledky_hlasovani_ZHMP.documentation.html
HLAVNÍ MĚSTO PRAHA,https://storage.golemio.cz/ckan/mhmp/schema/Zadosti_o_pronajem_bytu_HMP.documentation.html
HLAVNÍ MĚSTO PRAHA,https://www.praha3.cz/getFile/id:1002611
Institut umění - Divadelní ústav,https://vis.idu.cz/Productions.aspx
Jihomoravský kraj,http://mapy.kr-jihomoravsky.cz/(S(c04bswqzuk1ncjkpfcbsq1xk))/Default.aspx?menu=10&mode=TextMeta&text=OpenData&side=OpenData
Jihomoravský kraj,http://mapy.kr-jihomoravsky.cz/(S(jiclidvarcb130hpkdpaixrh))/Default.aspx?menu=10&mode=TextMeta&text=OpenData&side=OpenData
Jihočeský kraj,https://geoportal.kraj-jihocesky.gov.cz/portal/mapy/zivotni-prostredi/prirodni-parky-jihoceskeho-kraje
Jihočeský kraj,https://geoportal.kraj-jihocesky.gov.cz/portal/uzemni-planovani/jihocesky-kraj/zasady-uzemniho-rozvoje-jihoceskeho-kraje
Karlovarský kraj,https://geoportal.kr-karlovarsky.cz/arcgis/rest/services/DTM/UMPS/MapServer
Kraj Vysočina,https://extranet.kr-vysocina.cz/rejstrik-organizaci/
Královéhradecký kraj,https://docs.google.com/document/d/1nAIvVtlZbZobFjF4OAoiH1f3MSaXx7y8/edit?usp=sharing&amp;ouid=106507610889832028247&amp;rtpof=true&amp;sd=true
Královéhradecký kraj,https://docs.google.com/document/d/1nAIvVtlZbZobFjF4OAoiH1f3MSaXx7y8/edit?usp=sharing&ouid=106507610889832028247&rtpof=true&sd=true
Liberecký kraj,http://geoportal.kraj-lbc.cz/metadata/page/584954b2-b240-4296-97f8-ae62c371c416
Liberecký kraj,http://geoportal.kraj-lbc.cz/metadata/page/5857a1ed-b890-4269-bd5d-0603c371c416
Liberecký kraj,http://geoportal.kraj-lbc.cz/metadata/page/5857af04-5ba4-4f73-95cd-311ac371c416
Ministerstvo dopravy,"https://www.mdcr.cz/Dokumenty/Verejna-doprava/Jizdni-rady,-kalendare-pro-jizdni-rady,-metodi-(1)/Jizdni-rady-verejne-dopravy"
Ministerstvo financí,https://opendata.mfcr.cz/topics/ares
Ministerstvo financí,https://opendata.mfcr.cz/topics/budovy
Ministerstvo financí,https://opendata.mfcr.cz/topics/danove-subjekty
Ministerstvo financí,https://opendata.mfcr.cz/topics/dotace
Ministerstvo financí,https://opendata.mfcr.cz/topics/eet
Ministerstvo financí,https://opendata.mfcr.cz/topics/fond-privatizace
Ministerstvo financí,https://opendata.mfcr.cz/topics/hazard
Ministerstvo financí,https://opendata.mfcr.cz/topics/hospodareni-mf
Ministerstvo financí,https://opendata.mfcr.cz/topics/hospodareni-uzsvm
Ministerstvo financí,https://opendata.mfcr.cz/topics/konsolidace
Ministerstvo financí,https://opendata.mfcr.cz/topics/makroekonomika
Ministerstvo financí,https://opendata.mfcr.cz/topics/mezinarodni-arbitraze
Ministerstvo financí,https://opendata.mfcr.cz/topics/monitor
Ministerstvo financí,https://opendata.mfcr.cz/topics/nahrady-skod
Ministerstvo financí,https://opendata.mfcr.cz/topics/paralelni-modul-vykonnosti
Ministerstvo financí,https://opendata.mfcr.cz/topics/penzijni-pripojisteni
Ministerstvo financí,https://opendata.mfcr.cz/topics/sazby-stravného
Ministerstvo financí,https://opendata.mfcr.cz/topics/statni-rozpocet
Ministerstvo financí,https://opendata.mfcr.cz/topics/stavebni-sporeni
Ministerstvo práce a sociálních věcí,https://data.mpsv.cz/web/data/-/ciselnik-casti-obci
Ministerstvo práce a sociálních věcí,https://data.mpsv.cz/web/data/-/ciselnik-cilovych-skupin-osob-socialnich-sluzeb
Ministerstvo práce a sociálních věcí,https://data.mpsv.cz/web/data/-/ciselnik-cz-isco
Ministerstvo práce a sociálních věcí,https://data.mpsv.cz/web/data/-/ciselnik-dnu-v-tydnu
Ministerstvo práce a sociálních věcí,https://data.mpsv.cz/web/data/-/ciselnik-dovednosti
Ministerstvo práce a sociálních věcí,https://data.mpsv.cz/web/data/-/ciselnik-druhu-skol
Ministerstvo práce a sociálních věcí,https://data.mpsv.cz/web/data/-/ciselnik-druhu-socialnich-sluzeb
Ministerstvo práce a sociálních věcí,https://data.mpsv.cz/web/data/-/ciselnik-druhu-studia
Ministerstvo práce a sociálních věcí,https://data.mpsv.cz/web/data/-/ciselnik-forem-socialnich-sluzeb
Ministerstvo práce a sociálních věcí,https://data.mpsv.cz/web/data/-/ciselnik-forem-studia
Ministerstvo práce a sociálních věcí,https://data.mpsv.cz/web/data/-/ciselnik-jazyku
Ministerstvo práce a sociálních věcí,https://data.mpsv.cz/web/data/-/ciselnik-kontaktnich-pracovist-up-cr
Ministerstvo práce a sociálních věcí,https://data.mpsv.cz/web/data/-/ciselnik-kraju
Ministerstvo práce a sociálních věcí,https://data.mpsv.cz/web/data/-/ciselnik-mestskych-obvodu-mestskych-casti
Ministerstvo práce a sociálních věcí,https://data.mpsv.cz/web/data/-/ciselnik-mestskych-obvodu-v-praze
Ministerstvo práce a sociálních věcí,https://data.mpsv.cz/web/data/-/ciselnik-nastroju-prispevku-aktivni-politiky-zamestnanosti
Ministerstvo práce a sociálních věcí,https://data.mpsv.cz/web/data/-/ciselnik-obci
Ministerstvo práce a sociálních věcí,https://data.mpsv.cz/web/data/-/ciselnik-oboru-cinnosti-pro-volna-mista
Ministerstvo práce a sociálních věcí,https://data.mpsv.cz/web/data/-/ciselnik-okresu
Ministerstvo práce a sociálních věcí,https://data.mpsv.cz/web/data/-/ciselnik-pracovnepravnich-vztahu
Ministerstvo práce a sociálních věcí,https://data.mpsv.cz/web/data/-/ciselnik-prijimacich-zkousek
Ministerstvo práce a sociálních věcí,https://data.mpsv.cz/web/data/-/ciselnik-stavu-insolvence
Ministerstvo práce a sociálních věcí,https://data.mpsv.cz/web/data/-/ciselnik-typu-inspekci
Ministerstvo práce a sociálních věcí,https://data.mpsv.cz/web/data/-/ciselnik-typu-kapacit-socialnich-sluzeb
Ministerstvo práce a sociálních věcí,https://data.mpsv.cz/web/data/-/ciselnik-typu-mista-vykonu-prace
Ministerstvo práce a sociálních věcí,https://data.mpsv.cz/web/data/-/ciselnik-typu-mzdy
Ministerstvo práce a sociálních věcí,https://data.mpsv.cz/web/data/-/ciselnik-typu-skol
Ministerstvo práce a sociálních věcí,https://data.mpsv.cz/web/data/-/ciselnik-typu-smennosti
Ministerstvo práce a sociálních věcí,https://data.mpsv.cz/web/data/-/ciselnik-typu-ukonceni-studia
Ministerstvo práce a sociálních věcí,https://data.mpsv.cz/web/data/-/ciselnik-typu-zastoupeni
Ministerstvo práce a sociálních věcí,https://data.mpsv.cz/web/data/-/ciselnik-typu-zrizovatelu-skol
Ministerstvo práce a sociálních věcí,https://data.mpsv.cz/web/data/-/ciselnik-typy-stavebnich-objektu
Ministerstvo práce a sociálních věcí,https://data.mpsv.cz/web/data/-/ciselnik-urovni-znalosti-jazyka
Ministerstvo práce a sociálních věcí,https://data.mpsv.cz/web/data/-/ciselnik-uzemni-platnosti-povoleni-agentury-prace
Ministerstvo práce a sociálních věcí,https://data.mpsv.cz/web/data/-/ciselnik-vekovych-skupin-klientu-socialnich-sluzeb
Ministerstvo práce a sociálních věcí,https://data.mpsv.cz/web/data/-/ciselnik-vhodnosti
Ministerstvo práce a sociálních věcí,https://data.mpsv.cz/web/data/-/ciselnik-vhodnosti-pro-typ-zamestnance
Ministerstvo práce a sociálních věcí,https://data.mpsv.cz/web/data/-/ciselnik-vhodnosti-pro-zaky
Ministerstvo práce a sociálních věcí,https://data.mpsv.cz/web/data/-/ciselnik-vyhod-volneho-mista
Ministerstvo práce a sociálních věcí,https://data.mpsv.cz/web/data/-/ciselnik-vzdelani-detailni-kategorie
Ministerstvo práce a sociálních věcí,https://data.mpsv.cz/web/data/-/ciselnik-vzdelani-podle-klasifikace-kmenovych-oboru-vzdelani-kkov-
Ministerstvo práce a sociálních věcí,https://data.mpsv.cz/web/data/-/ciselnik-zpusobu-zverejneni-volneho-mista
Ministerstvo práce a sociálních věcí,https://data.mpsv.cz/web/data/agentury-prace
Ministerstvo práce a sociálních věcí,https://data.mpsv.cz/web/data/aktivni-politika-zamestnanosti
Ministerstvo práce a sociálních věcí,https://data.mpsv.cz/web/data/insolventni-zamestnavatele-evidovani-uradem-prace-cr
Ministerstvo práce a sociálních věcí,https://data.mpsv.cz/web/data/rpss
Ministerstvo práce a sociálních věcí,https://data.mpsv.cz/web/data/skoly
Ministerstvo práce a sociálních věcí,https://data.mpsv.cz/web/data/volna-mista-za-celou-cr
Ministerstvo průmyslu a obchodu,https://www.mpo.cz/assets/cz/rozcestnik/ministerstvo/otevrena-data/lokalni-katalog/2019/6/Seznam-OSS-a-PO-Ministerstva-prumyslu-a-obchodu.csv
Ministerstvo průmyslu a obchodu,https://www.mpo.cz/cz/podnikani/zivnostenske-podnikani/statisticke-udaje-o-podnikatelich/pocty-podnikajicich-fyzickych-osob-a-zivnostenskych-opravneni-dle-pohlavi--225455/
Ministerstvo průmyslu a obchodu,https://www.mpo.cz/cz/podnikani/zivnostenske-podnikani/statisticke-udaje-o-podnikatelich/pocty-podnikajicich-fyzickych-osob-a-zivnostenskych-opravneni-dle-vekove-struktury--225459/
Ministerstvo průmyslu a obchodu,https://www.mpo.cz/cz/podnikani/zivnostenske-podnikani/statisticke-udaje-o-podnikatelich/pocty-podnikatelu-a-zivnosti-dle-kraju--225453/
Ministerstvo průmyslu a obchodu,https://www.mpo.cz/cz/podnikani/zivnostenske-podnikani/statisticke-udaje-o-podnikatelich/pocty-podnikatelu-dle-obcanstvi-podnikajicich-v-ceske-republice--151024/
Ministerstvo průmyslu a obchodu,https://www.mpo.cz/cz/podnikani/zivnostenske-podnikani/statisticke-udaje-o-podnikatelich/pocty-zivnosti-dle-oboru-v-jednotlivych-krajich--222296/
Ministerstvo průmyslu a obchodu,https://www.mpo.cz/cz/podnikani/zivnostenske-podnikani/statisticke-udaje-o-podnikatelich/rocni-prehled-podnikatelu-a-zivnosti--222295/
Ministerstvo vnitra,http://www.isnno.cz/opendata/ENNO%20-%20Anal%C3%BDza%20dat_v100.docx
Ministerstvo vnitra,https://code.gov.cz/gov-cz/katalog-slu-eb-anal-za/-/wikis/Dokumentace-k-datov%C3%BDm-sad%C3%A1m
Ministerstvo vnitra,https://smlouvy.gov.cz/stranka/otevrena-data
Ministerstvo vnitra,https://www.czechpoint.cz/data/files/SOVM_datove_soubory.pdf
Ministerstvo vnitra,https://www.mojedatovaschranka.cz/sds/welcome.do?part=opendata
Ministerstvo vnitra,https://www.sluzby-isvs.cz/ISDP/opendata/IS%20DP%20-%20Anal%C3%BDza%20dat_v100.docx
Ministerstvo vnitra,https://www.sluzby-isvs.cz/ISoISVS/opendata/IS%20o%20ISVS%20-%20Anal%C3%BDza%20dat_v100.docx
Ministerstvo zdravotnictví,https://faktury.mzcr.cz/site/otevrena-data
Ministerstvo zdravotnictví,https://onemocneni-aktualne.mzcr.cz/api/v2/covid-19
Ministerstvo zdravotnictví,https://opendata.mzcr.cz/data/nrpzs/narodni-registr-poskytovatelu-zdravotnich-sluzeb.csv-metadata.json
Ministerstvo zemědělství,https://eagri.cz/public/app/eagriapp/POR/
Ministerstvo zemědělství,https://eagri.cz/public/web/mze/farmar/LPIS/data-melioraci/
Ministerstvo zemědělství,https://eagri.cz/public/web/mze/farmar/LPIS/uzivatelske-prirucky/prirucky-pro-verejny-lpis/export-dat-lpis.html
Ministerstvo zemědělství,https://eagri.cz/public/web/mze/farmar/data-ke-stazeni/
Ministerstvo zemědělství,https://eagri.cz/public/web/mze/farmar/elektronicka-vymena-dat/prehled-vystavenych-sluzeb/
Ministerstvo zemědělství,https://eagri.cz/public/web/mze/farmar/elektronicka-vymena-dat/prehled-vystavenych-sluzeb/EPH_eph-gcp01c.html
Ministerstvo zemědělství,https://eagri.cz/public/web/mze/farmar/elektronicka-vymena-dat/prehled-vystavenych-sluzeb/EPH_eph-gcp01d.html
Ministerstvo zemědělství,https://eagri.cz/public/web/mze/farmar/elektronicka-vymena-dat/prehled-vystavenych-sluzeb/EPH_eph-gcp01e.html
Ministerstvo zemědělství,https://eagri.cz/public/web/mze/farmar/elektronicka-vymena-dat/prehled-vystavenych-sluzeb/EPH_eph-gcp01f.html
Ministerstvo zemědělství,https://eagri.cz/public/web/mze/farmar/elektronicka-vymena-dat/prehled-vystavenych-sluzeb/EPH_eph-gcp01g.html
Ministerstvo zemědělství,https://eagri.cz/public/web/mze/farmar/elektronicka-vymena-dat/prehled-vystavenych-sluzeb/EPH_eph-gso01b.html
Ministerstvo zemědělství,https://eagri.cz/public/web/mze/farmar/elektronicka-vymena-dat/prehled-vystavenych-sluzeb/EZP_szr-ezp03b.html
Ministerstvo zemědělství,https://eagri.cz/public/web/mze/farmar/elektronicka-vymena-dat/prehled-vystavenych-sluzeb/IZR_izr-ckd01a.html
Ministerstvo zemědělství,https://eagri.cz/public/web/mze/farmar/elektronicka-vymena-dat/prehled-vystavenych-sluzeb/IZR_izr-gcz01a.html
Ministerstvo zemědělství,https://eagri.cz/public/web/mze/farmar/elektronicka-vymena-dat/prehled-vystavenych-sluzeb/IZR_izr-pro01a.html
Ministerstvo zemědělství,https://eagri.cz/public/web/mze/farmar/elektronicka-vymena-dat/prehled-vystavenych-sluzeb/IZR_izr-pro01b.html
Ministerstvo zemědělství,https://eagri.cz/public/web/mze/farmar/elektronicka-vymena-dat/prehled-vystavenych-sluzeb/LPIS_lpi-gdp01a.html
Ministerstvo zemědělství,https://eagri.cz/public/web/mze/farmar/elektronicka-vymena-dat/prehled-vystavenych-sluzeb/LPIS_lpi-gdp01b.html
Ministerstvo zemědělství,https://eagri.cz/public/web/mze/farmar/elektronicka-vymena-dat/prehled-vystavenych-sluzeb/LPIS_lpi-gns01a.html
Ministerstvo zemědělství,https://eagri.cz/public/web/mze/farmar/elektronicka-vymena-dat/prehled-vystavenych-sluzeb/LPIS_lpi-gpl01c.html
Ministerstvo zemědělství,https://eagri.cz/public/web/mze/farmar/elektronicka-vymena-dat/prehled-vystavenych-sluzeb/LPIS_lpi-gpl01d.html
Ministerstvo zemědělství,https://eagri.cz/public/web/mze/farmar/elektronicka-vymena-dat/prehled-vystavenych-sluzeb/LPIS_lpi-gpl02a.html
Ministerstvo zemědělství,https://eagri.cz/public/web/mze/farmar/elektronicka-vymena-dat/prehled-vystavenych-sluzeb/OOS_eaa-gms01a.html
Ministerstvo zemědělství,https://eagri.cz/public/web/mze/farmar/elektronicka-vymena-dat/prehled-vystavenych-sluzeb/OOS_oos-cis01b.html
Ministerstvo zemědělství,https://eagri.cz/public/web/mze/farmar/elektronicka-vymena-dat/prehled-vystavenych-sluzeb/OOS_oos-cis01c.html
Ministerstvo zemědělství,https://eagri.cz/public/web/mze/farmar/elektronicka-vymena-dat/prehled-vystavenych-sluzeb/RCH_rch-gcc01a.html
Ministerstvo zemědělství,https://eagri.cz/public/web/mze/farmar/elektronicka-vymena-dat/prehled-vystavenych-sluzeb/RDM_rdm-cis01a.html
Ministerstvo zemědělství,https://eagri.cz/public/web/mze/farmar/elektronicka-vymena-dat/prehled-vystavenych-sluzeb/RDM_rdm-crp01a.html
Ministerstvo zemědělství,https://eagri.cz/public/web/mze/farmar/elektronicka-vymena-dat/prehled-vystavenych-sluzeb/RDM_rdm-crp01b.html
Ministerstvo zemědělství,https://eagri.cz/public/web/mze/farmar/elektronicka-vymena-dat/prehled-vystavenych-sluzeb/RDM_rdm-pub01a.html
Ministerstvo zemědělství,https://eagri.cz/public/web/mze/farmar/elektronicka-vymena-dat/prehled-vystavenych-sluzeb/RDM_rdm-pub01b.html
Ministerstvo zemědělství,https://eagri.cz/public/web/mze/farmar/elektronicka-vymena-dat/prehled-vystavenych-sluzeb/RDM_rdm-pub01c.html
Ministerstvo zemědělství,https://eagri.cz/public/web/mze/farmar/elektronicka-vymena-dat/prehled-vystavenych-sluzeb/RHN_rhn-ghn01c.html
Ministerstvo zemědělství,https://eagri.cz/public/web/mze/farmar/elektronicka-vymena-dat/prehled-vystavenych-sluzeb/RHN_rhn-ghn01d.html
Ministerstvo zemědělství,https://eagri.cz/public/web/mze/farmar/elektronicka-vymena-dat/prehled-vystavenych-sluzeb/RVI_rvi-gcv01a.html
Ministerstvo zemědělství,https://eagri.cz/public/web/mze/farmar/elektronicka-vymena-dat/prehled-vystavenych-sluzeb/RVI_rvi-gcv01b.html
Ministerstvo zemědělství,https://eagri.cz/public/web/mze/farmar/elektronicka-vymena-dat/prehled-vystavenych-sluzeb/SZR_sdb-opa01a.html
Ministerstvo zemědělství,https://eagri.cz/public/web/mze/farmar/elektronicka-vymena-dat/prehled-vystavenych-sluzeb/SZR_szr-cis01a.html
Ministerstvo zemědělství,https://eagri.cz/public/web/mze/farmar/elektronicka-vymena-dat/prehled-vystavenych-sluzeb/UKZUZ_eaa-rdp01a.html
Ministerstvo zemědělství,https://eagri.cz/public/web/mze/farmar/elektronicka-vymena-dat/prehled-vystavenych-sluzeb/UKZUZ_rvi-nou01b.html
Ministerstvo zemědělství,https://eagri.cz/public/web/mze/farmar/elektronicka-vymena-dat/prehled-vystavenych-sluzeb/UKZUZ_srs-tso01a.html
Ministerstvo zemědělství,https://eagri.cz/public/web/mze/farmar/elektronicka-vymena-dat/prehled-vystavenych-sluzeb/VUZT_epo-rhn01a.html
Ministerstvo zemědělství,https://voda.gov.cz/portal/cz/
"Ministerstvo školství, mládeže a tělovýchovy",https://rejstriky.msmt.cz/opendata/metadata/PopisVetyRSPO.txt
"Ministerstvo školství, mládeže a tělovýchovy",https://rejstriky.msmt.cz/opendata/metadata/PopisVetyVrejskol.txt
Moravskoslezský kraj,http://www.msk.cz/cz/verejna_sprava/datova-sada:-uredni-deska-71989/
Moravskoslezský kraj,http://www.msk.cz/cz/verejna_sprava/rozpocet-41275/
Moravskoslezský kraj,https://geoportal.msk.cz/Public/OpenData/Parking/Parking_KU_MSK_popis_dat.html
Město Bohumín,https://www.mesto-bohumin.cz/cz/radnice/otevrena-data/dokumentace-datovych-sad/19217-dokumentace-datove-sady-ztraty-a-nalezy.html
Město Bohumín,https://www.mesto-bohumin.cz/cz/radnice/otevrena-data/dokumentace-datovych-sad/19922-dokumentace-datove-sady-meteostanice.html
Město Bohumín,https://www.mesto-bohumin.cz/cz/radnice/otevrena-data/dokumentace-datovych-sad/20070-dokumentace-datove-sady-hlaseni-zavad-pocet-nahlasenych-zavad-dle-kategorii.html
Nejvyšší kontrolní úřad,http://data.nku.cz/download/vystupy-z-kontrol/ka-15-10/verejne-zakazky-dle-kontrolni-akce-NKU-15-10-dokumentace.xlsx
Statutární město Brno,https://data.brno.cz/datasets/025c710d8ac14efcb256183e2d7f880f_0
Statutární město Brno,https://data.brno.cz/datasets/03175d1d7bb44a54abd54f15624a86ec_0
Statutární město Brno,https://data.brno.cz/datasets/0614c739e2f5445d905c723c122f4a55_0
Statutární město Brno,https://data.brno.cz/datasets/241aef04d63a4b0db0446c4762722494_0
Statutární město Brno,https://data.brno.cz/datasets/3cf4b8ed1a6245d9925ab9c51f2c8f4b_0
Statutární město Brno,https://data.brno.cz/datasets/3de6c434ce054e189b35c28b593e49ee_0
Statutární město Brno,https://data.brno.cz/datasets/46cddb79dde54338a3aaa56b6c4287f1_0
Statutární město Brno,https://data.brno.cz/datasets/5276ddd6c5944d54b7f872e6a780c7af_0
Statutární město Brno,https://data.brno.cz/datasets/560b6b664c534a34b60aa102c0f99d94_0
Statutární město Brno,https://data.brno.cz/datasets/57f8e1b0d37d405db4ab50931002e675_0
Statutární město Brno,https://data.brno.cz/datasets/697fc58c78804a45bcd9e41c5ff64f6a
Statutární město Brno,https://data.brno.cz/datasets/6bd9d5ac575841dd930c605d9efa03d9_0
Statutární město Brno,https://data.brno.cz/datasets/72edc1a2453d4eb89a483bbec5a6e312_0
Statutární město Brno,https://data.brno.cz/datasets/76f5186e63df44c59f95e133e60040f0_0
Statutární město Brno,https://data.brno.cz/datasets/7de26c76b6d64ab189702caa36c64da2_0
Statutární město Brno,https://data.brno.cz/datasets/84f1976cf6fc440ba1b70744be3864bc_0
Statutární město Brno,https://data.brno.cz/datasets/89b6b53ce1c64bce83ca3c5afa83de28_0
Statutární město Brno,https://data.brno.cz/datasets/9953225be6124b3784ee25a25ec2b0ed_0
Statutární město Brno,https://data.brno.cz/datasets/9b1961b9e0624661bcbe33e9489d3466_0
Statutární město Brno,https://data.brno.cz/datasets/9bd1e979d32d479d8e8fa2368599495c_8
Statutární město Brno,https://data.brno.cz/datasets/acadc10f973e4c62b07e1d78fb1b8d3f_0
Statutární město Brno,https://data.brno.cz/datasets/b1f08fc3c64a404e86aa360e100e7396_0
Statutární město Brno,https://data.brno.cz/datasets/b8dfa4c2e7bc4ca6981764be30ab778f_0
Statutární město Brno,https://data.brno.cz/datasets/bec389de77f64d30888e8714d156a2bf
Statutární město Brno,https://data.brno.cz/datasets/c344c61aed164ba08164cd19eca53c50_0
Statutární město Brno,https://data.brno.cz/datasets/c4e86ed6f92f440aa7335b44fdd7137f_0
Statutární město Brno,https://data.brno.cz/datasets/c6c612ed43324d73844bd8718bfa3fc6_0
Statutární město Brno,https://data.brno.cz/datasets/e7f5a2b70b794f83a8b7b2523f240ac6_0
Statutární město Brno,https://data.brno.cz/datasets/ea17b8dbe813467abe47f3c132f3c96f_0
Statutární město Brno,https://data.brno.cz/datasets/ed018a4c79184c419468fa9f6a7c6f81_0
Statutární město Brno,https://data.brno.cz/datasets/ef0f3f3baac2407c90c2e7f34ad4b654_0
Statutární město Brno,https://data.brno.cz/datasets/f31a18a733da41559806828d7c5a8b80_0
Statutární město Brno,https://data.brno.cz/datasets/f509857bf983432192c6a59e4ab45b7b_0
Statutární město Brno,https://data.brno.cz/datasets/fc840f24be6a4b3f9237a40c0063e009_0
Statutární město Brno,https://data.brno.cz/datasets/ff2c41a1933d4935a507c2b7a6a046ec_0
Statutární město Brno,https://developers.google.com/transit/gtfs/reference#stopstxt
Statutární město Brno,https://developers.google.com/transit/gtfs/reference/
Statutární město Brno,https://gis.brno.cz/esri/apps/experiencebuilder/experience/?id=8dbb7738c71f419cb53b292f90e35079
Statutární město Brno,https://github.com/opendatabrno/HlasovaniZastupitelstvaBrno/blob/main/README.md
Statutární město Brno,https://mmbonline-my.sharepoint.com/:w:/g/personal/kominek_jiri_brno_cz/EW_2EsFBJR5NrvapMV8xf1wBPBKZjM_ofBAcnBxjz712jA?e=Fn09oy&wdLOR=c7D83C8BC-D1E2-4A65-98DA-B9B78542BA5D
Statutární město Brno,https://mmbonline-my.sharepoint.com/:x:/g/personal/kominek_jiri_brno_cz/ERyihjIKj4JHl3ascNfuSdsBTJ8c0N8ZdDmAT8coBL9gTQ
Statutární město Brno,https://mmbonline-my.sharepoint.com/:x:/g/personal/kominek_jiri_brno_cz/EXrVel_jaI5ChDM3btqa9ikBYsdN5RWtm9ndLOBb5JO6zg
Statutární město Brno,https://mmbonline.sharepoint.com/:b:/s/public/OMI/gis/EfuA84cX0hlBuICNByABXksBLk8AA9wLfne-KOMah7ei7w?e=Wz4Dw1
Statutární město Brno,https://mmbonline.sharepoint.com/:w:/s/public/odae/EX4xO3W4a_VCls79syNk67MBG1Wj_F0adbh8QRjtYTUP6g?e=4VUx0M
Statutární město Brno,https://mmbonline.sharepoint.com/:x:/s/public/OMI/gis/EQ0tfKqo35NKq5w0svldrqAB8KkU7-mzgGOyPkj-rZrJAw?e=aeoFKl
Statutární město Brno,https://mmbonline.sharepoint.com/:x:/s/public/OMI/gis/EQNBkhBOqk5CmGzdlh3MbWIB26AaETrb0GLbvWkO2yKOTQ?e=C3qxyj
Statutární město Brno,https://mmbonline.sharepoint.com/:x:/s/public/OMI/gis/EQY91sWx2BNClcKOHN6BZ94B-vj5kRF1ATisN7E_KfvqPA?e=MrhgoP
Statutární město Brno,https://mmbonline.sharepoint.com/:x:/s/public/OMI/gis/EQf-TRaWVZVIselQ9TjcURYB0fm1MNm0D1-NimW-Lw29RA?e=FPknvH
Statutární město Brno,https://mmbonline.sharepoint.com/:x:/s/public/OMI/gis/EQmNcHhqoddDtnAs5xCjJD8BfC0oQ3ivsB9LfRWNqa2-sQ?e=U0KkwF
Statutární město Brno,https://mmbonline.sharepoint.com/:x:/s/public/OMI/gis/ERtndFPLyt5LmzC_Z_q3gKsBeQpiHk3MtUVotSWXeK26Lg?e=0zFCVP
Statutární město Brno,https://mmbonline.sharepoint.com/:x:/s/public/OMI/gis/ESSNf_YdsBZCvl7YNq_vGAkBIziHjDjNhXSjPEXAbycUpQ?e=HblT5J
Statutární město Brno,https://mmbonline.sharepoint.com/:x:/s/public/OMI/gis/ESV9n4M4kkdIj0DprUNB2XEBS1GUJCMsHM1qL6NHsdZV-A?e=cKlR6E
Statutární město Brno,https://mmbonline.sharepoint.com/:x:/s/public/OMI/gis/ESbLvGfMC-VFoKO9ckap7pYB_2SmyxDgYLnpN2wxrM66Dg?e=xtc13B
Statutární město Brno,https://mmbonline.sharepoint.com/:x:/s/public/OMI/gis/ETUPd72rl3ZJnaBvrhbYQigB_6Z0UlopfSYLOKgbzeLDow?e=Jqt0Ps
Statutární město Brno,https://mmbonline.sharepoint.com/:x:/s/public/OMI/gis/ETYNFSsPJmxLjGOR-4eQpM0BrV6CUMvSzS_apKmfnJQ0ng?e=LJQ6sU
Statutární město Brno,https://mmbonline.sharepoint.com/:x:/s/public/OMI/gis/ETe1I89yq3ZJhb8KjV9UzDABQxwtMYSIiX_TYThhHucQng?e=rbu8jX
Statutární město Brno,https://mmbonline.sharepoint.com/:x:/s/public/OMI/gis/EUhS5j1XnQ9GrCEREvqh3IUBZAnZb-H86_HqrYaviwOWBg?e=V6GhtD
Statutární město Brno,https://mmbonline.sharepoint.com/:x:/s/public/OMI/gis/EUx6CTJx4nRAnGZaGpRX4xYBenKwSsKtDuX5Ap-NbqH1rQ?e=SsNvFD
Statutární město Brno,https://mmbonline.sharepoint.com/:x:/s/public/OMI/gis/EVehexOQLaVDpHXgsHJIyr4BDgYjv0mtaWLVBthLSJJywQ?e=belGTb
Statutární město Brno,https://mmbonline.sharepoint.com/:x:/s/public/OMI/gis/EVfuuk0UU1BGkpYAvcFQl58BxRThgi_v9kn5DNGWgn0UXA?e=zmOWHg
Statutární město Brno,https://mmbonline.sharepoint.com/:x:/s/public/OMI/gis/EWTw36tqVeNLoWIGTEd1SX4B1n4V8nBsTtEWg6e8CaDyoQ?e=igH1Ew
Statutární město Brno,https://mmbonline.sharepoint.com/:x:/s/public/OMI/gis/EWYY2tsDiwtKkQevOiiCieUBmprxJmKsHV_0GHwv3E1Tgg?e=IimMdo
Statutární město Brno,https://mmbonline.sharepoint.com/:x:/s/public/OMI/gis/EWag6RomuUdMn9jzAsfVvc4BA4tH8TE-2DYv3mIqAJv7XA?e=VJiOFs
Statutární město Brno,https://mmbonline.sharepoint.com/:x:/s/public/OMI/gis/EWlB-1_OXDBBl7Xkn5ZmEAUBai9F2hAW9tM2wBH0i6jNGw?e=8DYe7G
Statutární město Brno,https://mmbonline.sharepoint.com/:x:/s/public/OMI/gis/EWnFixr3LSFCuTiJXQnS-aMB1xwPRBcwx7-6iwma05qS6Q?e=cP8QbD
Statutární město Brno,https://mmbonline.sharepoint.com/:x:/s/public/OMI/gis/EXQZH_F9RZZGinQffbZocKoB93BAFXJj9x6Xgg3C_LcS_w?e=931O9u
Statutární město Brno,https://mmbonline.sharepoint.com/:x:/s/public/OMI/gis/EY0cw2JS6ohHmgARWGS7NsQBY45wE6mXND2hN3jrQ6Y7Sw?e=5sR5Hl
Statutární město Brno,https://mmbonline.sharepoint.com/:x:/s/public/OMI/gis/EYhVQnEhvElDp8e84Ywy-5IBjLEZscEY_3ORlxKOQlDOng?e=lrCBGJ
Statutární město Brno,https://mmbonline.sharepoint.com/:x:/s/public/OMI/gis/EYhtk6dYFOpPiWLx0ZWD1e8BF8T0jL2jkjGoidAyQl0A3A?e=UXtjtA
Statutární město Brno,https://mmbonline.sharepoint.com/:x:/s/public/OMI/gis/EYs44ks3F6NDpmtfxv5X6WgB8kJu2GDo1Hw0NpsaM8dQOQ?e=kMqLMP
Statutární město Brno,https://mmbonline.sharepoint.com/:x:/s/public/OMI/gis/EZ6atHizZIFAkP3X8VDgAQsB7B-zllRkei4D3J50Tk_RHA?e=ySyZYn
Statutární město Brno,https://mmbonline.sharepoint.com/:x:/s/public/OMI/gis/EZLzRypX9blNtgZuctrP1f0Bkwga2GsjPVRCcgZ_4QMgIg?e=Gh3v8n
Statutární město Brno,https://mmbonline.sharepoint.com/:x:/s/public/OMI/gis/EZXx3YqdchxNpGcWXBJrYjwBH9u1Ge3_hUiyjJhNRuApaA?e=J5fluQ
Statutární město Brno,https://mmbonline.sharepoint.com/:x:/s/public/OMI/gis/Ea0ssCmR90xEky6qkzGImwgB3vE9zppVyVlYassyAWx8lw?e=HfTcPf
Statutární město Brno,https://mmbonline.sharepoint.com/:x:/s/public/OMI/gis/Eb7ft3HedwJCokg1fz9B9JYBBBXxEALbbwJg0UMUuXP5gQ?e=8rOiSC
Statutární město Brno,https://mmbonline.sharepoint.com/:x:/s/public/OMI/gis/EbXRGouOPAtJuEWGZvskn08BdE76G1Wu-6dTpdrc_pzvFA?e=mS1oHI
Statutární město Brno,https://mmbonline.sharepoint.com/:x:/s/public/OMI/gis/EbklgGRheONGsd36RLZSlt0Bxg7fVJW6mKPkLDvMRtyK2g?e=HaOSIH
Statutární město Brno,https://mmbonline.sharepoint.com/:x:/s/public/OMI/gis/Ebm3PxbNZnRDn7D2zYOQwPwBMqRvSrXNL7GHsSCPpWk3BA?e=ZrolKd
Statutární město Brno,https://mmbonline.sharepoint.com/:x:/s/public/OMI/gis/EbnGG71psXlIjIG3C55MK2MBRW-45IWGjl1JvxUIfDec8w?e=SkEFCq
Statutární město Brno,https://mmbonline.sharepoint.com/:x:/s/public/OMI/gis/EcFAHbazXNxDtOU1-BtiFmgBNGNDtZG6X4kyuk-cWZQH7Q?e=owOzpw
Statutární město Brno,https://mmbonline.sharepoint.com/:x:/s/public/OMI/gis/EcPiPTSWWW1MhOtDSHHlIkgBVszw2X01gjK_a0yWjda6Qg?e=X2vXza
Statutární město Brno,https://mmbonline.sharepoint.com/:x:/s/public/OMI/gis/Ed3THxHMHttHr_sndHUdiVABErQAwhkGozwskJ9sj_2y9A?e=NnYH48
Statutární město Brno,https://mmbonline.sharepoint.com/:x:/s/public/OMI/gis/EdcyUgYjUsFMjhFgiAjjBmoBrFVv8iluDhXtue3SnEh0dA?e=SshNdA
Statutární město Brno,https://mmbonline.sharepoint.com/:x:/s/public/OMI/gis/EeuKdbCsklBJtPBrvepg7s4BHg15qBdpQI22hwz0p_EZWQ?e=dSDE1f
Statutární město Brno,https://mmbonline.sharepoint.com/:x:/s/public/OMI/gis/Ef6onN6LaSNGuyvhsncDhL0BreGP2GCG0cG3yz1Tk-oSLw?e=YagSvM
Statutární město Brno,https://mmbonline.sharepoint.com/:x:/s/public/OMI/gis/EfXh2Bde6_NDkukuKNpl1IwBDvXfLAxFj0B960vpOTLXbQ?e=bzbTYz
Statutární město Brno,https://mmbonline.sharepoint.com/:x:/s/public/OMI/gis/EfkuBnXPwFNDm8cL8-b6OqQBjH5-XuxFvlAs590P8wzY0g?e=rVMGbJ
Statutární město Ostrava,http://mapy.ostrava.cz/opendata/data/Pdf/3Dmodel.pdf
Statutární město Ostrava,http://mapy.ostrava.cz/opendata/data/Pdf/adrbod.pdf
Statutární město Ostrava,http://mapy.ostrava.cz/opendata/data/Pdf/blokmapa.pdf
Statutární město Ostrava,http://mapy.ostrava.cz/opendata/data/Pdf/cenova_mapa_03.pdf
Statutární město Ostrava,http://mapy.ostrava.cz/opendata/data/Pdf/cenova_mapa_04.pdf
Statutární město Ostrava,http://mapy.ostrava.cz/opendata/data/Pdf/cenova_mapa_05.pdf
Statutární město Ostrava,http://mapy.ostrava.cz/opendata/data/Pdf/cenova_mapa_06.pdf
Statutární město Ostrava,http://mapy.ostrava.cz/opendata/data/Pdf/cenova_mapa_07.pdf
Statutární město Ostrava,http://mapy.ostrava.cz/opendata/data/Pdf/cenova_mapa_08.pdf
Statutární město Ostrava,http://mapy.ostrava.cz/opendata/data/Pdf/cenova_mapa_09.pdf
Statutární město Ostrava,http://mapy.ostrava.cz/opendata/data/Pdf/cenova_mapa_10.pdf
Statutární město Ostrava,http://mapy.ostrava.cz/opendata/data/Pdf/cenova_mapa_11.pdf
Statutární město Ostrava,http://mapy.ostrava.cz/opendata/data/Pdf/cenova_mapa_13.pdf
Statutární město Ostrava,http://mapy.ostrava.cz/opendata/data/Pdf/cenova_mapa_14.pdf
Statutární město Ostrava,http://mapy.ostrava.cz/opendata/data/Pdf/cenova_mapa_15.pdf
Statutární město Ostrava,http://mapy.ostrava.cz/opendata/data/Pdf/cenova_mapa_16.pdf
Statutární město Ostrava,http://mapy.ostrava.cz/opendata/data/Pdf/cenova_mapa_17.pdf
Statutární město Ostrava,http://mapy.ostrava.cz/opendata/data/Pdf/cyklo.pdf
Statutární město Ostrava,http://mapy.ostrava.cz/opendata/data/Pdf/cyklo_bod.pdf
Statutární město Ostrava,http://mapy.ostrava.cz/opendata/data/Pdf/gen100.pdf
Statutární město Ostrava,http://mapy.ostrava.cz/opendata/data/Pdf/gen50.pdf
Statutární město Ostrava,http://mapy.ostrava.cz/opendata/data/Pdf/katastry.pdf
Statutární město Ostrava,http://mapy.ostrava.cz/opendata/data/Pdf/klad1000.pdf
Statutární město Ostrava,http://mapy.ostrava.cz/opendata/data/Pdf/klad2000.pdf
Statutární město Ostrava,http://mapy.ostrava.cz/opendata/data/Pdf/klad5000.pdf
Statutární město Ostrava,http://mapy.ostrava.cz/opendata/data/Pdf/koleje_tram.pdf
Statutární město Ostrava,http://mapy.ostrava.cz/opendata/data/Pdf/koleje_tram_osy.pdf
Statutární město Ostrava,http://mapy.ostrava.cz/opendata/data/Pdf/koleje_vlak.pdf
Statutární město Ostrava,http://mapy.ostrava.cz/opendata/data/Pdf/kontejnery_na_separovany_odpad.pdf
Statutární město Ostrava,http://mapy.ostrava.cz/opendata/data/Pdf/koty.pdf
Statutární město Ostrava,http://mapy.ostrava.cz/opendata/data/Pdf/mestske_casti.pdf
Statutární město Ostrava,http://mapy.ostrava.cz/opendata/data/Pdf/neudrzovane_komunikace.pdf
Statutární město Ostrava,http://mapy.ostrava.cz/opendata/data/Pdf/obce.pdf
Statutární město Ostrava,http://mapy.ostrava.cz/opendata/data/Pdf/obvody.pdf
Statutární město Ostrava,http://mapy.ostrava.cz/opendata/data/Pdf/pam_stromy.pdf
Statutární město Ostrava,http://mapy.ostrava.cz/opendata/data/Pdf/skoly.pdf
Statutární město Ostrava,http://mapy.ostrava.cz/opendata/data/Pdf/ulice.pdf
Statutární město Ostrava,http://mapy.ostrava.cz/opendata/data/Pdf/verejna_prostranstvi.pdf
Statutární město Ostrava,http://mapy.ostrava.cz/opendata/data/Pdf/volne_pobihani_psu.pdf
Statutární město Ostrava,http://mapy.ostrava.cz/opendata/data/Pdf/vrst_2008.pdf
Statutární město Ostrava,http://mapy.ostrava.cz/opendata/data/Pdf/zakaz_konzumace_alkoholu.pdf
Statutární město Ostrava,http://mapy.ostrava.cz/opendata/data/Pdf/zastavky_MHD.pdf
Statutární město Ostrava,https://mapy.ostrava.cz/opendata/data/Pdf/Zakaz_reklam.pdf
Statutární město Ostrava,https://mapy.ostrava.cz/opendata/data/Pdf/cenova_mapa_18.pdf
Statutární město Ostrava,https://mapy.ostrava.cz/opendata/data/Pdf/cenova_mapa_19.pdf
Statutární město Ostrava,https://mapy.ostrava.cz/opendata/data/Pdf/cenova_mapa_20.pdf
Statutární město Ostrava,https://mapy.ostrava.cz/opendata/data/Pdf/cenova_mapa_21.pdf
Statutární město Ostrava,https://mapy.ostrava.cz/opendata/data/Pdf/parkovaci_zony.pdf
Statutární město Ostrava,https://mapy.ostrava.cz/opendata/data/Pdf/pocitova_mapa_2016.pdf
Statutární město Ostrava,https://mapy.ostrava.cz/opendata/data/Pdf/pocitova_mapa_horka_2017.pdf
Statutární město Ostrava,https://mapy.ostrava.cz/opendata/data/Pdf/sportoviste.pdf
Statutární město Ostrava,https://mapy.ostrava.cz/opendata/data/Pdf/stavba_roku.pdf
Státní ústav pro kontrolu léčiv,https://opendata.sukl.cz/?q=katalog/dodavky-lecivych-pripravku
Státní ústav pro kontrolu léčiv,https://opendata.sukl.cz/soubory/DLP_datove_rozhrani20201201.csv
Státní ústav pro kontrolu léčiv,https://opendata.sukl.cz/soubory/LEKARNY_datove_rozhrani20170913.csv
Úřad průmyslového vlastnictví,https://isdv.upv.cz/doc/opendata/doc/ds-dokumentace.html
Úřad průmyslového vlastnictví,https://isdv.upv.cz/doc/opendata/doc/tm-dokumentace.html
Úřad průmyslového vlastnictví,https://www.wipo.int/standards/en/xml_material/st36/
ČESKÁ NÁRODNÍ BANKA,https://www.cnb.cz/cs/dohled-financni-trh/seznamy/Otevrena-data/
ČESKÝ ROZHLAS,https://github.com/datastory/dpp-prepravni-pruzkumy/blob/master/README.md
ČESKÝ ROZHLAS,https://opendata.rozhlas.cz/docs/playlisty_wave.txt
ČESKÝ ROZHLAS,https://opendata.rozhlas.cz/docs/vysilani_program.txt
Česká obchodní inspekce,http://www.coi.cz/cz/spotrebitel/otevrena-data/telefonni-seznam/
Česká obchodní inspekce,http://www.coi.cz/cz/spotrebitel/otevrena-data/volna-pracovni-mista/
Česká správa sociálního zabezpečení,https://data.cssz.cz/documentation/ciselnik-datovych-typu
Česká správa sociálního zabezpečení,https://data.cssz.cz/documentation/ciselnik-druhu-akci-v-tiskopise-onz
Česká správa sociálního zabezpečení,https://data.cssz.cz/documentation/ciselnik-druhu-pracovnich-cinnosti
Česká správa sociálního zabezpečení,https://data.cssz.cz/documentation/ciselnik-druhu-zamestnani-pro-e-neschopenku
Česká správa sociálního zabezpečení,https://data.cssz.cz/documentation/ciselnik-duvodu-k-ukonceni-pracovni-neschopnosti
Česká správa sociálního zabezpečení,https://data.cssz.cz/documentation/ciselnik-okresu
Česká správa sociálního zabezpečení,https://data.cssz.cz/documentation/ciselnik-pohlavi
Česká správa sociálního zabezpečení,https://data.cssz.cz/documentation/ciselnik-specifikace-cizozemskeho-nositele-pojisteni
Česká správa sociálního zabezpečení,https://data.cssz.cz/documentation/ciselnik-zdravotnich-pojistoven
Česká správa sociálního zabezpečení,https://data.cssz.cz/documentation/doba-rizeni-o-namitkach
Česká správa sociálního zabezpečení,https://data.cssz.cz/documentation/duchodci-v-cr-krajich-okresech
Česká správa sociálního zabezpečení,https://data.cssz.cz/documentation/duchody-dle-veku
Česká správa sociálního zabezpečení,https://data.cssz.cz/documentation/invalidita
Česká správa sociálního zabezpečení,https://data.cssz.cz/documentation/kontroly-plneni-povinnosti-zamestnavatelu-v-oblasti-socialniho-zabezpeceni
Česká správa sociálního zabezpečení,https://data.cssz.cz/documentation/minimalni-vymerovaci-zaklad-osvc
Česká správa sociálního zabezpečení,https://data.cssz.cz/documentation/nejcastejsi-priciny-vzniku-invalidity
Česká správa sociálního zabezpečení,https://data.cssz.cz/documentation/nove-priznane-duchody-dle-osobniho-vymerovaciho-zakladu
Česká správa sociálního zabezpečení,https://data.cssz.cz/documentation/nove-priznane-duchody-dle-veku
Česká správa sociálního zabezpečení,https://data.cssz.cz/documentation/nove-priznane-duchody-dle-vyse-duchodu
Česká správa sociálního zabezpečení,https://data.cssz.cz/documentation/pocet-davek-nemocenskeho-pojisteni-s-exekucni-srazkou-ci-insolvenci-podle-kraju
Česká správa sociálního zabezpečení,https://data.cssz.cz/documentation/pocet-davek-nemocenskeho-pojisteni-s-exekucni-srazkou-ci-insolvenci-podle-okresu
Česká správa sociálního zabezpečení,https://data.cssz.cz/documentation/pocet-davek-nemocenskeho-pojisteni-s-exekucni-srazkou-ci-insolvenci-v-cr
Česká správa sociálního zabezpečení,https://data.cssz.cz/documentation/pocet-duchodcu-s-exekucni-srazkou-podle-kraju
Česká správa sociálního zabezpečení,https://data.cssz.cz/documentation/pocet-duchodcu-s-exekucni-srazkou-v-cr
Česká správa sociálního zabezpečení,https://data.cssz.cz/documentation/pocet-duchodcu-s-vyplatou-do-ciziny-dle-statu
Česká správa sociálního zabezpečení,https://data.cssz.cz/documentation/pocet-duchodu-s-vyplatou-do-ciziny-dle-statu
Česká správa sociálního zabezpečení,https://data.cssz.cz/documentation/pocet-muzu-a-zen-v-cssz
Česká správa sociálního zabezpečení,https://data.cssz.cz/documentation/pocet-namitek
Česká správa sociálního zabezpečení,https://data.cssz.cz/documentation/pocet-podanych-eldp
Česká správa sociálního zabezpečení,https://data.cssz.cz/documentation/pocet-predcasnych-starobnich-duchodu-a-vydaje-v-cr
Česká správa sociálního zabezpečení,https://data.cssz.cz/documentation/pocet-spravnich-exekuci
Česká správa sociálního zabezpečení,https://data.cssz.cz/documentation/pocet-sto-a-viceletych-duchodcu-podle-kraju
Česká správa sociálního zabezpečení,https://data.cssz.cz/documentation/pocet-sto-a-viceletych-duchodcu-v-cr
Česká správa sociálního zabezpečení,https://data.cssz.cz/documentation/pocet-vyplacenych-dnp-podle-kraju
Česká správa sociálního zabezpečení,https://data.cssz.cz/documentation/pocet-vyplacenych-dnp-podle-okresu
Česká správa sociálního zabezpečení,https://data.cssz.cz/documentation/pocet-vyplacenych-dnp-v-cr
Česká správa sociálního zabezpečení,https://data.cssz.cz/documentation/pocet-vyplacenych-invalidnich-duchodu-v-ceske-republice
Česká správa sociálního zabezpečení,https://data.cssz.cz/documentation/pocet-vyplat-duchodu-s-exekucni-srazkou
Česká správa sociálního zabezpečení,https://data.cssz.cz/documentation/pocet-vyplat-priplatku-a-prispevku-k-duchodum-dle-odskodnovacich-zakonu
Česká správa sociálního zabezpečení,https://data.cssz.cz/documentation/pocet-vyrizenych-ioldp
Česká správa sociálního zabezpečení,https://data.cssz.cz/documentation/pocet-vystavenych-potvrzeni-o-prislusnosti-k-ceskym-pravnim-predpisum
Česká správa sociálního zabezpečení,https://data.cssz.cz/documentation/pocty-prihlasenych-pohledavek-cssz-do-insolvencniho-rizeni
Česká správa sociálního zabezpečení,https://data.cssz.cz/documentation/pomocne-ciselniky
Česká správa sociálního zabezpečení,https://data.cssz.cz/documentation/posudky-provedene-lps
Česká správa sociálního zabezpečení,https://data.cssz.cz/documentation/prehled-o-celkovem-poctu-osvc-podle-kraju
Česká správa sociálního zabezpečení,https://data.cssz.cz/documentation/prehled-o-celkovem-poctu-osvc-podle-okresu
Česká správa sociálního zabezpečení,https://data.cssz.cz/documentation/prehled-o-celkovem-poctu-osvc-v-cr
Česká správa sociálního zabezpečení,https://data.cssz.cz/documentation/prehled-o-poctu-zamestnavatelu-pojistencu-a-pojistnych-vztahu-podle-kraju
Česká správa sociálního zabezpečení,https://data.cssz.cz/documentation/prehled-o-poctu-zamestnavatelu-pojistencu-a-pojistnych-vztahu-podle-okresu
Česká správa sociálního zabezpečení,https://data.cssz.cz/documentation/prehled-o-poctu-zamestnavatelu-pojistencu-a-pojistnych-vztahu-v-cr
Česká správa sociálního zabezpečení,https://data.cssz.cz/documentation/prijmy-a-vydaje-na-socialni-zabezpeceni
Česká správa sociálního zabezpečení,https://data.cssz.cz/documentation/prum-delka-pobirani-s-duchodu
Česká správa sociálního zabezpečení,https://data.cssz.cz/documentation/prum-vek-u-nove-priznanych-duchodu-dle-druhu
Česká správa sociálního zabezpečení,https://data.cssz.cz/documentation/prum-vyse-duchodu-u-nove-priznanych-duchodu-podle-druhu-duchodu
Česká správa sociálního zabezpečení,https://data.cssz.cz/documentation/prum-vyse-osobniho-vymerovaciho-zakladu-u-nove-priznanych-duchodu-podle-druhu-duchodu
Česká správa sociálního zabezpečení,https://data.cssz.cz/documentation/prumerny-plat-v-cssz
Česká správa sociálního zabezpečení,https://data.cssz.cz/documentation/rozhodovani-o-promijeni-penale
Česká správa sociálního zabezpečení,https://data.cssz.cz/documentation/rozlozeni-souboru-duchodcu-podle-vyse-duchodu-v-kvantilovem-vyjadreni
Česká správa sociálního zabezpečení,https://data.cssz.cz/documentation/sazby-pojisteni-v-cr
Česká správa sociálního zabezpečení,https://data.cssz.cz/documentation/statistika-zadosti-dle-zak-106-1999-sb
Česká správa sociálního zabezpečení,https://data.cssz.cz/documentation/systemizovana-mista-a-fluktuace-zamestnancu-cssz
Česká správa sociálního zabezpečení,https://data.cssz.cz/documentation/udaje-o-cinnosti-call-centra-pro-dp
Česká správa sociálního zabezpečení,https://data.cssz.cz/documentation/udaje-o-cinnosti-call-centra-pro-np
Česká správa sociálního zabezpečení,https://data.cssz.cz/documentation/udaje-o-plneni-podilu-osob-se-zdravotnim-postizenim
Česká správa sociálního zabezpečení,https://data.cssz.cz/documentation/ukazatel-pracovni-neschopnosti-podle-delky-trvani-dpn-a-kraju
Česká správa sociálního zabezpečení,https://data.cssz.cz/documentation/ukazatel-pracovni-neschopnosti-podle-delky-trvani-dpn-v-cr
Česká správa sociálního zabezpečení,https://data.cssz.cz/documentation/ukazatele-pracovni-neschopnosti
Česká správa sociálního zabezpečení,https://data.cssz.cz/documentation/ukazatele-pracovni-neschopnosti-podle-kraju
Česká správa sociálního zabezpečení,https://data.cssz.cz/documentation/ukazatele-pracovni-neschopnosti-podle-pohlavi-a-diagnozy
Česká správa sociálního zabezpečení,https://data.cssz.cz/documentation/ukazatele-pracovni-neschopnosti-podle-pohlavi-a-vekove-skupiny
Česká správa sociálního zabezpečení,https://data.cssz.cz/documentation/vydaje-na-duchody-v-cr
Česká správa sociálního zabezpečení,https://data.cssz.cz/documentation/vyplacene-duchody-dle-vyse
Česká správa sociálního zabezpečení,https://data.cssz.cz/documentation/zamestnanci-cssz-dle-veku
Česká správa sociálního zabezpečení,https://data.cssz.cz/documentation/zamestnanci-cssz-dle-vzdelani
Česká správa sociálního zabezpečení,https://data.cssz.cz/documentation/zanikle-duchody
Česká správa sociálního zabezpečení,https://data.cssz.cz/documentation/zmeny-mezi-stupni-invalidniho-duchodu
Česká správa sociálního zabezpečení,https://data.cssz.cz/documentation/zpusob-vyplat-duchodu-v-cr
Česká školní inspekce,https://www.csicr.cz/Csicr/media/Prilohy/Otev%c5%99en%c3%a1%20data/2019/Dokumentace-DS_Hospitacni-zaznam_MS_2017-2018.html
Česká školní inspekce,https://www.csicr.cz/Csicr/media/Prilohy/Otev%c5%99en%c3%a1%20data/2019/Dokumentace-DS_Hospitacni-zaznam_SS_2017-2018.html
Česká školní inspekce,https://www.csicr.cz/Csicr/media/Prilohy/Otev%c5%99en%c3%a1%20data/2019/Dokumentace-DS_Hospitacni-zaznam_ZS_2017-2018.html
Česká školní inspekce,https://www.csicr.cz/Csicr/media/Prilohy/Otev%c5%99en%c3%a1%20data/2019/Dokumentace-datove-sady_Dotaznik-RS_MS_2017-2018.html
Česká školní inspekce,https://www.csicr.cz/Csicr/media/Prilohy/Otev%c5%99en%c3%a1%20data/2019/Dokumentace-datove-sady_Dotaznik-RS_SS_2017-2018.html
Česká školní inspekce,https://www.csicr.cz/Csicr/media/Prilohy/Otev%c5%99en%c3%a1%20data/2019/Dokumentace-datove-sady_Dotaznik-RS_ZS_2017-2018.html
Česká školní inspekce,https://www.csicr.cz/Csicr/media/Prilohy/Otev%c5%99en%c3%a1%20data/2019/Dokumentace-datove-sady_Dotaznik_ucitel_MS_2017-2018.html
Česká školní inspekce,https://www.csicr.cz/Csicr/media/Prilohy/Otev%c5%99en%c3%a1%20data/2019/Dokumentace-datove-sady_Mezinarodni-setreni-PIRLS-2016.html
Česká školní inspekce,https://www.csicr.cz/Csicr/media/Prilohy/Otev%c5%99en%c3%a1%20data/2019/Dokumentace-datove-sady_dotaznik_ucitel_SS_2017-2018.html
Česká školní inspekce,https://www.csicr.cz/Csicr/media/Prilohy/Otev%c5%99en%c3%a1%20data/2019/Dokumentace-datove-sady_dotaznik_ucitel_ZS_2017-2018.html
Česká školní inspekce,https://www.csicr.cz/Csicr/media/Prilohy/Otev%c5%99en%c3%a1%20data/2019/Dokumentace_DS_Informace_o_skolach_ze_systemu_InspIS_PORTAL.html
Česká školní inspekce,https://www.csicr.cz/Csicr/media/Prilohy/Otev%c5%99en%c3%a1%20data/2020/Dokumentace-datove-sady_Dotaznik-RS_MS_2016-17.html
Česká školní inspekce,https://www.csicr.cz/Csicr/media/Prilohy/Otev%c5%99en%c3%a1%20data/2020/Dokumentace-datove-sady_Dotaznik-RS_SS_2016-2017.html
Česká školní inspekce,https://www.csicr.cz/Csicr/media/Prilohy/Otev%c5%99en%c3%a1%20data/2020/Dokumentace-datove-sady_Dotaznik-RS_ZS_2016-2017.html
Česká školní inspekce,https://www.csicr.cz/Csicr/media/Prilohy/Otev%c5%99en%c3%a1%20data/2020/Dokumentace-datove-sady_Dotaznik_ucitel_MS_2016-2017.html
Česká školní inspekce,https://www.csicr.cz/Csicr/media/Prilohy/Otev%c5%99en%c3%a1%20data/2020/Dokumentace-datove-sady_Dotaznik_ucitel_SS_2016-2017.html
Česká školní inspekce,https://www.csicr.cz/Csicr/media/Prilohy/Otev%c5%99en%c3%a1%20data/2020/Dokumentace-datove-sady_dotaznik_Ucitel_ZS_2016-2017.html
Česká školní inspekce,https://www.csicr.cz/Csicr/media/Prilohy/Otev%c5%99en%c3%a1%20data/2020/Dokumentace_datove_sady_Hospitacni_zaznam_MS_2016-2017.html
Česká školní inspekce,https://www.csicr.cz/Csicr/media/Prilohy/Otev%c5%99en%c3%a1%20data/2020/Dokumentace_datove_sady_Hospitacni_zaznam_SS_2016-2017.html
Česká školní inspekce,https://www.csicr.cz/Csicr/media/Prilohy/Otev%c5%99en%c3%a1%20data/2020/Dokumentace_datove_sady_Hospitacni_zaznam_ZS_2016-2017.html
Česká školní inspekce,https://www.csicr.cz/Csicr/media/Prilohy/Otev%c5%99en%c3%a1%20data/2021/Dokumentace-datove-sady_Dotaznik-RS_MS_2018-2019.html
Česká školní inspekce,https://www.csicr.cz/Csicr/media/Prilohy/Otev%c5%99en%c3%a1%20data/2021/Dokumentace-datove-sady_Dotaznik-RS_SS_2018-2019.html
Česká školní inspekce,https://www.csicr.cz/Csicr/media/Prilohy/Otev%c5%99en%c3%a1%20data/2021/Dokumentace-datove-sady_Dotaznik-RS_ZS_2018-2019.html
Česká školní inspekce,https://www.csicr.cz/Csicr/media/Prilohy/Otev%c5%99en%c3%a1%20data/2021/Dokumentace-datove-sady_Dotaznik_ucitel_MS_2018-2019.html
Česká školní inspekce,https://www.csicr.cz/Csicr/media/Prilohy/Otev%c5%99en%c3%a1%20data/2021/Dokumentace-datove-sady_Dotaznik_ucitel_SS_2018-2019.html
Česká školní inspekce,https://www.csicr.cz/Csicr/media/Prilohy/Otev%c5%99en%c3%a1%20data/2021/Dokumentace-datove-sady_Dotaznik_ucitel_ZS_2018-2019.html
Česká školní inspekce,https://www.csicr.cz/Csicr/media/Prilohy/Otev%c5%99en%c3%a1%20data/2021/Dokumentace-datove-sady_Hospitacni-zaznam_MS_2018-2019.html
Česká školní inspekce,https://www.csicr.cz/Csicr/media/Prilohy/Otev%c5%99en%c3%a1%20data/2021/Dokumentace-datove-sady_Hospitacni-zaznam_SS_2018-2019.html
Česká školní inspekce,https://www.csicr.cz/Csicr/media/Prilohy/Otev%c5%99en%c3%a1%20data/2021/Dokumentace-datove-sady_Hospitacni-zaznam_ZS_2018-2019.html
Česká školní inspekce,https://www.csicr.cz/cz/Otevreny-urad-QL/Otevreny-urad/Otevrena-data/Dokumentace-datove-sady-Inspekcni-zpravy
Český statistický úřad,http://localhost/base/
Český statistický úřad,https://apl.czso.cz/iSMS/cisdata.jsp?kodcis=100
Český statistický úřad,https://apl.czso.cz/iSMS/cisdata.jsp?kodcis=101
Český statistický úřad,https://apl.czso.cz/iSMS/cisdata.jsp?kodcis=105
Český statistický úřad,https://apl.czso.cz/iSMS/cisdata.jsp?kodcis=106
Český statistický úřad,https://apl.czso.cz/iSMS/cisdata.jsp?kodcis=107
Český statistický úřad,https://apl.czso.cz/iSMS/cisdata.jsp?kodcis=108
Český statistický úřad,https://apl.czso.cz/iSMS/cisdata.jsp?kodcis=109
Český statistický úřad,https://apl.czso.cz/iSMS/cisdata.jsp?kodcis=1183
Český statistický úřad,https://apl.czso.cz/iSMS/cisdata.jsp?kodcis=1186
Český statistický úřad,https://apl.czso.cz/iSMS/cisdata.jsp?kodcis=149
Český statistický úřad,https://apl.czso.cz/iSMS/cisdata.jsp?kodcis=2755
Český statistický úřad,https://apl.czso.cz/iSMS/cisdata.jsp?kodcis=42
Český statistický úřad,https://apl.czso.cz/iSMS/cisdata.jsp?kodcis=427
Český statistický úřad,https://apl.czso.cz/iSMS/cisdata.jsp?kodcis=428
Český statistický úřad,https://apl.czso.cz/iSMS/cisdata.jsp?kodcis=43
Český statistický úřad,https://apl.czso.cz/iSMS/cisdata.jsp?kodcis=44
Český statistický úřad,https://apl.czso.cz/iSMS/cisdata.jsp?kodcis=45
Český statistický úřad,https://apl.czso.cz/iSMS/cisdata.jsp?kodcis=46
Český statistický úřad,https://apl.czso.cz/iSMS/cisdata.jsp?kodcis=47
Český statistický úřad,https://apl.czso.cz/iSMS/cisdata.jsp?kodcis=49
Český statistický úřad,https://apl.czso.cz/iSMS/cisdata.jsp?kodcis=51
Český statistický úřad,https://apl.czso.cz/iSMS/cisdata.jsp?kodcis=5103
Český statistický úřad,https://apl.czso.cz/iSMS/cisdata.jsp?kodcis=5104
Český statistický úřad,https://apl.czso.cz/iSMS/cisdata.jsp?kodcis=5105
Český statistický úřad,https://apl.czso.cz/iSMS/cisdata.jsp?kodcis=5106
Český statistický úřad,https://apl.czso.cz/iSMS/cisdata.jsp?kodcis=5157
Český statistický úřad,https://apl.czso.cz/iSMS/cisdata.jsp?kodcis=5158
Český statistický úřad,https://apl.czso.cz/iSMS/cisdata.jsp?kodcis=5159
Český statistický úřad,https://apl.czso.cz/iSMS/cisdata.jsp?kodcis=5160
Český statistický úřad,https://apl.czso.cz/iSMS/cisdata.jsp?kodcis=5172
Český statistický úřad,https://apl.czso.cz/iSMS/cisdata.jsp?kodcis=5173
Český statistický úřad,https://apl.czso.cz/iSMS/cisdata.jsp?kodcis=5175
Český statistický úřad,https://apl.czso.cz/iSMS/cisdata.jsp?kodcis=5176
Český statistický úřad,https://apl.czso.cz/iSMS/cisdata.jsp?kodcis=52
Český statistický úřad,https://apl.czso.cz/iSMS/cisdata.jsp?kodcis=5581
Český statistický úřad,https://apl.czso.cz/iSMS/cisdata.jsp?kodcis=5582
Český statistický úřad,https://apl.czso.cz/iSMS/cisdata.jsp?kodcis=5621&typzobr=0&datpohl=31.12.2013
Český statistický úřad,https://apl.czso.cz/iSMS/cisdata.jsp?kodcis=5625
Český statistický úřad,https://apl.czso.cz/iSMS/cisdata.jsp?kodcis=5626
Český statistický úřad,https://apl.czso.cz/iSMS/cisdata.jsp?kodcis=5631
Český statistický úřad,https://apl.czso.cz/iSMS/cisdata.jsp?kodcis=5632
Český statistický úřad,https://apl.czso.cz/iSMS/cisdata.jsp?kodcis=5633
Český statistický úřad,https://apl.czso.cz/iSMS/cisdata.jsp?kodcis=5634
Český statistický úřad,https://apl.czso.cz/iSMS/cisdata.jsp?kodcis=5636
Český statistický úřad,https://apl.czso.cz/iSMS/cisdata.jsp?kodcis=5637
Český statistický úřad,https://apl.czso.cz/iSMS/cisdata.jsp?kodcis=5639
Český statistický úřad,https://apl.czso.cz/iSMS/cisdata.jsp?kodcis=5640
Český statistický úřad,https://apl.czso.cz/iSMS/cisdata.jsp?kodcis=5642
Český statistický úřad,https://apl.czso.cz/iSMS/cisdata.jsp?kodcis=5643
Český statistický úřad,https://apl.czso.cz/iSMS/cisdata.jsp?kodcis=5645
Český statistický úřad,https://apl.czso.cz/iSMS/cisdata.jsp?kodcis=5646
Český statistický úřad,https://apl.czso.cz/iSMS/cisdata.jsp?kodcis=5647
Český statistický úřad,https://apl.czso.cz/iSMS/cisdata.jsp?kodcis=5648
Český statistický úřad,https://apl.czso.cz/iSMS/cisdata.jsp?kodcis=5649
Český statistický úřad,https://apl.czso.cz/iSMS/cisdata.jsp?kodcis=5651
Český statistický úřad,https://apl.czso.cz/iSMS/cisdata.jsp?kodcis=5652
Český statistický úřad,https://apl.czso.cz/iSMS/cisdata.jsp?kodcis=5653
Český statistický úřad,https://apl.czso.cz/iSMS/cisdata.jsp?kodcis=5654
Český statistický úřad,https://apl.czso.cz/iSMS/cisdata.jsp?kodcis=5661
Český statistický úřad,https://apl.czso.cz/iSMS/cisdata.jsp?kodcis=5662
Český statistický úřad,https://apl.czso.cz/iSMS/cisdata.jsp?kodcis=5663
Český statistický úřad,https://apl.czso.cz/iSMS/cisdata.jsp?kodcis=5691
Český statistický úřad,https://apl.czso.cz/iSMS/cisdata.jsp?kodcis=5692
Český statistický úřad,https://apl.czso.cz/iSMS/cisdata.jsp?kodcis=5693
Český statistický úřad,https://apl.czso.cz/iSMS/cisdata.jsp?kodcis=5694
Český statistický úřad,https://apl.czso.cz/iSMS/cisdata.jsp?kodcis=5705
Český statistický úřad,https://apl.czso.cz/iSMS/cisdata.jsp?kodcis=5706
Český statistický úřad,https://apl.czso.cz/iSMS/cisdata.jsp?kodcis=5707
Český statistický úřad,https://apl.czso.cz/iSMS/cisdata.jsp?kodcis=5708
Český statistický úřad,https://apl.czso.cz/iSMS/cisdata.jsp?kodcis=5724
Český statistický úřad,https://apl.czso.cz/iSMS/cisdata.jsp?kodcis=5898
Český statistický úřad,https://apl.czso.cz/iSMS/cisdata.jsp?kodcis=60
Český statistický úřad,https://apl.czso.cz/iSMS/cisdata.jsp?kodcis=61
Český statistický úřad,https://apl.czso.cz/iSMS/cisdata.jsp?kodcis=63
Český statistický úřad,https://apl.czso.cz/iSMS/cisdata.jsp?kodcis=65
Český statistický úřad,https://apl.czso.cz/iSMS/cisdata.jsp?kodcis=66
Český statistický úřad,https://apl.czso.cz/iSMS/cisdata.jsp?kodcis=6645
Český statistický úřad,https://apl.czso.cz/iSMS/cisdata.jsp?kodcis=6646
Český statistický úřad,https://apl.czso.cz/iSMS/cisdata.jsp?kodcis=6647
Český statistický úřad,https://apl.czso.cz/iSMS/cisdata.jsp?kodcis=6648
Český statistický úřad,https://apl.czso.cz/iSMS/cisdata.jsp?kodcis=6649
Český statistický úřad,https://apl.czso.cz/iSMS/cisdata.jsp?kodcis=6650
Český statistický úřad,https://apl.czso.cz/iSMS/cisdata.jsp?kodcis=67
Český statistický úřad,https://apl.czso.cz/iSMS/cisdata.jsp?kodcis=69
Český statistický úřad,https://apl.czso.cz/iSMS/cisdata.jsp?kodcis=72
Český statistický úřad,https://apl.czso.cz/iSMS/cisdata.jsp?kodcis=78
Český statistický úřad,https://apl.czso.cz/iSMS/cisdata.jsp?kodcis=88
Český statistický úřad,https://apl.czso.cz/iSMS/cisdet.jsp?kodcis=199
Český statistický úřad,https://apl.czso.cz/iSMS/cisdet.jsp?kodcis=202
Český statistický úřad,https://apl.czso.cz/iSMS/cisdet.jsp?kodcis=203
Český statistický úřad,https://apl.czso.cz/iSMS/cisdet.jsp?kodcis=208
Český statistický úřad,https://apl.czso.cz/iSMS/cisdet.jsp?kodcis=209
Český statistický úřad,https://apl.czso.cz/iSMS/cisdet.jsp?kodcis=5120
Český statistický úřad,https://apl.czso.cz/iSMS/cisdet.jsp?kodcis=5121
Český statistický úřad,https://apl.czso.cz/iSMS/cisdet.jsp?kodcis=564
Český statistický úřad,https://apl.czso.cz/iSMS/cisdet.jsp?kodcis=572
Český statistický úřad,https://apl.czso.cz/iSMS/cisdet.jsp?kodcis=7604
Český statistický úřad,https://apl.czso.cz/iSMS/cisinfo.jsp?kodcis=100
Český statistický úřad,https://apl.czso.cz/iSMS/cisinfo.jsp?kodcis=101
Český statistický úřad,https://apl.czso.cz/iSMS/cisinfo.jsp?kodcis=102
Český statistický úřad,https://apl.czso.cz/iSMS/cisinfo.jsp?kodcis=1040
Český statistický úřad,https://apl.czso.cz/iSMS/cisinfo.jsp?kodcis=105
Český statistický úřad,https://apl.czso.cz/iSMS/cisinfo.jsp?kodcis=1051
Český statistický úřad,https://apl.czso.cz/iSMS/cisinfo.jsp?kodcis=106
Český statistický úřad,https://apl.czso.cz/iSMS/cisinfo.jsp?kodcis=107
Český statistický úřad,https://apl.czso.cz/iSMS/cisinfo.jsp?kodcis=108
Český statistický úřad,https://apl.czso.cz/iSMS/cisinfo.jsp?kodcis=109
Český statistický úřad,https://apl.czso.cz/iSMS/cisinfo.jsp?kodcis=118
Český statistický úřad,https://apl.czso.cz/iSMS/cisinfo.jsp?kodcis=1183
Český statistický úřad,https://apl.czso.cz/iSMS/cisinfo.jsp?kodcis=1186
Český statistický úřad,https://apl.czso.cz/iSMS/cisinfo.jsp?kodcis=1298
Český statistický úřad,https://apl.czso.cz/iSMS/cisinfo.jsp?kodcis=149
Český statistický úřad,https://apl.czso.cz/iSMS/cisinfo.jsp?kodcis=154
Český statistický úřad,https://apl.czso.cz/iSMS/cisinfo.jsp?kodcis=182
Český statistický úřad,https://apl.czso.cz/iSMS/cisinfo.jsp?kodcis=183
Český statistický úřad,https://apl.czso.cz/iSMS/cisinfo.jsp?kodcis=206
Český statistický úřad,https://apl.czso.cz/iSMS/cisinfo.jsp?kodcis=2207
Český statistický úřad,https://apl.czso.cz/iSMS/cisinfo.jsp?kodcis=221
Český statistický úřad,https://apl.czso.cz/iSMS/cisinfo.jsp?kodcis=232
Český statistický úřad,https://apl.czso.cz/iSMS/cisinfo.jsp?kodcis=2755
Český statistický úřad,https://apl.czso.cz/iSMS/cisinfo.jsp?kodcis=2910
Český statistický úřad,https://apl.czso.cz/iSMS/cisinfo.jsp?kodcis=342
Český statistický úřad,https://apl.czso.cz/iSMS/cisinfo.jsp?kodcis=344
Český statistický úřad,https://apl.czso.cz/iSMS/cisinfo.jsp?kodcis=345
Český statistický úřad,https://apl.czso.cz/iSMS/cisinfo.jsp?kodcis=42
Český statistický úřad,https://apl.czso.cz/iSMS/cisinfo.jsp?kodcis=427
Český statistický úřad,https://apl.czso.cz/iSMS/cisinfo.jsp?kodcis=428
Český statistický úřad,https://apl.czso.cz/iSMS/cisinfo.jsp?kodcis=43
Český statistický úřad,https://apl.czso.cz/iSMS/cisinfo.jsp?kodcis=44
Český statistický úřad,https://apl.czso.cz/iSMS/cisinfo.jsp?kodcis=45
Český statistický úřad,https://apl.czso.cz/iSMS/cisinfo.jsp?kodcis=46
Český statistický úřad,https://apl.czso.cz/iSMS/cisinfo.jsp?kodcis=47
Český statistický úřad,https://apl.czso.cz/iSMS/cisinfo.jsp?kodcis=49
Český statistický úřad,https://apl.czso.cz/iSMS/cisinfo.jsp?kodcis=51
Český statistický úřad,https://apl.czso.cz/iSMS/cisinfo.jsp?kodcis=5103
Český statistický úřad,https://apl.czso.cz/iSMS/cisinfo.jsp?kodcis=5104
Český statistický úřad,https://apl.czso.cz/iSMS/cisinfo.jsp?kodcis=5105
Český statistický úřad,https://apl.czso.cz/iSMS/cisinfo.jsp?kodcis=5106
Český statistický úřad,https://apl.czso.cz/iSMS/cisinfo.jsp?kodcis=5107
Český statistický úřad,https://apl.czso.cz/iSMS/cisinfo.jsp?kodcis=5157
Český statistický úřad,https://apl.czso.cz/iSMS/cisinfo.jsp?kodcis=5158
Český statistický úřad,https://apl.czso.cz/iSMS/cisinfo.jsp?kodcis=5159
Český statistický úřad,https://apl.czso.cz/iSMS/cisinfo.jsp?kodcis=5160
Český statistický úřad,https://apl.czso.cz/iSMS/cisinfo.jsp?kodcis=5161
Český statistický úřad,https://apl.czso.cz/iSMS/cisinfo.jsp?kodcis=5172
Český statistický úřad,https://apl.czso.cz/iSMS/cisinfo.jsp?kodcis=5173
Český statistický úřad,https://apl.czso.cz/iSMS/cisinfo.jsp?kodcis=5174
Český statistický úřad,https://apl.czso.cz/iSMS/cisinfo.jsp?kodcis=5175
Český statistický úřad,https://apl.czso.cz/iSMS/cisinfo.jsp?kodcis=5176
Český statistický úřad,https://apl.czso.cz/iSMS/cisinfo.jsp?kodcis=5177
Český statistický úřad,https://apl.czso.cz/iSMS/cisinfo.jsp?kodcis=52
Český statistický úřad,https://apl.czso.cz/iSMS/cisinfo.jsp?kodcis=53
Český statistický úřad,https://apl.czso.cz/iSMS/cisinfo.jsp?kodcis=5581
Český statistický úřad,https://apl.czso.cz/iSMS/cisinfo.jsp?kodcis=5582
Český statistický úřad,https://apl.czso.cz/iSMS/cisinfo.jsp?kodcis=5584
Český statistický úřad,https://apl.czso.cz/iSMS/cisinfo.jsp?kodcis=5585
Český statistický úřad,https://apl.czso.cz/iSMS/cisinfo.jsp?kodcis=56
Český statistický úřad,https://apl.czso.cz/iSMS/cisinfo.jsp?kodcis=5621
Český statistický úřad,https://apl.czso.cz/iSMS/cisinfo.jsp?kodcis=5622
Český statistický úřad,https://apl.czso.cz/iSMS/cisinfo.jsp?kodcis=5625
Český statistický úřad,https://apl.czso.cz/iSMS/cisinfo.jsp?kodcis=5626
Český statistický úřad,https://apl.czso.cz/iSMS/cisinfo.jsp?kodcis=5627
Český statistický úřad,https://apl.czso.cz/iSMS/cisinfo.jsp?kodcis=5631
Český statistický úřad,https://apl.czso.cz/iSMS/cisinfo.jsp?kodcis=5632
Český statistický úřad,https://apl.czso.cz/iSMS/cisinfo.jsp?kodcis=5633
Český statistický úřad,https://apl.czso.cz/iSMS/cisinfo.jsp?kodcis=5634
Český statistický úřad,https://apl.czso.cz/iSMS/cisinfo.jsp?kodcis=5635
Český statistický úřad,https://apl.czso.cz/iSMS/cisinfo.jsp?kodcis=5636
Český statistický úřad,https://apl.czso.cz/iSMS/cisinfo.jsp?kodcis=5637
Český statistický úřad,https://apl.czso.cz/iSMS/cisinfo.jsp?kodcis=5638
Český statistický úřad,https://apl.czso.cz/iSMS/cisinfo.jsp?kodcis=5639
Český statistický úřad,https://apl.czso.cz/iSMS/cisinfo.jsp?kodcis=5640
Český statistický úřad,https://apl.czso.cz/iSMS/cisinfo.jsp?kodcis=5641
Český statistický úřad,https://apl.czso.cz/iSMS/cisinfo.jsp?kodcis=5642
Český statistický úřad,https://apl.czso.cz/iSMS/cisinfo.jsp?kodcis=5643
Český statistický úřad,https://apl.czso.cz/iSMS/cisinfo.jsp?kodcis=5644
Český statistický úřad,https://apl.czso.cz/iSMS/cisinfo.jsp?kodcis=5645
Český statistický úřad,https://apl.czso.cz/iSMS/cisinfo.jsp?kodcis=5646
Český statistický úřad,https://apl.czso.cz/iSMS/cisinfo.jsp?kodcis=5647
Český statistický úřad,https://apl.czso.cz/iSMS/cisinfo.jsp?kodcis=5648
Český statistický úřad,https://apl.czso.cz/iSMS/cisinfo.jsp?kodcis=5649
Český statistický úřad,https://apl.czso.cz/iSMS/cisinfo.jsp?kodcis=5650
Český statistický úřad,https://apl.czso.cz/iSMS/cisinfo.jsp?kodcis=5651
Český statistický úřad,https://apl.czso.cz/iSMS/cisinfo.jsp?kodcis=5652
Český statistický úřad,https://apl.czso.cz/iSMS/cisinfo.jsp?kodcis=5653
Český statistický úřad,https://apl.czso.cz/iSMS/cisinfo.jsp?kodcis=5654
Český statistický úřad,https://apl.czso.cz/iSMS/cisinfo.jsp?kodcis=5661
Český statistický úřad,https://apl.czso.cz/iSMS/cisinfo.jsp?kodcis=5662
Český statistický úřad,https://apl.czso.cz/iSMS/cisinfo.jsp?kodcis=5663
Český statistický úřad,https://apl.czso.cz/iSMS/cisinfo.jsp?kodcis=5664
Český statistický úřad,https://apl.czso.cz/iSMS/cisinfo.jsp?kodcis=5691
Český statistický úřad,https://apl.czso.cz/iSMS/cisinfo.jsp?kodcis=5692
Český statistický úřad,https://apl.czso.cz/iSMS/cisinfo.jsp?kodcis=5693
Český statistický úřad,https://apl.czso.cz/iSMS/cisinfo.jsp?kodcis=5694
Český statistický úřad,https://apl.czso.cz/iSMS/cisinfo.jsp?kodcis=5695
Český statistický úřad,https://apl.czso.cz/iSMS/cisinfo.jsp?kodcis=5705
Český statistický úřad,https://apl.czso.cz/iSMS/cisinfo.jsp?kodcis=5706
Český statistický úřad,https://apl.czso.cz/iSMS/cisinfo.jsp?kodcis=5707
Český statistický úřad,https://apl.czso.cz/iSMS/cisinfo.jsp?kodcis=5708
Český statistický úřad,https://apl.czso.cz/iSMS/cisinfo.jsp?kodcis=5709
Český statistický úřad,https://apl.czso.cz/iSMS/cisinfo.jsp?kodcis=571
Český statistický úřad,https://apl.czso.cz/iSMS/cisinfo.jsp?kodcis=5724
Český statistický úřad,https://apl.czso.cz/iSMS/cisinfo.jsp?kodcis=5725
Český statistický úřad,https://apl.czso.cz/iSMS/cisinfo.jsp?kodcis=579
Český statistický úřad,https://apl.czso.cz/iSMS/cisinfo.jsp?kodcis=5898
Český statistický úřad,https://apl.czso.cz/iSMS/cisinfo.jsp?kodcis=60
Český statistický úřad,https://apl.czso.cz/iSMS/cisinfo.jsp?kodcis=61
Český statistický úřad,https://apl.czso.cz/iSMS/cisinfo.jsp?kodcis=63
Český statistický úřad,https://apl.czso.cz/iSMS/cisinfo.jsp?kodcis=65
Český statistický úřad,https://apl.czso.cz/iSMS/cisinfo.jsp?kodcis=66
Český statistický úřad,https://apl.czso.cz/iSMS/cisinfo.jsp?kodcis=6645
Český statistický úřad,https://apl.czso.cz/iSMS/cisinfo.jsp?kodcis=6646
Český statistický úřad,https://apl.czso.cz/iSMS/cisinfo.jsp?kodcis=6647
Český statistický úřad,https://apl.czso.cz/iSMS/cisinfo.jsp?kodcis=6648
Český statistický úřad,https://apl.czso.cz/iSMS/cisinfo.jsp?kodcis=6649
Český statistický úřad,https://apl.czso.cz/iSMS/cisinfo.jsp?kodcis=6650
Český statistický úřad,https://apl.czso.cz/iSMS/cisinfo.jsp?kodcis=67
Český statistický úřad,https://apl.czso.cz/iSMS/cisinfo.jsp?kodcis=69
Český statistický úřad,https://apl.czso.cz/iSMS/cisinfo.jsp?kodcis=72
Český statistický úřad,https://apl.czso.cz/iSMS/cisinfo.jsp?kodcis=73
Český statistický úřad,https://apl.czso.cz/iSMS/cisinfo.jsp?kodcis=7605
Český statistický úřad,https://apl.czso.cz/iSMS/cisinfo.jsp?kodcis=7700
Český statistický úřad,https://apl.czso.cz/iSMS/cisinfo.jsp?kodcis=78
Český statistický úřad,https://apl.czso.cz/iSMS/cisinfo.jsp?kodcis=86
Český statistický úřad,https://apl.czso.cz/iSMS/cisinfo.jsp?kodcis=87
Český statistický úřad,https://apl.czso.cz/iSMS/cisinfo.jsp?kodcis=88
Český statistický úřad,https://apl.czso.cz/iSMS/klasdet.jsp?kodcis=80004
Český statistický úřad,https://vdb.czso.cz/huz/apl.jsp
Český statistický úřad,https://volby.cz/opendata/kz2016/KZ2016_XML.pdf
Český statistický úřad,https://volby.cz/opendata/kz2016/KZ2016_datovaveta.pdf
Český statistický úřad,https://volby.cz/opendata/kz2016/KZ2016ciselnikyPopis.pdf
Český statistický úřad,https://volby.cz/opendata/kz2016/KZ2016regPopis.pdf
Český statistický úřad,https://volby.cz/opendata/kz2020/KZ2020_XML.pdf
Český statistický úřad,https://volby.cz/opendata/kz2020/KZ2020_datovaveta.pdf
Český statistický úřad,https://volby.cz/opendata/kz2020/KZ2020ciselnikyPopis.pdf
Český statistický úřad,https://volby.cz/opendata/kz2020/KZ2020regPopis.pdf
Český statistický úřad,https://volby.cz/opendata/prez2018/PREZ2018_datovaveta.htm
Český statistický úřad,https://volby.cz/opendata/ps2017/PS2017_XML.htm
Český statistický úřad,https://volby.cz/opendata/ps2017/PS2017_datovaveta.htm
Český statistický úřad,https://volby.cz/opendata/ps2017/PS2017ciselnikyPopis.htm
Český statistický úřad,https://volby.cz/opendata/ps2017/PS2017regPopis.htm
Český statistický úřad,https://volby.cz/opendata/ps2021/PS2021_datovaveta.htm
Český statistický úřad,https://volby.cz/opendata/ps2021/PS2021ciselnikyPopis.htm
Český statistický úřad,https://www.volby.cz/opendata/ep2019/EP2019_datovaveta.htm
Český statistický úřad,https://www.volby.cz/opendata/ep2019/EP2019ciselnikyPopis.htm
Český statistický úřad,https://www.volby.cz/opendata/prez2018/PREZ2018ciselnikyPopis.htm
Český statistický úřad,https://www.volby.cz/opendata/ps2021/PS2021ciselnikyPopis.htm
Český statistický úřad,https://www.volby.cz/opendata/ps2021/PS2021regPopis.htm
Český statistický úřad,https://www.volby.cz/opendata/se2016/SENAT_XML.pdf
Český statistický úřad,https://www.volby.cz/opendata/se2016/SENAT_datovaveta.pdf
Český statistický úřad,https://www.volby.cz/opendata/se2017/SENAT_XML.pdf
Český statistický úřad,https://www.volby.cz/opendata/se2017/SENAT_datovaveta.pdf
Český statistický úřad,https://www.volby.cz/opendata/se2018/SENAT_XML.pdf
Český statistický úřad,https://www.volby.cz/opendata/se2018/SENAT_datovaveta.pdf
Český statistický úřad,https://www.volby.cz/opendata/se2018/SENATciselnikyPopis.pdf
Český statistický úřad,https://www.volby.cz/opendata/se2020/SENAT_XML.pdf
Český statistický úřad,https://www.volby.cz/opendata/se2020/SENAT_datovaveta.pdf
Český statistický úřad,https://www.volby.cz/opendata/se2020/SENATciselnikyPopis.pdf
