jméno_poskytovatele,procento_distribucí_neshodných,počet_distribucí_neshodných,počet_distribucí_se_souborem_celkem
Ministerstvo dopravy,100,61,61
Plzeňský kraj,100,8,8
Ministerstvo průmyslu a obchodu,100,7,7
Olomoucký kraj,100,3,3
Kraj Vysočina,100,2,2
Institut umění - Divadelní ústav,100,1,1
Česká školní inspekce,96,29,30
Nejvyšší kontrolní úřad,90,20,22
Město Bohumín,90,18,20
Statutární město Opava,87,34,39
Liberecký kraj,83,10,12
Statutární město Ostrava,75,357,472
Jihočeský kraj,66,4,6
HLAVNÍ MĚSTO PRAHA,64,1186,1853
Statutární město Olomouc,54,20,37
Moravskoslezský kraj,50,1,2
Statutární město Brno,44,375,851
Česká informační agentura životního prostředí,43,28,65
Ministerstvo obrany,38,7,18
Královéhradecký kraj,33,106,318
Český statistický úřad,31,342,1098
Statutární město Karviná,23,3,13
ČESKÝ ROZHLAS,22,2,9
Ministerstvo životního prostředí,9,27,291
Ministerstvo zemědělství,5,27,501
Statutární město Děčín,3,5,127
Ministerstvo financí,1,11,789
Ministerstvo vnitra,0,13,15925
Český úřad zeměměřický a katastrální,0,11,175986
Český telekomunikační úřad,0,1,240
Agentura ochrany přírody a krajiny České republiky,0,0,8
Jihomoravský kraj,0,0,10
Ministerstvo pro místní rozvoj,0,0,24
Ministerstvo práce a sociálních věcí,0,0,97
Ministerstvo zdravotnictví,0,0,263
"Ministerstvo školství, mládeže a tělovýchovy",0,0,15
Město Vrchlabí,0,0,2
Obec Huntířov,0,0,5
STATUTÁRNÍ MĚSTO LIBEREC,0,0,22
Statutární město Hradec Králové,0,0,25
Státní ústav pro kontrolu léčiv,0,0,16
Úřad průmyslového vlastnictví,0,0,1307
Úřad vlády České republiky,0,0,39
ČESKÁ NÁRODNÍ BANKA,0,0,7
Česká obchodní inspekce,0,0,19
Česká správa sociálního zabezpečení,0,0,154
