jméno_poskytovatele,downloadURL
Agentura ochrany přírody a krajiny České republiky,http://gis.nature.cz/arcgis/services/Biotopy/PrirBiotopHabitat/MapServer/WMSServer?request=GetCapabilities&service=WMS
Agentura ochrany přírody a krajiny České republiky,http://gis.nature.cz/arcgis/services/INSPIRE/InspireBioregions/MapServer/WMSServer?request=GetCapabilities&service=WMS
Agentura ochrany přírody a krajiny České republiky,http://gis.nature.cz/arcgis/services/UzemniOchrana/ChranUzemi/MapServer/WMSServer?request=GetCapabilities&service=WMS
Agentura ochrany přírody a krajiny České republiky,https://gis.nature.cz/arcgis/services/Biotopy/FormSkupinaPrirBiotop/MapServer/WmsServer?service=WMS&request=GetCapabilities
Agentura ochrany přírody a krajiny České republiky,https://gis.nature.cz/arcgis/services/Biotopy/PrirBiotopHabitat/MapServer/WMSServer?request=GetCapabilities&service=WMS
Agentura ochrany přírody a krajiny České republiky,https://gis.nature.cz/arcgis/services/Biotopy/PrirBiotopHabitat/MapServer/WmsServer?service=WMS&request=GetCapabilities
Agentura ochrany přírody a krajiny České republiky,https://gis.nature.cz/arcgis/services/INSPIRE/InspireBioregions/MapServer/WMSServer?request=GetCapabilities&service=WMS
Agentura ochrany přírody a krajiny České republiky,https://gis.nature.cz/arcgis/services/INSPIRE/InspireHabitatsBiotopes/MapServer/WmsServer?service=WMS&request=GetCapabilities
Agentura ochrany přírody a krajiny České republiky,https://gis.nature.cz/arcgis/services/INSPIRE/InspireProtectedSites/MapServer/WMSServer?request=GetCapabilities&service=WMS
Agentura ochrany přírody a krajiny České republiky,https://gis.nature.cz/arcgis/services/INSPIRE/InspireProtectedSites/MapServer/WmsServer?service=WMS&request=GetCapabilities
Agentura ochrany přírody a krajiny České republiky,https://gis.nature.cz/arcgis/services/INSPIRE/InspireSpeciesDistribution/MapServer/WmsServer?service=WMS&request=GetCapabilities
Agentura ochrany přírody a krajiny České republiky,https://gis.nature.cz/arcgis/services/KladyASite/SouradSit/MapServer/WMSServer?request=GetCapabilities&service=WMS
Agentura ochrany přírody a krajiny České republiky,https://gis.nature.cz/arcgis/services/PamatneStromy/PamStrom/MapServer/WmsServer?service=WMS&request=GetCapabilities
Agentura ochrany přírody a krajiny České republiky,https://gis.nature.cz/arcgis/services/UzemneAnalytickePodklady/UdajeOUzemi/MapServer/WmsServer?service=WMS&request=GetCapabilities
Agentura ochrany přírody a krajiny České republiky,https://gis.nature.cz/arcgis/services/UzemniOchrana/ChranUzemi/MapServer/WMSServer?request=GetCapabilities&service=WMS
Agentura ochrany přírody a krajiny České republiky,https://gis.nature.cz/arcgis/services/UzemniOchrana/ChranUzemi/MapServer/WmsServer?service=WMS&request=GetCapabilities
Agentura ochrany přírody a krajiny České republiky,https://gis.nature.cz/arcgis/services/UzemniOchrana/MezinarodOchrana/MapServer/WMSServer?request=GetCapabilities&service=WMS
Agentura ochrany přírody a krajiny České republiky,https://gis.nature.cz/arcgis/services/UzemniOchrana/MezinarodOchrana/MapServer/WmsServer?service=WMS&request=GetCapabilities
Agentura ochrany přírody a krajiny České republiky,https://gis.nature.cz/arcgis/services/UzemniOchrana/Natura2000/MapServer/WmsServer?service=WMS&request=GetCapabilities
Jihočeský kraj,https://gis.kraj-jihocesky.gov.cz/gis/services/zastavky/MapServer/WFSServer?request=GetCapabilities
Jihočeský kraj,https://gis.kraj-jihocesky.gov.cz/gis/services/zastavky/MapServer/WMSServer?request=GetCapabilities
Ministerstvo financí,https://opendata.mfcr.cz/pages/sparql
Česká informační agentura životního prostředí,https://geoportal.gov.cz/ArcGIS/services/CENIA/cenia_copernicus_land/mapserver/WMSServer?service=WMS&request=GetCapabilities
Česká informační agentura životního prostředí,https://geoportal.gov.cz/arcgis/services/CENIA/cenia_copernicus_land/MapServer/WmsServer?SERVICE=WMS&REQUEST=GetCapabilities
Česká informační agentura životního prostředí,https://geoportal.gov.cz/arcgis/services/CENIA/cenia_irz/MapServer/WmsServer?SERVICE=WMS&REQUEST=GetCapabilities
Česká informační agentura životního prostředí,https://geoportal.gov.cz/arcgis/services/CENIA/cenia_irz_WFS/MapServer/WFSServer/?SERVICE=WFS&REQUEST=GetCapabilities
Česká informační agentura životního prostředí,https://geoportal.gov.cz/arcgis/services/CENIA/cenia_pudni_vlhkost/MapServer/WMSServer?SERVICE=WMS&REQUEST=GetCapabilities
