jméno_poskytovatele,downloadURL
Agentura ochrany přírody a krajiny České republiky,http://gis.nature.cz/arcgis/services/Biotopy/PrirBiotopHabitat/MapServer/WMSServer?request=GetCapabilities&service=WMS
Agentura ochrany přírody a krajiny České republiky,http://gis.nature.cz/arcgis/services/INSPIRE/InspireBioregions/MapServer/WMSServer?request=GetCapabilities&service=WMS
Agentura ochrany přírody a krajiny České republiky,http://gis.nature.cz/arcgis/services/UzemniOchrana/ChranUzemi/MapServer/WFSServer?request=GetCapabilities&service=WFS
Agentura ochrany přírody a krajiny České republiky,http://gis.nature.cz/arcgis/services/UzemniOchrana/ChranUzemi/MapServer/WMSServer?request=GetCapabilities&service=WMS
Agentura ochrany přírody a krajiny České republiky,https://aopkcr.maps.arcgis.com/home/item.html?id=c38db59779714a78aec4c731152b0290
Agentura ochrany přírody a krajiny České republiky,https://gis.nature.cz/arcgis/services/Biotopy/FormSkupinaPrirBiotop/MapServer/WmsServer?service=WMS&request=GetCapabilities
Agentura ochrany přírody a krajiny České republiky,https://gis.nature.cz/arcgis/services/Biotopy/PrirBiotopHabitat/MapServer/WMSServer?request=GetCapabilities&service=WMS
Agentura ochrany přírody a krajiny České republiky,https://gis.nature.cz/arcgis/services/Biotopy/PrirBiotopHabitat/MapServer/WmsServer?service=WMS&request=GetCapabilities
Agentura ochrany přírody a krajiny České republiky,https://gis.nature.cz/arcgis/services/INSPIRE/InspireBioregions/MapServer/WMSServer?request=GetCapabilities&service=WMS
Agentura ochrany přírody a krajiny České republiky,https://gis.nature.cz/arcgis/services/INSPIRE/InspireHabitatsBiotopes/MapServer/WmsServer?service=WMS&request=GetCapabilities
Agentura ochrany přírody a krajiny České republiky,https://gis.nature.cz/arcgis/services/INSPIRE/InspireHabitatsBiotopesWFS/MapServer/WFSServer?request=GetCapabilities&service=WFS
Agentura ochrany přírody a krajiny České republiky,https://gis.nature.cz/arcgis/services/INSPIRE/InspireProtectedSites/MapServer/WMSServer?request=GetCapabilities&service=WMS
Agentura ochrany přírody a krajiny České republiky,https://gis.nature.cz/arcgis/services/INSPIRE/InspireProtectedSites/MapServer/WmsServer?service=WMS&request=GetCapabilities
Agentura ochrany přírody a krajiny České republiky,https://gis.nature.cz/arcgis/services/INSPIRE/InspireSpeciesDistribution/MapServer/WmsServer?service=WMS&request=GetCapabilities
Agentura ochrany přírody a krajiny České republiky,https://gis.nature.cz/arcgis/services/INSPIRE/InspireSpeciesDistributionWFS/MapServer/WFSServer?request=GetCapabilities&service=WFS
Agentura ochrany přírody a krajiny České republiky,https://gis.nature.cz/arcgis/services/KladyASite/SouradSit/MapServer/WMSServer?request=GetCapabilities&service=WMS
Agentura ochrany přírody a krajiny České republiky,https://gis.nature.cz/arcgis/services/PamatneStromy/PamStrom/MapServer/WFSServer?service=WFS&request=GetCapabilities
Agentura ochrany přírody a krajiny České republiky,https://gis.nature.cz/arcgis/services/PamatneStromy/PamStrom/MapServer/WmsServer?service=WMS&request=GetCapabilities
Agentura ochrany přírody a krajiny České republiky,https://gis.nature.cz/arcgis/services/UzemneAnalytickePodklady/UdajeOUzemi/MapServer/WFSServer?service=WFS&request=GetCapabilities
Agentura ochrany přírody a krajiny České republiky,https://gis.nature.cz/arcgis/services/UzemneAnalytickePodklady/UdajeOUzemi/MapServer/WmsServer?service=WMS&request=GetCapabilities
Agentura ochrany přírody a krajiny České republiky,https://gis.nature.cz/arcgis/services/UzemniOchrana/ChranUzemi/MapServer/WFSServer?request=GetCapabilities&service=WFS
Agentura ochrany přírody a krajiny České republiky,https://gis.nature.cz/arcgis/services/UzemniOchrana/ChranUzemi/MapServer/WFSServer?service=WFS&request=GetCapabilities
Agentura ochrany přírody a krajiny České republiky,https://gis.nature.cz/arcgis/services/UzemniOchrana/ChranUzemi/MapServer/WMSServer?request=GetCapabilities&service=WMS
Agentura ochrany přírody a krajiny České republiky,https://gis.nature.cz/arcgis/services/UzemniOchrana/ChranUzemi/MapServer/WmsServer?service=WMS&request=GetCapabilities
Agentura ochrany přírody a krajiny České republiky,https://gis.nature.cz/arcgis/services/UzemniOchrana/MezinarodOchrana/MapServer/WFSServer?service=WFS&request=GetCapabilities
Agentura ochrany přírody a krajiny České republiky,https://gis.nature.cz/arcgis/services/UzemniOchrana/MezinarodOchrana/MapServer/WMSServer?request=GetCapabilities&service=WMS
Agentura ochrany přírody a krajiny České republiky,https://gis.nature.cz/arcgis/services/UzemniOchrana/MezinarodOchrana/MapServer/WmsServer?service=WMS&request=GetCapabilities
Agentura ochrany přírody a krajiny České republiky,https://gis.nature.cz/arcgis/services/UzemniOchrana/Natura2000/MapServer/WFSServer?service=WFS&request=GetCapabilities
Agentura ochrany přírody a krajiny České republiky,https://gis.nature.cz/arcgis/services/UzemniOchrana/Natura2000/MapServer/WmsServer?service=WMS&request=GetCapabilities
Jihočeský kraj,https://gis.kraj-jihocesky.gov.cz/gis/services/zastavky/MapServer/WFSServer?request=GetCapabilities
Jihočeský kraj,https://gis.kraj-jihocesky.gov.cz/gis/services/zastavky/MapServer/WMSServer?request=GetCapabilities
Karlovarský kraj,https://geoportal.kr-karlovarsky.cz/arcgis/rest/services/DTM/UMPS/MapServer
Ministerstvo financí,https://monitor.statnipokladna.cz/datovy-katalog/open-data
Ministerstvo financí,https://monitor.statnipokladna.cz/datovy-katalog/webova-sluzba
Ministerstvo financí,https://opendata.mfcr.cz/pages/sparql
Ministerstvo financí,https://wwwinfo.mfcr.cz/ares/ares_xml.html.cz
Ministerstvo zemědělství,https://eagri.cz/ssl/nosso-app/EPO/WS/Online/vOKOsrv.aspx?SERVICEID=EAA_GMS01A
Ministerstvo zemědělství,https://eagri.cz/ssl/nosso-app/EPO/WS/Online/vOKOsrv.aspx?SERVICEID=EAA_RDP01A
Ministerstvo zemědělství,https://eagri.cz/ssl/nosso-app/EPO/WS/Online/vOKOsrv.aspx?SERVICEID=EPH_GCP01C
Ministerstvo zemědělství,https://eagri.cz/ssl/nosso-app/EPO/WS/Online/vOKOsrv.aspx?SERVICEID=EPH_GCP01D
Ministerstvo zemědělství,https://eagri.cz/ssl/nosso-app/EPO/WS/Online/vOKOsrv.aspx?SERVICEID=EPH_GCP01E
Ministerstvo zemědělství,https://eagri.cz/ssl/nosso-app/EPO/WS/Online/vOKOsrv.aspx?SERVICEID=EPH_GCP01F
Ministerstvo zemědělství,https://eagri.cz/ssl/nosso-app/EPO/WS/Online/vOKOsrv.aspx?SERVICEID=EPH_GCP01G
Ministerstvo zemědělství,https://eagri.cz/ssl/nosso-app/EPO/WS/Online/vOKOsrv.aspx?SERVICEID=EPH_GSO01B
Ministerstvo zemědělství,https://eagri.cz/ssl/nosso-app/EPO/WS/Online/vOKOsrv.aspx?SERVICEID=EPO_RHN01A
Ministerstvo zemědělství,https://eagri.cz/ssl/nosso-app/EPO/WS/Online/vOKOsrv.aspx?SERVICEID=IZR_CKD01A
Ministerstvo zemědělství,https://eagri.cz/ssl/nosso-app/EPO/WS/Online/vOKOsrv.aspx?SERVICEID=IZR_GCZ01A
Ministerstvo zemědělství,https://eagri.cz/ssl/nosso-app/EPO/WS/Online/vOKOsrv.aspx?SERVICEID=IZR_PRO01A
Ministerstvo zemědělství,https://eagri.cz/ssl/nosso-app/EPO/WS/Online/vOKOsrv.aspx?SERVICEID=IZR_PRO01B
Ministerstvo zemědělství,https://eagri.cz/ssl/nosso-app/EPO/WS/Online/vOKOsrv.aspx?SERVICEID=LPI_GCL01A
Ministerstvo zemědělství,https://eagri.cz/ssl/nosso-app/EPO/WS/Online/vOKOsrv.aspx?SERVICEID=LPI_GDP01A
Ministerstvo zemědělství,https://eagri.cz/ssl/nosso-app/EPO/WS/Online/vOKOsrv.aspx?SERVICEID=LPI_GDP01B
Ministerstvo zemědělství,https://eagri.cz/ssl/nosso-app/EPO/WS/Online/vOKOsrv.aspx?SERVICEID=LPI_GNS01A
Ministerstvo zemědělství,https://eagri.cz/ssl/nosso-app/EPO/WS/Online/vOKOsrv.aspx?SERVICEID=LPI_GPL01C
Ministerstvo zemědělství,https://eagri.cz/ssl/nosso-app/EPO/WS/Online/vOKOsrv.aspx?SERVICEID=LPI_GPL01D
Ministerstvo zemědělství,https://eagri.cz/ssl/nosso-app/EPO/WS/Online/vOKOsrv.aspx?SERVICEID=LPI_GPL02A
Ministerstvo zemědělství,https://eagri.cz/ssl/nosso-app/EPO/WS/Online/vOKOsrv.aspx?SERVICEID=OOS_CIS01B
Ministerstvo zemědělství,https://eagri.cz/ssl/nosso-app/EPO/WS/Online/vOKOsrv.aspx?SERVICEID=OOS_CIS01C
Ministerstvo zemědělství,https://eagri.cz/ssl/nosso-app/EPO/WS/Online/vOKOsrv.aspx?SERVICEID=RCH_GCC01A
Ministerstvo zemědělství,https://eagri.cz/ssl/nosso-app/EPO/WS/Online/vOKOsrv.aspx?SERVICEID=RDM_CIS01A
Ministerstvo zemědělství,https://eagri.cz/ssl/nosso-app/EPO/WS/Online/vOKOsrv.aspx?SERVICEID=RDM_CRP01A
Ministerstvo zemědělství,https://eagri.cz/ssl/nosso-app/EPO/WS/Online/vOKOsrv.aspx?SERVICEID=RDM_CRP01B
Ministerstvo zemědělství,https://eagri.cz/ssl/nosso-app/EPO/WS/Online/vOKOsrv.aspx?SERVICEID=RDM_PUB01A
Ministerstvo zemědělství,https://eagri.cz/ssl/nosso-app/EPO/WS/Online/vOKOsrv.aspx?SERVICEID=RDM_PUB01B
Ministerstvo zemědělství,https://eagri.cz/ssl/nosso-app/EPO/WS/Online/vOKOsrv.aspx?SERVICEID=RDM_PUB01C
Ministerstvo zemědělství,https://eagri.cz/ssl/nosso-app/EPO/WS/Online/vOKOsrv.aspx?SERVICEID=RHN_GHN01C
Ministerstvo zemědělství,https://eagri.cz/ssl/nosso-app/EPO/WS/Online/vOKOsrv.aspx?SERVICEID=RHN_GHN01D
Ministerstvo zemědělství,https://eagri.cz/ssl/nosso-app/EPO/WS/Online/vOKOsrv.aspx?SERVICEID=RVI_GCV01A
Ministerstvo zemědělství,https://eagri.cz/ssl/nosso-app/EPO/WS/Online/vOKOsrv.aspx?SERVICEID=RVI_GCV01B
Ministerstvo zemědělství,https://eagri.cz/ssl/nosso-app/EPO/WS/Online/vOKOsrv.aspx?SERVICEID=RVI_NOU01B
Ministerstvo zemědělství,https://eagri.cz/ssl/nosso-app/EPO/WS/Online/vOKOsrv.aspx?SERVICEID=SDB_OPA01A
Ministerstvo zemědělství,https://eagri.cz/ssl/nosso-app/EPO/WS/Online/vOKOsrv.aspx?SERVICEID=SRS_TSO01A
Ministerstvo zemědělství,https://eagri.cz/ssl/nosso-app/EPO/WS/Online/vOKOsrv.aspx?SERVICEID=SZR_CIS01A
Ministerstvo zemědělství,https://eagri.cz/ssl/nosso-app/EPO/WS/Online/vOKOsrv.aspx?SERVICEID=SZR_EZP03B
Česká informační agentura životního prostředí,https://geoportal.gov.cz/ArcGIS/services/CENIA/cenia_copernicus_land/mapserver/WMSServer?service=WMS&request=GetCapabilities
Česká informační agentura životního prostředí,https://geoportal.gov.cz/arcgis/services/CENIA/cenia_copernicus_land/MapServer/WmsServer?SERVICE=WMS&REQUEST=GetCapabilities
Česká informační agentura životního prostředí,https://geoportal.gov.cz/arcgis/services/CENIA/cenia_irz/MapServer/WmsServer?SERVICE=WMS&REQUEST=GetCapabilities
Česká informační agentura životního prostředí,https://geoportal.gov.cz/arcgis/services/CENIA/cenia_irz_WFS/MapServer/WFSServer/?SERVICE=WFS&REQUEST=GetCapabilities
Česká informační agentura životního prostředí,https://geoportal.gov.cz/arcgis/services/CENIA/cenia_pudni_vlhkost/MapServer/WMSServer?SERVICE=WMS&REQUEST=GetCapabilities
Česká informační agentura životního prostředí,https://gis.cenia.cz/mapcache/ortofotomapa_historicka/wms?SERVICE=WMS&REQUEST=GetCapabilities
Česká informační agentura životního prostředí,https://gis.cenia.cz/mapcache/ortofotomapa_historicka/wmts?SERVICE=WMTS&REQUEST=GetCapabilities
