jméno_poskytovatele,downloadURL
Agentura ochrany přírody a krajiny České republiky,http://www.opengeospatial.org/standards/wfs
Agentura ochrany přírody a krajiny České republiky,http://www.opengeospatial.org/standards/wms
Ministerstvo vnitra,https://www.w3.org/TR/2013/REC-sparql11-protocol-20130321/
Ministerstvo vnitra,https://www.w3.org/TR/sparql11-protocol/
Česká informační agentura životního prostředí,http://www.opengeospatial.org/standards/wfs
Česká informační agentura životního prostředí,http://www.opengeospatial.org/standards/wms
Česká informační agentura životního prostředí,http://www.opengeospatial.org/standards/wmts
