jméno_poskytovatele,downloadURL
Agentura ochrany přírody a krajiny České republiky,http://data.europa.eu/eli/reg/2010/1089
Agentura ochrany přírody a krajiny České republiky,http://www.opengis.net/def/crs/EPSG/0/3035
Agentura ochrany přírody a krajiny České republiky,http://www.opengis.net/def/crs/EPSG/0/32633
Agentura ochrany přírody a krajiny České republiky,http://www.opengis.net/def/crs/EPSG/0/3857
Agentura ochrany přírody a krajiny České republiky,http://www.opengis.net/def/crs/EPSG/0/4326
Agentura ochrany přírody a krajiny České republiky,http://www.opengis.net/def/crs/EPSG/0/5514
Karlovarský kraj,http://localhost/base/
Česká informační agentura životního prostředí,http://data.europa.eu/eli/reg/2010/1089
Česká informační agentura životního prostředí,http://www.opengis.net/def/crs/EPSG/0/3035
Česká informační agentura životního prostředí,http://www.opengis.net/def/crs/EPSG/0/32633
Česká informační agentura životního prostředí,http://www.opengis.net/def/crs/EPSG/0/4258
Česká informační agentura životního prostředí,http://www.opengis.net/def/crs/EPSG/0/4326
Česká informační agentura životního prostředí,http://www.opengis.net/def/crs/EPSG/0/5514
