jméno_poskytovatele,početSPARQL,početDCATAPDokumenty,početCKAN,početFormulář
Agentura ochrany přírody a krajiny České republiky,0,63,0,0
HLAVNÍ MĚSTO PRAHA,0,0,335,0
Institut umění - Divadelní ústav,0,0,0,1
Jihomoravský kraj,0,0,0,10
Jihočeský kraj,0,0,0,3
Karlovarský kraj,0,0,0,1
Kraj Vysočina,0,0,0,1
Královéhradecký kraj,0,55,0,0
Liberecký kraj,0,0,0,3
Ministerstvo dopravy,0,0,0,61
Ministerstvo financí,657,0,0,0
Ministerstvo obrany,0,0,4,0
Ministerstvo pro místní rozvoj,0,24,0,0
Ministerstvo práce a sociálních věcí,48,0,0,0
Ministerstvo průmyslu a obchodu,0,0,0,7
Ministerstvo vnitra,61,0,3920,39
Ministerstvo zdravotnictví,0,0,102,0
Ministerstvo zemědělství,0,153,0,0
"Ministerstvo školství, mládeže a tělovýchovy",0,0,16,0
Ministerstvo životního prostředí,0,0,89,0
Moravskoslezský kraj,0,0,0,3
Město Bohumín,0,0,0,20
Město Vrchlabí,0,0,0,2
Nejvyšší kontrolní úřad,0,0,0,20
Obec Huntířov,0,0,0,5
Olomoucký kraj,0,0,0,3
Plzeňský kraj,0,0,0,8
STATUTÁRNÍ MĚSTO LIBEREC,0,0,12,0
Statutární město Brno,0,105,0,0
Statutární město Děčín,0,0,38,1
Statutární město Hradec Králové,0,0,3,0
Statutární město Karviná,0,0,9,0
Statutární město Olomouc,0,0,17,0
Statutární město Opava,0,0,7,0
Statutární město Ostrava,0,0,28,53
Státní ústav pro kontrolu léčiv,0,0,0,12
Úřad průmyslového vlastnictví,0,0,952,0
Úřad vlády České republiky,0,0,0,39
ČESKÁ NÁRODNÍ BANKA,0,0,0,7
ČESKÝ ROZHLAS,0,0,5,0
Česká informační agentura životního prostředí,0,24,0,0
Česká obchodní inspekce,0,0,0,7
Česká správa sociálního zabezpečení,77,0,0,0
Česká školní inspekce,0,0,0,30
Český statistický úřad,0,726,0,2
Český telekomunikační úřad,0,0,97,0
Český úřad zeměměřický a katastrální,0,137269,0,0
