jméno_poskytovatele,početDatovýchSad,početDistribucí
Český úřad zeměměřický a katastrální,137269,175986
Ministerstvo vnitra,4020,15969
Úřad průmyslového vlastnictví,952,1307
Český statistický úřad,728,1098
Ministerstvo financí,657,1093
HLAVNÍ MĚSTO PRAHA,335,1853
Ministerstvo zemědělství,153,539
Statutární město Brno,105,861
Ministerstvo zdravotnictví,102,263
Český telekomunikační úřad,97,240
Ministerstvo životního prostředí,89,291
Statutární město Ostrava,81,472
Česká správa sociálního zabezpečení,77,154
Agentura ochrany přírody a krajiny České republiky,63,78
Ministerstvo dopravy,61,61
Královéhradecký kraj,55,318
Ministerstvo práce a sociálních věcí,48,145
Statutární město Děčín,39,127
Úřad vlády České republiky,39,39
Česká školní inspekce,30,30
Česká informační agentura životního prostředí,24,95
Ministerstvo pro místní rozvoj,24,24
Nejvyšší kontrolní úřad,20,22
Město Bohumín,20,20
Statutární město Olomouc,17,37
"Ministerstvo školství, mládeže a tělovýchovy",16,15
STATUTÁRNÍ MĚSTO LIBEREC,12,22
Státní ústav pro kontrolu léčiv,12,16
Jihomoravský kraj,10,10
Statutární město Karviná,9,13
Plzeňský kraj,8,8
Statutární město Opava,7,39
Česká obchodní inspekce,7,19
Ministerstvo průmyslu a obchodu,7,7
ČESKÁ NÁRODNÍ BANKA,7,7
ČESKÝ ROZHLAS,5,9
Obec Huntířov,5,5
Ministerstvo obrany,4,18
Statutární město Hradec Králové,3,25
Liberecký kraj,3,12
Jihočeský kraj,3,8
Moravskoslezský kraj,3,3
Olomoucký kraj,3,3
Město Vrchlabí,2,2
Kraj Vysočina,1,2
Institut umění - Divadelní ústav,1,1
Karlovarský kraj,1,1
