jméno_poskytovatele,počet_distribucí,mime_type
Český úřad zeměměřický a katastrální,96155,http://www.iana.org/assignments/media-types/application/gml+xml
Český úřad zeměměřický a katastrální,27868,http://www.iana.org/assignments/media-types/application/vnd.shp
Český úřad zeměměřický a katastrální,26229,http://www.iana.org/assignments/media-types/text/plain
Český úřad zeměměřický a katastrální,13079,http://www.iana.org/assignments/media-types/image/vnd.dxf
Český úřad zeměměřický a katastrální,12652,http://www.iana.org/assignments/media-types/text/csv
Ministerstvo vnitra,7840,http://www.iana.org/assignments/media-types/application/gzip
Ministerstvo vnitra,3957,http://www.iana.org/assignments/media-types/text/csv
Ministerstvo vnitra,3943,http://www.iana.org/assignments/media-types/text/xml
Úřad průmyslového vlastnictví,1307,http://www.iana.org/assignments/media-types/application/zip
HLAVNÍ MĚSTO PRAHA,650,http://www.iana.org/assignments/media-types/text/csv
Český statistický úřad,601,http://www.iana.org/assignments/media-types/text/xml
HLAVNÍ MĚSTO PRAHA,587,http://www.iana.org/assignments/media-types/application/zip
Český statistický úřad,475,http://www.iana.org/assignments/media-types/text/csv
Ministerstvo financí,450,http://www.iana.org/assignments/media-types/text/csv
Statutární město Ostrava,361,http://www.iana.org/assignments/media-types/application/zip
Ministerstvo zemědělství,335,http://www.iana.org/assignments/media-types/application/vnd.shp
Český telekomunikační úřad,221,http://www.iana.org/assignments/media-types/text/csv
HLAVNÍ MĚSTO PRAHA,195,http://www.iana.org/assignments/media-types/application/geo+json
Ministerstvo zdravotnictví,193,http://www.iana.org/assignments/media-types/text/csv
Statutární město Brno,171,http://www.iana.org/assignments/media-types/application/json
Ministerstvo zemědělství,164,http://www.iana.org/assignments/media-types/application/xml
Ministerstvo financí,159,http://www.iana.org/assignments/media-types/application/vnd.openxmlformats-officedocument.spreadsheetml.sheet
Statutární město Brno,157,http://www.iana.org/assignments/media-types/application/zip
HLAVNÍ MĚSTO PRAHA,121,http://www.iana.org/assignments/media-types/application/vnd.openxmlformats-officedocument.spreadsheetml.sheet
Statutární město Brno,118,http://www.iana.org/assignments/media-types/None
Statutární město Brno,116,http://www.iana.org/assignments/media-types/application/dxf
Statutární město Brno,116,http://www.iana.org/assignments/media-types/text/sgml
HLAVNÍ MĚSTO PRAHA,114,http://www.iana.org/assignments/media-types/application/xml
Statutární město Ostrava,110,http://www.iana.org/assignments/media-types/text/csv
Statutární město Brno,101,http://www.iana.org/assignments/media-types/text/csv
Statutární město Brno,99,http://www.iana.org/assignments/media-types/application/vnd.geo+json
Statutární město Brno,99,http://www.iana.org/assignments/media-types/application/vnd.google-earth.kml+xml
Ministerstvo životního prostředí,89,http://www.iana.org/assignments/media-types/text/csv
Česká správa sociálního zabezpečení,77,http://www.iana.org/assignments/media-types/application/trig
Česká správa sociálního zabezpečení,77,http://www.iana.org/assignments/media-types/text/csv
Ministerstvo zdravotnictví,66,http://www.iana.org/assignments/media-types/application/vnd.openxmlformats-officedocument.spreadsheetml.sheet
Ministerstvo dopravy,61,http://www.iana.org/assignments/media-types/text/csv
HLAVNÍ MĚSTO PRAHA,60,http://www.iana.org/assignments/media-types/application/json
Královéhradecký kraj,55,http://www.iana.org/assignments/media-types/application/json
Královéhradecký kraj,55,http://www.iana.org/assignments/media-types/text/html
Královéhradecký kraj,53,http://www.iana.org/assignments/media-types/application/vnd.geo+json
Královéhradecký kraj,53,http://www.iana.org/assignments/media-types/text/csv
Královéhradecký kraj,51,http://www.iana.org/assignments/media-types/application/vnd.google-earth.kml+xml
Královéhradecký kraj,51,http://www.iana.org/assignments/media-types/application/zip
Ministerstvo práce a sociálních věcí,49,http://www.iana.org/assignments/media-types/application/ld+json
Ministerstvo práce a sociálních věcí,48,http://www.iana.org/assignments/media-types/application/json
Ministerstvo financí,45,http://www.iana.org/assignments/media-types/application/n-triples
Ministerstvo financí,44,http://www.iana.org/assignments/media-types/text/html
Ministerstvo vnitra,42,http://www.iana.org/assignments/media-types/application/ld+json
Ministerstvo financí,42,http://www.iana.org/assignments/media-types/application/xml
Ministerstvo vnitra,37,http://www.iana.org/assignments/media-types/application/json
Ministerstvo životního prostředí,34,http://www.iana.org/assignments/media-types/text/html
Statutární město Děčín,32,http://www.iana.org/assignments/media-types/text/csv
Úřad vlády České republiky,30,http://www.iana.org/assignments/media-types/application/ld+json
Statutární město Opava,30,http://www.iana.org/assignments/media-types/application/zip
Česká školní inspekce,30,http://www.iana.org/assignments/media-types/text/csv
Ministerstvo životního prostředí,28,http://www.iana.org/assignments/media-types/application/geo+json
Ministerstvo životního prostředí,28,http://www.iana.org/assignments/media-types/application/vnd.google-earth.kml+xml
Ministerstvo financí,28,http://www.iana.org/assignments/media-types/application/vnd.ms-excel
Ministerstvo životního prostředí,28,http://www.iana.org/assignments/media-types/application/zip
HLAVNÍ MĚSTO PRAHA,25,http://www.iana.org/assignments/media-types/application/vnd.ms-excel
Statutární město Děčín,23,http://www.iana.org/assignments/media-types/application/pdf
HLAVNÍ MĚSTO PRAHA,21,http://www.iana.org/assignments/media-types/application/pdf
Statutární město Hradec Králové,21,http://www.iana.org/assignments/media-types/application/xml
Česká informační agentura životního prostředí,21,https://www.iana.org/assignments/media-types/application/atom+xml
Statutární město Olomouc,20,http://www.iana.org/assignments/media-types/application/geo+json
Statutární město Děčín,20,http://www.iana.org/assignments/media-types/application/vnd.openxmlformats-officedocument.spreadsheetml.sheet
Nejvyšší kontrolní úřad,20,http://www.iana.org/assignments/media-types/text/csv
Město Bohumín,20,http://www.iana.org/assignments/media-types/text/xml
Český statistický úřad,19,http://www.iana.org/assignments/media-types/application/xml
HLAVNÍ MĚSTO PRAHA,18,http://www.iana.org/assignments/media-types/text/html
Česká informační agentura životního prostředí,18,https://www.iana.org/assignments/media-types/application/vnd.shp
Statutární město Olomouc,17,http://www.iana.org/assignments/media-types/text/csv
Ministerstvo vnitra,16,http://www.iana.org/assignments/media-types/application/rdf+xml
Ministerstvo vnitra,15,http://www.iana.org/assignments/media-types/application/trig
"Ministerstvo školství, mládeže a tělovýchovy",15,http://www.iana.org/assignments/media-types/application/xml
Ministerstvo financí,14,http://www.iana.org/assignments/media-types/application/json
Ministerstvo vnitra,14,http://www.iana.org/assignments/media-types/application/n-quads
Ministerstvo vnitra,14,http://www.iana.org/assignments/media-types/application/n-triples
Ministerstvo vnitra,14,http://www.iana.org/assignments/media-types/text/html
Ministerstvo vnitra,14,http://www.iana.org/assignments/media-types/text/turtle
Česká informační agentura životního prostředí,14,https://www.iana.org/assignments/media-types/image/jp2
Ministerstvo obrany,12,http://www.iana.org/assignments/media-types/text/csv
Ministerstvo pro místní rozvoj,10,http://www.iana.org/assignments/media-types/application/octet-stream
Ministerstvo vnitra,10,http://www.iana.org/assignments/media-types/application/vnd.openxmlformats-officedocument.spreadsheetml.sheet
STATUTÁRNÍ MĚSTO LIBEREC,10,http://www.iana.org/assignments/media-types/application/xml
HLAVNÍ MĚSTO PRAHA,10,http://www.iana.org/assignments/media-types/image/tiff
HLAVNÍ MĚSTO PRAHA,10,http://www.iana.org/assignments/media-types/text/plain
Česká informační agentura životního prostředí,9,http://inspire.ec.europa.eu/media-types/application/x-filegdb
Statutární město Děčín,9,http://www.iana.org/assignments/media-types/application/vnd.ms-excel
STATUTÁRNÍ MĚSTO LIBEREC,9,http://www.iana.org/assignments/media-types/application/vnd.openxmlformats-officedocument.spreadsheetml.sheet
Statutární město Karviná,9,http://www.iana.org/assignments/media-types/application/zip
Liberecký kraj,9,http://www.iana.org/assignments/media-types/application/zip
Úřad vlády České republiky,9,http://www.iana.org/assignments/media-types/text/csv
Ministerstvo pro místní rozvoj,9,http://www.iana.org/assignments/media-types/text/xml
Státní ústav pro kontrolu léčiv,8,http://www.iana.org/assignments/media-types/application/zip
Státní ústav pro kontrolu léčiv,8,http://www.iana.org/assignments/media-types/text/csv
Plzeňský kraj,8,http://www.iana.org/assignments/media-types/text/csv
Jihomoravský kraj,7,http://www.iana.org/assignments/media-types/application/json
Česká obchodní inspekce,7,http://www.iana.org/assignments/media-types/application/vnd.openxmlformats-officedocument.spreadsheetml.sheet
Ministerstvo vnitra,7,http://www.iana.org/assignments/media-types/application/xml
ČESKÁ NÁRODNÍ BANKA,7,http://www.iana.org/assignments/media-types/text/csv
Česká obchodní inspekce,7,http://www.iana.org/assignments/media-types/text/csv
Ministerstvo průmyslu a obchodu,7,http://www.iana.org/assignments/media-types/text/csv
ČESKÝ ROZHLAS,6,http://www.iana.org/assignments/media-types/application/json
Ministerstvo obrany,6,http://www.iana.org/assignments/media-types/application/xml
Ministerstvo financí,5,http://www.iana.org/assignments/media-types/application/pdf
Česká obchodní inspekce,5,http://www.iana.org/assignments/media-types/application/vnd.oasis.opendocument.spreadsheet
Český telekomunikační úřad,5,http://www.iana.org/assignments/media-types/application/vnd.openxmlformats-officedocument.spreadsheetml.sheet
Český telekomunikační úřad,5,http://www.iana.org/assignments/media-types/application/zip
Obec Huntířov,5,http://www.iana.org/assignments/media-types/text/csv
Statutární město Hradec Králové,4,http://www.iana.org/assignments/media-types/application/vnd.openxmlformats-officedocument.spreadsheetml.sheet
Statutární město Děčín,4,http://www.iana.org/assignments/media-types/application/xml
Ministerstvo pro místní rozvoj,4,http://www.iana.org/assignments/media-types/application/xml
Statutární město Opava,4,http://www.iana.org/assignments/media-types/text/csv
Agentura ochrany přírody a krajiny České republiky,3,http://www.iana.org/assignments/media-types/application/atom+xml
Český úřad zeměměřický a katastrální,3,http://www.iana.org/assignments/media-types/application/octet-stream
Liberecký kraj,3,http://www.iana.org/assignments/media-types/application/vnd.google-earth.kmz
Ministerstvo vnitra,3,http://www.iana.org/assignments/media-types/application/vnd.ms-excel
Ministerstvo zdravotnictví,3,http://www.iana.org/assignments/media-types/application/xml
Jihomoravský kraj,3,http://www.iana.org/assignments/media-types/text/csv
Olomoucký kraj,3,http://www.iana.org/assignments/media-types/text/csv
Česká informační agentura životního prostředí,3,https://www.iana.org/assignments/media-types/application/gml+xml
Statutární město Opava,2,http://www.iana.org/assignments/media-types/application/json
HLAVNÍ MĚSTO PRAHA,2,http://www.iana.org/assignments/media-types/application/octet-stream
Jihočeský kraj,2,http://www.iana.org/assignments/media-types/application/vnd.google-earth.kml+xml
Statutární město Opava,2,http://www.iana.org/assignments/media-types/application/vnd.ms-excel
Statutární město Karviná,2,http://www.iana.org/assignments/media-types/application/xml
Český statistický úřad,2,http://www.iana.org/assignments/media-types/application/zip
Statutární město Děčín,2,http://www.iana.org/assignments/media-types/application/zip
Statutární město Brno,2,http://www.iana.org/assignments/media-types/image/tiff
Město Vrchlabí,2,http://www.iana.org/assignments/media-types/text/csv
Moravskoslezský kraj,2,http://www.iana.org/assignments/media-types/text/csv
Jihočeský kraj,2,http://www.iana.org/assignments/media-types/text/html
Statutární město Děčín,2,http://www.iana.org/assignments/media-types/text/plain
Český telekomunikační úřad,2,http://www.iana.org/assignments/media-types/text/plain
Kraj Vysočina,2,http://www.iana.org/assignments/media-types/text/xml
Agentura ochrany přírody a krajiny České republiky,2,https://www.iana.org/assignments/media-types/application/atom+xml
Agentura ochrany přírody a krajiny České republiky,2,https://www.iana.org/assignments/media-types/application/gml+xml
Statutární město Karviná,1,http://www.iana.org/assignments/media-types/application/geo+json
HLAVNÍ MĚSTO PRAHA,1,http://www.iana.org/assignments/media-types/application/gml+xml
Český statistický úřad,1,http://www.iana.org/assignments/media-types/application/json
Institut umění - Divadelní ústav,1,http://www.iana.org/assignments/media-types/application/json
Statutární město Karviná,1,http://www.iana.org/assignments/media-types/application/json
STATUTÁRNÍ MĚSTO LIBEREC,1,http://www.iana.org/assignments/media-types/application/json
Ministerstvo financí,1,http://www.iana.org/assignments/media-types/application/ld+json
Jihočeský kraj,1,http://www.iana.org/assignments/media-types/application/octet-stream
Ministerstvo zdravotnictví,1,http://www.iana.org/assignments/media-types/application/pdf
Ministerstvo vnitra,1,http://www.iana.org/assignments/media-types/application/vnd.hdt
Český telekomunikační úřad,1,http://www.iana.org/assignments/media-types/application/vnd.ms-excel
STATUTÁRNÍ MĚSTO LIBEREC,1,http://www.iana.org/assignments/media-types/application/vnd.ms-excel
Nejvyšší kontrolní úřad,1,http://www.iana.org/assignments/media-types/application/vnd.openxmlformats-officedocument.spreadsheetml.sheet
Ministerstvo zemědělství,1,http://www.iana.org/assignments/media-types/application/vnd.openxmlformats-officedocument.spreadsheetml.sheet
ČESKÝ ROZHLAS,1,http://www.iana.org/assignments/media-types/application/vnd.openxmlformats-officedocument.spreadsheetml.sheet
HLAVNÍ MĚSTO PRAHA,1,http://www.iana.org/assignments/media-types/application/vnd.shp
Jihočeský kraj,1,http://www.iana.org/assignments/media-types/application/xml
Statutární město Ostrava,1,http://www.iana.org/assignments/media-types/application/xml
ČESKÝ ROZHLAS,1,http://www.iana.org/assignments/media-types/application/xml
Ministerstvo financí,1,http://www.iana.org/assignments/media-types/application/zip
Ministerstvo pro místní rozvoj,1,http://www.iana.org/assignments/media-types/text/csv
STATUTÁRNÍ MĚSTO LIBEREC,1,http://www.iana.org/assignments/media-types/text/csv
ČESKÝ ROZHLAS,1,http://www.iana.org/assignments/media-types/text/csv
Moravskoslezský kraj,1,http://www.iana.org/assignments/media-types/text/xml
Ministerstvo zemědělství,1,http://www.iana.org/assignments/media-types/text/xml
Statutární město Brno,1,http://www.iana.org/assignments/media-types/yyyyyysssss
