počet_poskytovatelů,autorskéDílo,databáze,zvláštníPrávo,osobní_údaje
28,https://data.gov.cz/podmínky-užití/neobsahuje-autorská-díla/,https://data.gov.cz/podmínky-užití/není-autorskoprávně-chráněnou-databází/,https://data.gov.cz/podmínky-užití/není-chráněna-zvláštním-právem-pořizovatele-databáze/,https://data.gov.cz/podmínky-užití/neobsahuje-osobní-údaje/
6,https://data.gov.cz/podmínky-užití/neobsahuje-autorská-díla/,https://data.gov.cz/podmínky-užití/není-autorskoprávně-chráněnou-databází/,https://data.gov.cz/podmínky-užití/není-chráněna-zvláštním-právem-pořizovatele-databáze/,https://data.gov.cz/podmínky-užití/obsahuje-osobní-údaje/
3,https://creativecommons.org/licenses/by/4.0/,https://creativecommons.org/licenses/by/4.0/,https://data.gov.cz/podmínky-užití/není-chráněna-zvláštním-právem-pořizovatele-databáze/,https://data.gov.cz/podmínky-užití/neobsahuje-osobní-údaje/
2,https://creativecommons.org/licenses/by-sa/4.0/deed.cs,https://creativecommons.org/licenses/by-sa/4.0/deed.cs,https://creativecommons.org/licenses/by-sa/4.0/deed.cs,https://data.gov.cz/podmínky-užití/není-specifikováno-zda-obsahuje-osobní-údaje/
2,https://creativecommons.org/publicdomain/zero/1.0/deed.cs,https://creativecommons.org/publicdomain/zero/1.0/deed.cs,https://creativecommons.org/publicdomain/zero/1.0/deed.cs,https://data.gov.cz/podmínky-užití/není-specifikováno-zda-obsahuje-osobní-údaje/
2,https://data.gov.cz/podmínky-užití/neobsahuje-autorská-díla/,https://data.gov.cz/podmínky-užití/není-autorskoprávně-chráněnou-databází/,https://creativecommons.org/publicdomain/zero/1.0/,https://data.gov.cz/podmínky-užití/neobsahuje-osobní-údaje/
2,https://www.czso.cz/csu/czso/podminky_pro_vyuzivani_a_dalsi_zverejnovani_statistickych_udaju_csu,https://www.czso.cz/csu/czso/podminky_pro_vyuzivani_a_dalsi_zverejnovani_statistickych_udaju_csu,https://www.czso.cz/csu/czso/podminky_pro_vyuzivani_a_dalsi_zverejnovani_statistickych_udaju_csu,https://data.gov.cz/podmínky-užití/není-specifikováno-zda-obsahuje-osobní-údaje/
1,http://creativecommons.org/licenses/by-sa/3.0/cz/,http://creativecommons.org/licenses/by-sa/3.0/cz/,http://creativecommons.org/licenses/by-sa/3.0/cz/,https://data.gov.cz/podmínky-užití/není-specifikováno-zda-obsahuje-osobní-údaje/
1,http://creativecommons.org/licenses/by-sa/4.0/deed.cs,http://creativecommons.org/licenses/by-sa/4.0/deed.cs,http://creativecommons.org/licenses/by-sa/4.0/deed.cs,https://data.gov.cz/podmínky-užití/není-specifikováno-zda-obsahuje-osobní-údaje/
1,http://dataor.justice.cz/files/ISVR_OpenData_Podminky_uziti.pdf,http://dataor.justice.cz/files/ISVR_OpenData_Podminky_uziti.pdf,http://dataor.justice.cz/files/ISVR_OpenData_Podminky_uziti.pdf,https://data.gov.cz/podmínky-užití/není-specifikováno-zda-obsahuje-osobní-údaje/
1,http://opendata.iprpraha.cz/,http://opendata.iprpraha.cz/,http://opendata.iprpraha.cz/,https://data.gov.cz/podmínky-užití/není-specifikováno-zda-obsahuje-osobní-údaje/
1,http://www.coi.cz/cz/spotrebitel/otevrena-data/licence-otevrenych-dat/,http://www.coi.cz/cz/spotrebitel/otevrena-data/licence-otevrenych-dat/,http://www.coi.cz/cz/spotrebitel/otevrena-data/licence-otevrenych-dat/,https://data.gov.cz/podmínky-užití/není-specifikováno-zda-obsahuje-osobní-údaje/
1,http://www.czgbc.org/certifikace/registry-of-certified-building,http://www.czgbc.org/certifikace/registry-of-certified-building,http://www.czgbc.org/certifikace/registry-of-certified-building,https://data.gov.cz/podmínky-užití/není-specifikováno-zda-obsahuje-osobní-údaje/
1,http://www.elektrarny.pro/kontakt.php,http://www.elektrarny.pro/kontakt.php,http://www.elektrarny.pro/kontakt.php,https://data.gov.cz/podmínky-užití/není-specifikováno-zda-obsahuje-osobní-údaje/
1,http://www.hristepraha.cz/o-projektu,http://www.hristepraha.cz/o-projektu,http://www.hristepraha.cz/o-projektu,https://data.gov.cz/podmínky-užití/není-specifikováno-zda-obsahuje-osobní-údaje/
1,http://www.lhmp.cz/eko/navrat-vcel-do-prazskych-lesu/rozmisteni-nasich-vcelnic-po-praze/,http://www.lhmp.cz/eko/navrat-vcel-do-prazskych-lesu/rozmisteni-nasich-vcelnic-po-praze/,http://www.lhmp.cz/eko/navrat-vcel-do-prazskych-lesu/rozmisteni-nasich-vcelnic-po-praze/,https://data.gov.cz/podmínky-užití/není-specifikováno-zda-obsahuje-osobní-údaje/
1,http://www.msk.cz/cz/verejna_sprava/informace-o-podminkach-uziti-datove-sady-73496/,http://www.msk.cz/cz/verejna_sprava/informace-o-podminkach-uziti-datove-sady-73496/,http://www.msk.cz/cz/verejna_sprava/informace-o-podminkach-uziti-datove-sady-73496/,https://data.gov.cz/podmínky-užití/není-specifikováno-zda-obsahuje-osobní-údaje/
1,http://www.opendefinition.org/licenses/cc-by,http://www.opendefinition.org/licenses/cc-by,http://www.opendefinition.org/licenses/cc-by,https://data.gov.cz/podmínky-užití/není-specifikováno-zda-obsahuje-osobní-údaje/
1,http://www.opendefinition.org/licenses/cc-by-sa,http://www.opendefinition.org/licenses/cc-by-sa,http://www.opendefinition.org/licenses/cc-by-sa,https://data.gov.cz/podmínky-užití/není-specifikováno-zda-obsahuje-osobní-údaje/
1,http://www.opendefinition.org/licenses/cc-zero,http://www.opendefinition.org/licenses/cc-zero,http://www.opendefinition.org/licenses/cc-zero,https://data.gov.cz/podmínky-užití/není-specifikováno-zda-obsahuje-osobní-údaje/
1,https://creativecommons.org/licenses/by-sa/4.0/,https://data.gov.cz/podmínky-užití/není-autorskoprávně-chráněnou-databází/,https://data.gov.cz/podmínky-užití/není-chráněna-zvláštním-právem-pořizovatele-databáze/,https://data.gov.cz/podmínky-užití/neobsahuje-osobní-údaje/
1,https://creativecommons.org/licenses/by-sa/4.0/deed.cs,https://creativecommons.org/licenses/by-sa/4.0/deed.cs,https://creativecommons.org/licenses/by-sa/4.0/deed.cs,https://data.gov.cz/podmínky-užití/neobsahuje-osobní-údaje/
1,https://creativecommons.org/licenses/by/4.0/,https://creativecommons.org/licenses/by/4.0/,https://geoportal.cuzk.cz/Dokumenty/Podminky.pdf,https://data.gov.cz/podmínky-užití/neobsahuje-osobní-údaje/
1,https://creativecommons.org/licenses/by/4.0/,https://creativecommons.org/licenses/by/4.0/,https://www.cuzk.cz/Predpisy/Podminky-poskytovani-prostor-dat-a-sitovych-sluzeb/Podminky-poskytovani-prostorovych-dat-CUZK.aspx,https://data.gov.cz/podmínky-užití/neobsahuje-osobní-údaje/
1,https://creativecommons.org/licenses/by/4.0/,https://data.gov.cz/podmínky-užití/není-autorskoprávně-chráněnou-databází/,https://data.gov.cz/podmínky-užití/není-chráněna-zvláštním-právem-pořizovatele-databáze/,https://data.gov.cz/podmínky-užití/neobsahuje-osobní-údaje/
1,https://creativecommons.org/publicdomain/zero/1.0/,https://creativecommons.org/publicdomain/zero/1.0/,https://creativecommons.org/publicdomain/zero/1.0/,https://data.gov.cz/podmínky-užití/není-specifikováno-zda-obsahuje-osobní-údaje/
1,https://creativecommons.org/publicdomain/zero/1.0/,https://creativecommons.org/publicdomain/zero/1.0/,https://data.gov.cz/podmínky-užití/není-chráněna-zvláštním-právem-pořizovatele-databáze/,https://data.gov.cz/podmínky-užití/neobsahuje-osobní-údaje/
1,https://creativecommons.org/publicdomain/zero/1.0/%20,https://creativecommons.org/publicdomain/zero/1.0/%20,https://creativecommons.org/publicdomain/zero/1.0/%20,https://data.gov.cz/podmínky-užití/není-specifikováno-zda-obsahuje-osobní-údaje/
1,https://data.army.cz/cs/podm%C3%ADnky-u%C5%BE%C3%ADv%C3%A1n%C3%AD,https://data.army.cz/cs/podm%C3%ADnky-u%C5%BE%C3%ADv%C3%A1n%C3%AD,https://data.army.cz/cs/podm%C3%ADnky-u%C5%BE%C3%ADv%C3%A1n%C3%AD,https://data.gov.cz/podmínky-užití/není-specifikováno-zda-obsahuje-osobní-údaje/
1,https://data.ctu.cz/podminky-uziti-dat,https://data.ctu.cz/podminky-uziti-dat,https://data.ctu.cz/podminky-uziti-dat,https://data.gov.cz/podmínky-užití/není-specifikováno-zda-obsahuje-osobní-údaje/
1,https://data.gov.cz/podm%C3%ADnky-u%C5%BEit%C3%AD/neobsahuje-autorsk%C3%A1-d%C3%ADla/,https://data.gov.cz/podm%C3%ADnky-u%C5%BEit%C3%AD/neobsahuje-autorsk%C3%A1-d%C3%ADla/,https://data.gov.cz/podm%C3%ADnky-u%C5%BEit%C3%AD/neobsahuje-autorsk%C3%A1-d%C3%ADla/,https://data.gov.cz/podmínky-užití/není-specifikováno-zda-obsahuje-osobní-údaje/
1,https://data.gov.cz/podm%C3%ADnky-u%C5%BEit%C3%AD/voln%C3%BD-p%C5%99%C3%ADstup/,https://data.gov.cz/podm%C3%ADnky-u%C5%BEit%C3%AD/voln%C3%BD-p%C5%99%C3%ADstup/,https://data.gov.cz/podm%C3%ADnky-u%C5%BEit%C3%AD/voln%C3%BD-p%C5%99%C3%ADstup/,https://data.gov.cz/podmínky-užití/není-specifikováno-zda-obsahuje-osobní-údaje/
1,https://data.gov.cz/podmínky-užití/neobsahuje-autorská-díla/,https://creativecommons.org/licenses/by/4.0/,https://data.gov.cz/podmínky-užití/není-chráněna-zvláštním-právem-pořizovatele-databáze/,https://data.gov.cz/podmínky-užití/neobsahuje-osobní-údaje/
1,https://data.gov.cz/podmínky-užití/neobsahuje-autorská-díla/,https://creativecommons.org/licenses/by/4.0/,https://data.gov.cz/podmínky-užití/není-chráněna-zvláštním-právem-pořizovatele-databáze/,https://data.gov.cz/podmínky-užití/obsahuje-osobní-údaje/
1,https://data.gov.cz/podmínky-užití/neobsahuje-autorská-díla/,https://data.gov.cz/podmínky-užití/není-autorskoprávně-chráněnou-databází/,https://www.csicr.cz/cz/Otevreny-urad-QL/Otevreny-urad/Otevrena-data/Podminky-uziti-otevrenych-dat-Ceske-skolni-inspekc,https://data.gov.cz/podmínky-užití/neobsahuje-osobní-údaje/
1,https://data.gov.cz/podmínky-užití/neobsahuje-autorská-díla/,https://data.gov.cz/podmínky-užití/neobsahuje-autorská-díla/,https://data.gov.cz/podmínky-užití/není-chráněna-zvláštním-právem-pořizovatele-databáze/,https://data.gov.cz/podmínky-užití/neobsahuje-osobní-údaje/
1,https://data.gov.cz/podmínky-užití/neobsahuje-autorská-díla/,https://monitor.statnipokladna.cz/datovy-katalog/licence,https://monitor.statnipokladna.cz/datovy-katalog/licence,https://data.gov.cz/podmínky-užití/neobsahuje-osobní-údaje/
1,https://datainst.army.cz/cs/podm%C3%ADnky-u%C5%BE%C3%ADv%C3%A1n%C3%AD,https://datainst.army.cz/cs/podm%C3%ADnky-u%C5%BE%C3%ADv%C3%A1n%C3%AD,https://datainst.army.cz/cs/podm%C3%ADnky-u%C5%BE%C3%ADv%C3%A1n%C3%AD,https://data.gov.cz/podmínky-užití/není-specifikováno-zda-obsahuje-osobní-údaje/
1,https://isdv.upv.cz/doc/opendata/doc/podminky_uziti.html,https://isdv.upv.cz/doc/opendata/doc/podminky_uziti.html,https://isdv.upv.cz/doc/opendata/doc/podminky_uziti.html,https://data.gov.cz/podmínky-užití/není-specifikováno-zda-obsahuje-osobní-údaje/
1,https://opendata.mmdecin.cz/about,https://opendata.mmdecin.cz/about,https://opendata.mmdecin.cz/about,https://data.gov.cz/podmínky-užití/není-specifikováno-zda-obsahuje-osobní-údaje/
1,https://pid.cz/opendata/,https://pid.cz/opendata/,https://pid.cz/opendata/,https://data.gov.cz/podmínky-užití/není-specifikováno-zda-obsahuje-osobní-údaje/
1,https://rejstriky.msmt.cz/opendata/metadata/podminky-uziti-OD.html,https://rejstriky.msmt.cz/opendata/metadata/podminky-uziti-OD.html,https://rejstriky.msmt.cz/opendata/metadata/podminky-uziti-OD.html,https://data.gov.cz/podmínky-užití/není-specifikováno-zda-obsahuje-osobní-údaje/
1,https://rejstriky.msmt.cz/opendata/metadata/podminky-uziti.html,https://rejstriky.msmt.cz/opendata/metadata/podminky-uziti.html,https://rejstriky.msmt.cz/opendata/metadata/podminky-uziti.html,https://data.gov.cz/podmínky-užití/není-specifikováno-zda-obsahuje-osobní-údaje/
1,https://smlouvy.gov.cz/stranka/otevrena-data,https://smlouvy.gov.cz/stranka/otevrena-data,https://smlouvy.gov.cz/stranka/otevrena-data,https://data.gov.cz/podmínky-užití/není-specifikováno-zda-obsahuje-osobní-údaje/
1,https://www.praha11.cz/opendata/json.php?akce=tematicke_mapy&tmID=74,https://www.praha11.cz/opendata/json.php?akce=tematicke_mapy&tmID=74,https://www.praha11.cz/opendata/json.php?akce=tematicke_mapy&tmID=74,https://data.gov.cz/podmínky-užití/není-specifikováno-zda-obsahuje-osobní-údaje/
