periodicita,jméno_poskytovatele,počet_datových_sad
čtvrtletní,Česká správa sociálního zabezpečení,27
čtvrtletní,Ministerstvo financí,25
čtvrtletní,HLAVNÍ MĚSTO PRAHA,14
čtvrtletní,Český úřad zeměměřický a katastrální,5
čtvrtletní,Český statistický úřad,4
čtvrtletní,Agentura ochrany přírody a krajiny České republiky,2
čtvrtletní,Statutární město Brno,2
čtvrtletní,Ministerstvo životního prostředí,1
čtrnáctidenní,Český statistický úřad,1
tříletý,Ministerstvo zemědělství,1
třikrát týdně,"Ministerstvo školství, mládeže a tělovýchovy",16
týdenní,Ministerstvo zemědělství,77
týdenní,Ministerstvo životního prostředí,26
týdenní,Ministerstvo pro místní rozvoj,4
týdenní,Ministerstvo zdravotnictví,2
týdenní,Statutární město Brno,2
týdenní,Statutární město Ostrava,1
týdenní,Český úřad zeměměřický a katastrální,1
roční,Ministerstvo vnitra,3650
roční,Ministerstvo financí,92
roční,Český statistický úřad,60
roční,Český telekomunikační úřad,59
roční,HLAVNÍ MĚSTO PRAHA,45
roční,Česká správa sociálního zabezpečení,41
roční,Statutární město Brno,36
roční,Královéhradecký kraj,25
roční,Ministerstvo zemědělství,24
roční,Agentura ochrany přírody a krajiny České republiky,15
roční,Statutární město Opava,7
roční,Český úřad zeměměřický a katastrální,6
roční,Ministerstvo pro místní rozvoj,5
roční,Statutární město Ostrava,4
roční,Ministerstvo zdravotnictví,1
průběžně aktualizovaný,Český úřad zeměměřický a katastrální,137236
průběžně aktualizovaný,Ministerstvo zemědělství,35
průběžně aktualizovaný,Český telekomunikační úřad,18
průběžně aktualizovaný,HLAVNÍ MĚSTO PRAHA,5
průběžně aktualizovaný,Ministerstvo pro místní rozvoj,1
průběžný,Český statistický úřad,356
průběžný,Ministerstvo pro místní rozvoj,8
průběžný,Statutární město Brno,6
průběžný,Agentura ochrany přírody a krajiny České republiky,2
průběžný,Česká informační agentura životního prostředí,2
průběžný,Královéhradecký kraj,1
pololetní,Statutární město Ostrava,22
pololetní,HLAVNÍ MĚSTO PRAHA,2
pololetní,Český telekomunikační úřad,2
pololetní,Český úřad zeměměřický a katastrální,1
ostatní,Agentura ochrany přírody a krajiny České republiky,43
ostatní,Česká informační agentura životního prostředí,22
ostatní,Ministerstvo životního prostředí,6
ostatní,Statutární město Brno,4
ostatní,HLAVNÍ MĚSTO PRAHA,1
ostatní,Ministerstvo financí,1
nikdy,Ministerstvo financí,403
nikdy,Český statistický úřad,281
nikdy,Ministerstvo životního prostředí,28
nikdy,Ministerstvo vnitra,10
nikdy,Statutární město Brno,10
nikdy,Ministerstvo zemědělství,8
nikdy,Český úřad zeměměřický a katastrální,4
nikdy,Statutární město Děčín,2
nikdy,HLAVNÍ MĚSTO PRAHA,1
neznámý,Ministerstvo financí,60
neznámý,Statutární město Brno,1
nepravidelný,Ministerstvo financí,50
nepravidelný,Statutární město Brno,32
nepravidelný,Královéhradecký kraj,28
nepravidelný,Ministerstvo vnitra,27
nepravidelný,Česká správa sociálního zabezpečení,9
nepravidelný,Statutární město Karviná,7
nepravidelný,Ministerstvo zemědělství,4
nepravidelný,ČESKÝ ROZHLAS,3
nepravidelný,HLAVNÍ MĚSTO PRAHA,1
měsíční,HLAVNÍ MĚSTO PRAHA,26
měsíční,Ministerstvo financí,19
měsíční,Český statistický úřad,16
měsíční,Český úřad zeměměřický a katastrální,15
měsíční,Ministerstvo pro místní rozvoj,6
měsíční,Statutární město Brno,4
měsíční,Ministerstvo zemědělství,3
každých 10 let,Český statistický úřad,5
každou hodinu,ČESKÝ ROZHLAS,1
dvouletý,Ministerstvo financí,1
dvouletý,Statutární město Brno,1
dvouletý,Český statistický úřad,1
dvakrát za měsíc,Český statistický úřad,2
denní,Úřad průmyslového vlastnictví,952
denní,Ministerstvo vnitra,294
denní,Ministerstvo práce a sociálních věcí,48
denní,Ministerstvo zdravotnictví,43
denní,Český telekomunikační úřad,18
denní,HLAVNÍ MĚSTO PRAHA,7
denní,Statutární město Brno,7
denní,Ministerstvo financí,6
denní,Agentura ochrany přírody a krajiny České republiky,1
denní,Královéhradecký kraj,1
denní,Ministerstvo zemědělství,1
denní,Statutární město Ostrava,1
denní,ČESKÝ ROZHLAS,1
denní,Český úřad zeměměřický a katastrální,1
