klíčové_slovo,počet_datových_sad
Katastrální parcely,112079
pozemek,93312
"nemovitost, nemovitá věc",93289
katastrální parcela,91027
hranice,84777
informační systém katastru nemovitostí (ISKN),84761
parcela,84234
Adresy,83231
hranice parcely,78501
digitalizovaná katastrální mapa,65424
digitální katastrální mapa,65424
katastr nemovitostí (KN),65424
katastr nemovitostí ČR,65424
katastrální mapa,65424
"definiční bod, reprezentační bod, centroid",57455
katastrální území,53477
Katastrální pracoviště (KP),52347
"Registr územní identifikace, adres a nemovitostí (RÚIAN)",50226
obec,43970
městský obvod/městská část (MOMC),43963
adresní místo,43961
"geografická informace, geoinformace, geoprostorová informace",38674
ulice,37582
část obce,37574
adresa,37570
městský obvod v Praze (MOP),37566
"geografický značkovací jazyk (GML), značkovací jazyk geografie",32415
volební okrsek,31444
městská část,31316
Budovy,31308
