klíčové_slovo,počet_poskytovatelů
doprava,11
rozpočet,8
sport,7
číselník,7
faktury,6
obce,6
odpad,6
škola,6
finance,5
parkování,5
turistika,5
ulice,5
vzdělávání,5
zeleň,5
úřední deska,5
MHD,4
dotace,4
hlasování,4
hranice,4
kontrola,4
kraj,4
kultura,4
městská část,4
návštěvnost,4
obec,4
objednávky,4
organizace,4
pohlaví,4
policie,4
práce,4
příjmy,4
smlouvy,4
sportoviště,4
tříděný odpad,4
veřejná doprava,4
veřejná správa,4
volby,4
výdaje,4
výškopis,4
zaměstnanci,4
zastupitelstvo,4
životní prostředí,4
2016,3
Natura 2000,3
Praha,3
adresa,3
akce,3
bezpečnost,3
byty,3
ceny,3
cyklistika,3
divadlo,3
děti,3
ekonomika,3
hospodaření,3
hřiště,3
informace,3
komunikace,3
kraje,3
město,3
narození,3
nemovitost,3
obyvatelstvo,3
okresy,3
opendata,3
parcela,3
poplatky,3
pozemek,3
program,3
právní forma,3
regulace,3
rejstřík,3
silnice,3
služby,3
sociální služby,3
statistika,3
veřejné prostranství,3
veřejné zakázky,3
voda,3
věk,3
zastávka,3
zastávky,3
zdravotnické zařízení,3
území,3
úřad,3
školství,3
2005,2
2017,2
2018,2
2019,2
2021,2
Brno,2
Budovy,2
Cestovní ruch,2
EU,2
Maloobchod,2
MŠ,2
Národní,2
OFN,2
Ostrava,2
Počet obyvatel,2
Průzkum,2
Ramsar,2
RÚIAN,2
UNESCO,2
VOŠ,2
Zeměpisné soustavy souřadnicových sítí,2
ZÚR,2
ZŠ,2
alkohol,2
aplikace,2
architektura,2
autobus,2
bezbariérovost,2
brownfield,2
budova,2
budovy,2
bydlení,2
bytový fond,2
cenová mapa,2
covid-19,2
cyklo,2
distribuce,2
druh,2
druhy,2
economy,2
ekologie,2
emise,2
evropsky významná lokalita,2
firmy,2
fluktuace,2
fyzické osoby,2
hrob,2
hromadná doprava,2
informační technologie,2
intenzita,2
internet,2
investice,2
jízdní řády,2
kapacita,2
katalog,2
katastr,2
katastrální území,2
kategorie,2
klasifikace funkcí vládních institucí,2
komunální odpad,2
kontejnery,2
kontroly,2
koše,2
kvalita,2
lampy,2
les,2
lůžko,2
majetek,2
mateřská škola,2
mateřské školy,2
meteostanice,2
mhd,2
migrace,2
mobiliář,2
muzeum,2
městská policie,2
městské části,2
nabídka práce,2
nebytový prostor,2
nádoby,2
náklady,2
oblasti,2
obor,2
občanství,2
ochrana přírody,2
ochranné pásmo,2
odměňování,2
odpadové hospodářství,2
odpady,2
okres,2
okres Ostrava-město,2
opatření,2
oprávnění,2
osvětlení,2
památný strom,2
papír,2
park,2
parkovani,2
pasport,2
petice,2
pitná voda,2
platy,2
podnikání,2
podání,2
pohyb obyvatel,2
politika,2
popelnice,2
popis,2
poskytovatel,2
povodeň,2
počet obyvatel,2
pracovní místa,2
provozovny,2
právnické osoby,2
ptačí oblast,2
přestupky,2
příroda,2
příspěvkové organizace,2
přístupnost,2
recyklace,2
rezervace,2
rozhlas,2
rozhlasové vysílání,2
rozvoj,2
rychlost,2
seznam,2
sklo,2
souřadnicová síť,2
stanice,2
strom,2
stromořadí,2
stát,2
stěhování,2
sčítání,2
sňatky,2
tabulka,2
telefonní seznam,2
teplota,2
terén,2
ubytování,2
události,2
ukazatele,2
usnesení,2
vodní tok,2
volební okrsek,2
volná místa,2
volný čas,2
vrstevnice,2
vzdělání,2
výsledky voleb,2
vývoj,2
věková skupina,2
zahraničí,2
zaměstnanost,2
zaměstnavatelé,2
zařízení,2
zdraví,2
zemřelí,2
zákaz,2
základní škola,2
základní školy,2
údržba,2
úmrtí,2
územní plánování,2
účetnictví,2
Česká republika,2
část obce,2
Školy,2
školy,2
Geographical grid systems,2
National,2
code list,2
districts,2
municipality,2
 DKM,1
 MŠ,1
 Odbor správních činností,1
 RIV,1
 SGI,1
 SPI,1
 adresa,1
 adresní bod,1
 bydliště,1
 katastr. katastr nemovitostí,1
 majetek,1
 mateřská škola,1
 městský úřad,1
 odpadní vody,1
 parcely,1
 spádovost,1
 zápis,1
1:1000,1
1:2000,1
1:5000,1
2006,1
2007,1
2008,1
2009,1
2010,1
2011,1
2012,1
2013,1
2014,1
2015,1
2020,1
3D model,1
ADSL,1
AOPK,1
AOPK ČR,1
API,1
ATC,1
AZZP,1
Accessibility Guide,1
Accessibility Map,1
Adresy,1
Agenda,1
Akciová společnost,1
Aktivní organizace,1
Aktuality,1
Analytika,1
Antigenní testy,1
Architektura,1
Autobusy,1
BMIS,1
BMO,1
BRNO,1
BTEX,1
Biomonitoring,1
Bioregiony,1
Bohumín,1
Business and Economy,1
Business sectors in Brno,1
Bussiness in Brno,1
C10,1
C10-C40,1
C40,1
CATV,1
CDMA,1
CEA,1
CEDR,1
CEN,1
CEP,1
CF,1
CHKO,1
CIJUR,1
CIJZK,1
CIU,1
COFOG,1
CORINE Land Cover,1
CRAB,1
CYKLONEHODY,1
Celoevropské biogeografické regiony (směrnice o ptácích),1
Celoevropské biogeografické regiony (směrnice o stanovištích),1
Centrální registr administrativních budov,1
Cestovní pas,1
Chráněná území,1
Chráněné oblasti (rámcová směrnice o vodě),1
Chráněné území,1
Cizinec,1
Cizí jazyk,1
ClU,1
CollectR,1
Companies in Brno,1
Contours,1
Copernicus,1
"Cyklotrasy Jihomoravského kraje, Jihomoravský kraj",1
Cyklovýlety,1
CzechPOINT,1
DMP,1
DPB,1
DPMLJ,1
DPNK,1
DPP,1
DRUHVZD,1
DRUHVZDA,1
DSM,1
Data ze Zásad územního rozvoje,1
Databáze obcí,1
Deepview,1
Diagnostické indikace,1
Divadla,1
Dodávky léčivých přípravků do lékáren a zdravotnických zařízení 2019,1
Domy,1
Dopravní situace,1
Dotace eu,1
Druh soudu,1
Druh ukazatele,1
Druh účetní jednotky,1
Druh řízení,1
Družstvo,1
EDAS,1
EDS,1
EPH,1
EPH_GCP01E,1
ERP,1
EVL,1
EVP,1
EZP,1
Economy,1
Ekonomická aktivita,1
Ekonomika,1
Ekonomika Brna,1
Epidemiologické indikace,1
Euroregion,1
"Evropsky  významné lokality (soustava Natura 2000, směrnice o stanovištích)",1
Evropská družstevní společnost,1
Evropská společnost,1
Evropské hospodářské zájmové sdružení,1
Evropský parlament,1
FIN,1
FIN 1-12,1
FIN 1-12 OSS,1
FIN 1-12 OSS - Plnění rozpočtu KAP a OSS,1
FIN 1-12 SF,1
FIN 1-12 SF - Plnění rozpočtu SF,1
FIN 2-04 U,1
FIN 2-04 U - Plnění rozpočtu KAP,1
FIN 2-12 M,1
FIN 2-12 M - Plnění rozpočtu ÚSC,1
FIN SPO,1
FIN SPO - Plnění rozpočtu,1
FORMAVZD,1
FTTx,1
FWA,1
Faktury,1
Filharmonie,1
Finance,1
Finanční místo,1
Firmy v Brně,1
Forma účetní jednotky,1
GET DPB,1
GMO,1
GO,1
GOC,1
GPS,1
GSM,1
GTFS,1
Galerie,1
Geologie,1
HAREC,1
HDP,1
HG objekt,1
HPH,1
HS_U2,1
Hasiči,1
High Resolution Layers,1
Historická data,1
Hradec Králové,1
Hrady,1
Hroby,1
Hrubý domácí produkt,1
IDOL,1
IDS JMK,1
IDT,1
IO,1
IREDO,1
IRZ,1
IS,1
IS DP,1
IS VaVaI,1
ISOOS,1
ISVS,1
ISoSS,1
IT,1
IZR,1
IZS,1
Index půdní vláhy,1
Infocentra,1
Informační systém územní identifikace (ISÚI),1
Informačního systému odboru osiv a sadby,1
Inspekční elektronický systém,1
Interdisciplinární tým města Brna,1
Investiční akce,1
IČO,1
JERRS,1
JIP,1
JPV,1
"Jihomoravský kraj, Maloplošná zvláště chráněná území ",1
Jihočeský kraj,1
Jiné právnické osoby,1
KAM,1
KMČ,1
KN,1
KORID,1
Kapitola,1
Kapitola rozpočtu,1
Katastrální parcely,1
Katastrální pracoviště (KP),1
Kategorie počtu obyvatel,1
Kina,1
Klasifikace funkcí vládních institucí COFOG,1
Klasifikace územních statistických jednotek,1
Klasifikace územních statistických jednotek NUTS,1
Kluby,1
Knihovny,1
Komanditní společnost,1
Komunikace,1
Kontrolní činnost,1
Kostely,1
Krajinný pokryv,1
Kriticky ohrožený druh,1
Kultura,1
Kulturní domy,1
Kódy institucionálních sektorů a subsektorů,1
LIS,1
LLU,1
LP,1
LPIS,1
LRC,1
LTE,1
Land Monitoring Service,1
Lanovky,1
Lesy,1
Letecké snímkování,1
Louky,1
Lékaři,1
Lítačka,1
M2M,1
MFCR,1
MMS,1
MONITOR,1
MOS,1
MP,1
MPO,1
MTVÚ,1
MZCHÚ,1
MZE,1
Malé lesní prvky,1
Mariánské Hory,1
Masaryk University,1
Masarykova univerzita,1
Mateřská škola,1
Mezinárodní odborová organizace,1
Ministerstvo,1
Ministerstvo dopravy,1
Ministerstvo průmyslu a obchodu,1
Monitor,1
Monitoring obcí,1
Moravskoslezský kraj,1
Muzea,1
Mzda,1
Městský úřad Bohumín,1
MěÚ,1
NACE,1
NEHODY CHODCŮ,1
NEL,1
NGA,1
NKP,1
NKT,1
NKÚ,1
NNO,1
NOVICE,1
NP,1
NPP,1
NPR,1
NUTS,1
Nadace,1
Nadační fond,1
Narození,1
Nařízení (ES) 166/2006,1
Nelékařský personál,1
Nepropustnost povrchu,1
Nezaměstnanost,1
Neziskové organizace,1
Non-profit,1
Národní biogeografické oblasti,1
Následná péče,1
Nástroj,1
Návštěvnost,1
O2,1
OBSLU,1
OD,1
OF,1
OFC,1
OFL,1
OFM,1
OK,1
OMI,1
OOP,1
OP,1
OPV,1
ORP,1
OSPOD,1
OSS,1
OSS a SF (2010 - 2014),1
OSVČ,1
OVM,1
Obec s pověřeným obecním úřadem,1
Obec s rozšířenou působností,1
Obor služby,1
Obyvatelstvo,1
Občanský průkaz,1
Ochrana ovzduší a klimatu,1
Ochranné,1
Odbor správních činností,1
Odborová organizace,1
Odštěpný závod zahraniční právnické osoby,1
Olomouc,1
OpenData,1
Opevnění,1
Organizace,1
Organizace zaměstnavatelů,1
Organizační složka zahraniční nadace,1
Organizační složka zahraničního nadačního fondu,1
Organizační složky zahraničních právnických osob,1
Organizační struktura,1
Orgán veřejné moci,1
Ortofotosnímky,1
Osevní plocha,1
Osídlení,1
Otevřená data,1
PARO,1
PAU,1
PB,1
PCB,1
PCE,1
PCR test,1
PCR testy,1
PID,1
PIRLS,1
POR,1
POV,1
PP,1
PPk,1
PR,1
PVRS,1
PVS,1
PVS příjmy,1
PVS příjmy a PVS výdaje,1
PVS výdaje,1
Památky,1
Paragraf (čtyřmístný kód),1
Paragraf (šestimístný kód),1
Peněžní příjmy,1
Pevnosti,1
Platný,1
Plzeň,1
Plzeňský kraj,1
Pobočný spolek,1
Poddruh účetní jednotky,1
Podkladová jednotka,1
Podnikající fyzická osoba,1
Pohotovost,1
Policie,1
Položka výkazu,1
Pomocná část k FIN2-04U část V.,1
Poradní sbor RMB pro bezbariérové Brno,1
Poslanecká sněmovna,1
Povrchová půdní vlhkost,1
Počet domů,1
Počet zvířat,1
Pracoviště vědy a výzkumu,1
Pracovní místa,1
Pracovní neschopnost,1
Prague Organization of Wheelchair Users,1
Praha 3,1
Pražská organizace vozíčkářů,1
Preventivní a plošné testování,1
Produkce odpadů,1
Prostorová jednotka,1
Právnická osoba,1
Průmysl,1
Průmyslové,1
"Ptačí oblasti (soustava Natura 2000, směrnice o ptácích)",1
Přehled o změnách vlastního kapitálu,1
Přehled peněžních toků,1
Příloha,1
Příroda,1
"Přírodní parky, Jihomoravský kraj",1
Příspěvková organizace,1
Příspěvkové organizace,1
Půda,1
Q100,1
Q20,1
Q5,1
RDM,1
REDIZO,1
RES,1
RM,1
ROC,1
RSS,1
RVIN,1
Rada města,1
Rada ČTÚ,1
Registr osob,1
"Registr územní identifikace, adres a nemovitostí (RÚIAN)",1
Riparian Zones,1
Roads,1
Ropid,1
Rozhledny,1
Rozložení druhů,1
Rozpočet města Děčín,1
Rozpočtová položka,1
Rozpočtový program (Do 2014),1
Rozvaha,1
Rozšíření  druhů (směrnice o stanovištích),1
Rozšíření přírodních stanovišť (směrnice o stanovištích),1
SCHÚ,1
SDB,1
SDG,1
SF,1
SIM karty,1
SJZUR,1
SKD,1
SLDB,1
SLOPR,1
SLOZN,1
SLURA,1
SMP,1
SMS,1
SMVS,1
SO ORP,1
SOAP,1
SPO,1
SRC,1
SRS,1
STJZK,1
STUTA,1
SZR,1
Schválení účetní závěrky,1
Senát Parlamentu ČR,1
Seznamy regulovaných a registrovaných subjektů,1
Silnice,1
Silně ohrožený druh,1
Služební místa,1
Služební označení služebního místa,1
Služební označení služebního místa představeného,1
Služební úřad,1
Služební úřady,1
Směrnice 2009/147/ES,1
Směrnice 2010/75/EU,1
Směrnice 92/43/EHS,1
Směrná účtová osnova (položky účetních výkazů),1
Sociální služby,1
Soil Water Index – SWI,1
Speciální předpoklad na služební místo představeného,1
Spolek,1
Společenství vlastníků jednotek,1
Společnost s ručením omezeným,1
Správní jednotky,1
Správní poplatek,1
Standardizovaná jazyková zkouška,1
Stanoviště a biotopy,1
Statistické jednotky,1
Statues,1
Stavební povolení,1
Stavební produkce,1
Stavební zakázky,1
Stavy hospodářských zvířat,1
Stupeň utajení,1
Střední školy,1
Surface Soil Moisture – SSM,1
Sčítání domů,1
Sčítání lidu,1
Sčítání lidu domů a bytů,1
SŠ,1
T-mobile,1
TCE,1
THFK,1
TIC,1
TK,1
TV,1
TYPSOCSL,1
Typ finančního místa,1
Typ organizace,1
Těžba dřeva,1
UKZUZ,1
UMPS,1
UMTS,1
"UNESCO, světové dědictví, přírodní",1
US,1
Ukazatele účetní jednotky,1
Urban Atlas,1
VDSL,1
VES,1
VF,1
VFL,1
VFN,1
VISA BUSINESS,1
VKP,1
VO,1
VTA,1
VUZT,1
VZCHÚ,1
VaVaI,1
Vedení účetnictví,1
Vektorová data silniční a uliční sítě,1
Velikost obcí,1
Veřejná obchodní společnost,1
Vodafone,1
Vodní plochy a mokřady,1
Vrstevnice,1
Využití území,1
Vyšší odborné školy,1
Výběrová řízení,1
Výkaz zisku a ztráty,1
Výroba masa,1
Výrobní a průmyslová zařízení,1
Výsledovka,1
WIFI,1
WLL,1
Wave,1
ZDRZP,1
ZEK,1
ZM,1
ZSJ,1
Zahraniční fyzická osoba,1
Zahraniční obchod,1
Zastupitelstvo města,1
Zastávky,1
Zařízení sociálních služeb,1
Zdravotnická záchranná služba,1
Zdravotnictví,1
Zdravotní způsobilost,1
Zdroj,1
Zdroj financování organizací,1
Způsob odměňování,1
Zubaři,1
ZÚR KHK,1
Záchranný program,1
Zájmové sdružení právnických osob,1
Základní územní jednotka. územní jednotka,1
Zámky,1
"Záplavová území, Jihomoravský kraj",1
Zásady územního rozvoje,1
"Zásady územního rozvoje, Jihomoravský kraj",1
Závazné ukazatele státního rozpočtu (Do 2014),1
Závazné ukazatele státního rozpočtu (Od 2015),1
Záznamová jednotka,1
"Zóny havarijního plánování, Jihomoravský kraj",1
"Zóny záplavových území, Jihomoravský kraj",1
accessibility,1
administrativní hranice,1
administrativní jednotka,1
adresní bod,1
adresní místo,1
agenda,1
agendy,1
agentury práce,1
agrochemicke zkouseni zemedelskych pud,1
akciová společnost,1
aktivní zóna,1
aktualita,1
aktuality,1
aktuální situace,1
alej,1
amatérská služba,1
analýza riziková,1
analýzy relevantních trhů,1
antigenní testy,1
antény,1
arboretum,1
architecture,1
arondace,1
asistenční služby,1
atlas přístupnosti,1
audit,1
auta,1
automobil,1
azylové domy,1
azylový dům,1
banka,1
basic settlement unit,1
bazén,1
benzen,1
bez autorizace,1
bezbariérové Brno,1
bezbariérový vchod,1
bezbariérový vstup,1
bike,1
bike stand,1
bike to work,1
bike traffic,1
bikes,1
bikesharing,1
biking,1
bilance zahraničního obchodu,1
bio,1
bio obchody,1
biogeograficke,1
biogeografie,1
"biogeografie, biogeografické členění, ekologická síť, biogeografická provincie, subprovincie, bioregion, biochora",1
biologické prvky,1
biosféra,1
biosféra/ekologie/parametr ekologický/druh,1
biosféra/organismus/organismus vodní/ryba,1
biosféra/organismus/rostlina/rostlina tajnosnubná/mechorost,1
biosféra/organismus/rostlina/rostlina tajnosnubná/rostlina cévnatá,1
biosféra/organismus/živočich/bezobratlovec,1
biosféra/organismus/živočich/bezobratlovec/měkkýš,1
biosféra/organismus/živočich/strunatec/obratlovec/obojživelník,1
biosféra/organismus/živočich/strunatec/obratlovec/plaz,1
biosféra/organismus/živočich/strunatec/obratlovec/savec,1
biotop,1
bloková mapa,1
bod,1
bod-bod,1
bodové pole,1
boundaries,1
broadband,1
brýle,1
budování přístupových sítí,1
building heights,1
buildings,1
built up area,1
bus,1
businesses,1
buvoli,1
bydleni,1
bydlení v brně,1
bydliště,1
byt,1
bytová výstavba,1
bytový dům,1
bytový technik,1
call centrum,1
cashflow,1
celkový přírůstek,1
celá čr,1
cena,1
cena pozemku,1
cenové limity,1
cenové stropy,1
cenový barometr,1
centrum,1
centrální evidence projektů,1
cestovní doklad,1
cestovní ruch,1
cestování,1
charakter zástavby,1
chatové osady,1
chlorované uhlovodíky,1
chmi,1
chmu,1
chodci,1
chodníky,1
chovatel,1
chráněná,1
chráněná krajinná oblast,1
chráněná zóna,1
chráněné ložiskové území,1
chráněné území,1
chráněné území geodetického bodu,1
chráněný,1
chytré lavičky,1
circular economy,1
cirkulární ekonomika,1
cis-DCE,1
ciselnik chmelnic,1
ciselnik hnojiv,1
ciselnik plodin,1
city council,1
cizinci,1
cizinec,1
cleneni,1
companies,1
company,1
culek,1
cycling,1
cyclists,1
cyklisticke nehody,1
cyklistická infrastruktura,1
cyklistická opatření,1
cyklodetektory,1
cyklodoprava,1
cykloopatření,1
cyklostezka,1
cyklotrasa,1
další prvky mapy,1
daně,1
dary,1
data,1
databáze,1
datova sluzba,1
datová sada,1
datová služba,1
datové schránky,1
datové služby,1
datový slovník,1
daň,1
daňové přiznání,1
"definiční bod, reprezentační bod, centroid",1
definiční čára ulice,1
demografie,1
den,1
design,1
detailní popisy služeb,1
dezinfekce,1
diagnózy,1
digitalizovaná katastrální mapa,1
digitální,1
digitální katastrální mapa,1
disabled,1
disabled person,1
dispečink intenzivní péče,1
distribuce očkovacích látek,1
district,1
dluh,1
dluhopisy,1
dny v týdnu,1
doba řízení,1
dobývací prostor,1
doctor,1
dodací listy,1
dodavatel,1
dodavatelé,1
dodávky léčivých přípravků,1
dohoda,1
dokončené byty,1
dokončený byt,1
dokument,1
dokument převodu agend,1
domovní číslo,1
domovy pro seniory,1
domy,1
domácnost,1
domácnosti,1
domácnosti důchodců.,1
domácnosti zaměstnanců,1
domácí násilí,1
doplněk polohopisu,1
doprava cyklistická,1
dopravni,1
dopravní infrastruktura,1
dopravní omezení,1
dopravní prostředek,1
dopravní proudy,1
dopravní průzkum,1
dopravní přestupky,1
dopravní statistika,1
dopravní značky,1
doručování,1
dosažitelný uchazeč o práci,1
dotace na produkty,1
dotazníkové šetření,1
dotační,1
dovednosti,1
dovolená,1
dovoz,1
dovoz zboží a služeb,1
dph,1
dpmd,1
dpp,1
dpz,1
dražby,1
drinking,1
druh elektronického zařízení,1
druh hospodářského zvířete.,1
druh pozemku,1
druh soudu,1
druh soutěže,1
druh voleb,1
druh výsledku,1
druh zastupitelstva,1
druh zemědělské plodiny,1
druh činnosti na pozemku,1
druhy dřevin,1
družice,1
družstvo,1
"drážní doprava, městská doprava, tramvaj, trolejbus, metro, lanovka, jízdní řády, CIS JŘ",1
"drážní doprava, železnice, železniční stanice, železniční zastávky, jízdní řády, CIS JŘ",1
"drážní doprava, železnice, železniční tratě, jízdní řády, CIS JŘ",1
držitel poštovní licence,1
dvb-t,1
dvb-t2,1
dálnice,1
dávka nemocenského pojištění,1
délka trvání pracovní neschopnosti,1
dílčí plocha,1
dílčí služby,1
dětská hřiště,1
dětskáhřiště,1
dřeviny,1
důchodová ročenka,1
důchodové pojištění,1
důchody,1
dům,1
důvěra podnikatelů,1
důvěra spotřebitelů,1
důvěrnost údajů CEP,1
důvěrnost údajů RIV,1
eMIA,1
eOBS,1
eagri,1
economic activity,1
eet,1
ekodotace,1
ekonomická aktivita,1
ekonomické ukazatele,1
ekonomické zóny,1
ekonomické činnosti,1
ekonomický rozvoj,1
ekonomický subjekt,1
ekonomie,1
ekonomika v Brně,1
ekoprojekty,1
elektrické podání,1
elektro,1
elektronická úřední deska,1
elektronické komunikace,1
elektronické služby,1
elektřina,1
elevation,1
energetika,1
environment,1
esif,1
ethylbenzen,1
events,1
evidence,1
evidence pripravku a hnojiv,1
evidence zemedelskeho podnikatele,1
evidenční číslo budovy,1
evropská unie,1
evropský parlament,1
exekuce,1
exekuční srážka,1
eúřad,1
faktura,1
falza,1
farmářské trhy,1
fenoly,1
financování,1
financování organizací,1
finanční kontrola,1
finanční toky,1
finanční úřad,1
finanční úřady,1
firmy a organizace,1
floors,1
fondy,1
forma,1
funkce,1
funkce vládních institucí,1
funkční období,1
fáze úkonu,1
galerie,1
generalizovaná mapa,1
geodata,1
geodetický bod,1
"geografická informace, geoinformace, geoprostorová informace",1
"geografické jméno, zeměpisné jméno, geonymum",1
geografické zóny,1
"geografický značkovací jazyk (GML), značkovací jazyk geografie",1
geolocation data,1
geologie,1
geolokační data,1
geometrický plán,1
geonomenklatura,1
geopark,1
geoprostorová informace,1
georiziko,1
gismb,1
gradient,1
gtfs,1
handicapovaný,1
harmonogram,1
hazard,1
hazardní hry,1
hdp,1
health centre,1
hektarový výnos,1
help,1
helpdesk,1
hendikep,1
hendikepovaný,1
herny,1
historicka data,1
hladina,1
hlasovací protokoly,1
hlasování zastupitelstva,1
hlasové služby,1
hlasový provoz,1
hlavní město Praha,1
hloubka podzemní vody,1
hlášení závad,1
hnojiva,1
hodnocení projektů,1
hodnota zakázek,1
hornina,1
hospitace,1
hospital,1
hospitalizace,1
hospitační záznam,1
hospodářská zvířata,1
hospodářství,1
hotel,1
hotely,1
housing,1
housing areas of the city,1
housing types,1
hranice metropolitní oblasti,1
hranice parcely,1
hranice správní,1
hranice územní správní jednotky,1
hranice ČR,1
hranice České republiky,1
hrobová skupina,1
hrobové místo,1
hromadná ubytovací zařízení,1
hromadné ubytovací zařízení,1
hrubá měsíční mzda.,1
hrubá přidaná hodnota,1
hrubý domácí produkt,1
hydrogeologie,1
hydrologický objekt,1
hygiena,1
hřbitov,1
identifikace koruny,1
incidence,1
index průmyslové produkce,1
index spotřebitelských cen,1
index stavební produkce,1
index tržeb,1
indikační skupina,1
indikátor důvěry,1
individuální oprávnění,1
indukční smyčka,1
informativní osobní list důchodového pojištění,1
informační centrum,1
informační kiosek,1
informační systém,1
informační systém katastru nemovitostí (ISKN),1
informační systém základních registrů,1
informační systémy,1
infrastruktura,1
inkaso,1
inscenace,1
insolvence,1
insolvenční řízení,1
inspekce,1
inspekční zpráva,1
inspekční činnost,1
institucionální sektory,1
institucionální subsektory,1
instituciální sektory a subsektory,1
integrovany zemedelsky registr,1
intenzita dopravy,1
intervaly,1
invalida,1
invalidita,1
inženýrská geologie,1
inženýrské stavitelství,1
jatka,1
jazyky,1
jednotka,1
jednotka intenzivní péče,1
jednotky věku,1
jehličnaté stromy,1
jiná časová specifikace,1
jiné budovy,1
jmenovatel podílu,1
jídelna,1
jíl,1
jízdenky,1
jízdné,1
jízdní řád,1
k.ú.,1
kalendář,1
kandidáti,1
kandidátní listiny,1
kandidátních listiny,1
kapitola,1
karviná,1
kasina,1
katalog služeb,1
katastr nemovitostí (KN),1
katastr nemovitostí ČR,1
katastralní území,1
katastrální mapa,1
katastrální parcela,1
katastrální výměra,1
kategorie orgánů veřejné moci,1
kategorie soukromoprávních uživatelů údajů,1
kategorie subjektu,1
kategorie ubytovacích zařízení,1
kategorie ubytovacího zařízení,1
kategorie výzkumu,1
kategorie závad,1
kemp,1
kempy,1
kino,1
klad,1
klasifikace,1
klasifikace ekonomických činností,1
klasifikace individuální spotřeby,1
klasifikace institucionálních sektorů a subsektorů,1
klasifikace neziskových institucí,1
klasifikace produkce,1
klasifikace stavebních děl,1
klasifikace vzdělání,1
klasifikace zaměstnání,1
klasifikace územních statistických jednotek,1
klid,1
klidové území,1
klub,1
kmitočtová pásma,1
kmitočty,1
kniha doručených faktur,1
knihovna,1
kolegium,1
koleje,1
kolektor,1
kolo,1
koloběžky,1
kombinovaná nomenklatura,1
komise,1
komunikační technologie,1
komunitní lednice,1
komunitní zahrady,1
komunální odpady,1
komunální volby,1
koncentrace,1
koncepce,1
koncese,1
konjunkturální průzkum,1
kontakt,1
kontakty,1
kontaminace,1
kontaminace hornin,1
kontaminace vod,1
kontejner,1
kontrola NKÚ,1
kontrola stavby,1
kontrolní akce,1
kontrolní závěr,1
kontrolovaná osoba,1
konzumace,1
"koordinátor, rodinná politika, Jihomoravský kraj, sociální služby",1
koronavirus,1
kostel,1
kovové vedení,1
koš,1
krajinný pokryv,1
krajská města,1
krajské hygienické stanice,1
kriminalita,1
krizové centrum,1
kulturní akce,1
kupony,1
kvalifikovaní dodavatelé,1
kvalita ovzduší,1
kvasný líh,1
kvazigeoid,1
kód aktivity,1
kód země,1
kóta,1
kú,1
křižovatka,1
křižovatky,1
laboratoře,1
lamps,1
landcover,1
landmarks,1
landsat8,1
landuse,1
lavičky,1
lesniurad,1
lesní dřeviny,1
lesy,1
letecká pohyblivá služba,1
licenční poplatek,1
licitace bytů,1
lights,1
linky,1
linky MHD,1
list,1
listnaté stromy,1
ložisko,1
lékař,1
lékařská posudková služba,1
lékárna,1
léčivá látka,1
léčivé přípravky,1
léčivý přípravek,1
magistrát,1
majetek města,1
majetek státu,1
makroekonomika,1
maloobchodní ceny,1
maloobchodní služby,1
maloplošné zvláště chráněné území,1
manželská poradna,1
manželství,1
mapa,1
mapa přístupnosti,1
mapová značka,1
mapování,1
mapové podklady,1
mapový list,1
mateřská,1
mateřská škola ,1
matriční úřady,1
maximální cena,1
maximální ceny,1
maximální kapacita,1
mechanická měna,1
mechanický pohyb,1
medián mezd,1
meliorace,1
meraki,1
meteodata,1
meterologie,1
metropolitan area,1
metropolitan area municipalities,1
metropolitka,1
metropolitnisit,1
metropolitní oblast,1
mezinárodní,1
mezinárodní ochrana,1
mezinárodní organizace,1
mezinárodní spolupráce,1
mezinárodní šetření,1
mezispotřeba,1
micromobility,1
mimopracovní,1
mimorozpočtové prostředky,1
ministerstvo zemedelstvi,1
ministerstvo zemědělství,1
mmk,1
mobil providers,1
mobilita,1
mobiliář města,1
mobilní,1
mobilní obslužná místa,1
mobilní operátoři,1
mobilní signál,1
mobilní služby,1
mobilní sítě,1
model,1
mokřad,1
mokřad mezinárodního významu,1
monitoring,1
mzda,1
mze,1
míra ekonomické aktivity,1
míra inflace,1
míra nezaměstnanosti,1
míra specifikace,1
místa v zařízeních sociálních služeb,1
místní,1
místní komunikace,1
místní samosprávné jednotky (LAU),1
místo pro stany a karavany,1
měny,1
městské obvody,1
městské obvody Prahy,1
městské obvody a městské části,1
městské obvody v Praze,1
městský byt,1
městský mobiliář,1
městský obvod v Praze (MOP),1
městský obvod/městská část (MOMC),1
měřicí jednotky,1
měřidla,1
nadmořská výška (H),1
nadregionální biocentra,1
naděje dožití,1
nahodilá těžba.,1
navážka,1
nařízení ES,1
nařízení EU o Jednotné digitální bráně,1
nařízení vlády,1
nařízení vlády č. 153/2005 Sb.,1
nebankovní poskytovatel,1
nebožtík,1
nebytové prostory,1
nedopatek,1
nedoplatek,1
nedplatek,1
nehody,1
nejvýznamnější zeleň,1
nemoc a úraz.,1
nemocenské pojištění,1
nemoci,1
nemocnice,1
"nemovitost, nemovitá věc",1
nemovitosti,1
neogén,1
nepolární extrahovatelné látky,1
neslyšící,1
nestátní nezisková organizace,1
neveřejná komunikační síť,1
nextbike,1
nezaměstnanost,1
nezaměstnaní,1
nezisk,1
neziskovky,1
neziskový sektor,1
neúnosná zátěž,1
nitratova smernice,1
nomenklatura územních statistických jednotek (NUTS),1
non-profit organizations,1
nové zakázky,1
noční klid,1
nádoba na odpad,1
nádoby na odpad,1
nádraží,1
náhrady,1
nákladově orientované ceny,1
náklady na dosažení výsledku,1
nález,1
nálezy,1
námitky,1
námořní pohyblivá služba,1
národní park,1
národní přírodní památka,1
národní přírodní rezervace,1
násilí,1
návštěvnost ubytovacích zařízení,1
názvy,1
obce metropolitní oblasti,1
obce s rozšířenou působností,1
obchodní společnost,1
obchodní společnosti,1
období 01/2018,1
období 01/2019,1
období 01/2020,1
období 01/2021,1
období 02/2018,1
období 02/2019,1
období 02/2020,1
období 02/2021,1
období 03/2013,1
období 03/2014,1
období 03/2015,1
období 03/2016,1
období 03/2017,1
období 03/2018,1
období 03/2019,1
období 03/2020,1
období 03/2021,1
období 04/2018,1
období 04/2019,1
období 04/2020,1
období 04/2021,1
období 05/2018,1
období 05/2019,1
období 05/2020,1
období 05/2021,1
období 06/2013,1
období 06/2014,1
období 06/2015,1
období 06/2016,1
období 06/2017,1
období 06/2018,1
období 06/2019,1
období 06/2020,1
období 06/2021,1
období 07/2018,1
období 07/2019,1
období 07/2020,1
období 07/2021,1
období 08/2018,1
období 08/2019,1
období 08/2020,1
období 08/2021,1
období 09/2013,1
období 09/2014,1
období 09/2015,1
období 09/2016,1
období 09/2017,1
období 09/2018,1
období 09/2019,1
období 09/2020,1
období 09/2021,1
období 10/2018,1
období 10/2019,1
období 10/2020,1
období 11/2018,1
období 11/2019,1
období 11/2020,1
období 12/2010,1
období 12/2011,1
období 12/2012,1
období 12/2013,1
období 12/2014,1
období 12/2015,1
období 12/2016,1
období 12/2017,1
období 12/2018,1
období 12/2019,1
období 12/2020,1
období 12/2021,1
obec s pověřeným obecním úřadem (POU),1
obec s rozšířenou působností,1
obec s rozšířenou působností (ORP),1
obecne ciselniky,1
obecni bydleni,1
obecní bydlení,1
obecní byt,1
objednavky,1
objekt,1
objekt práva,1
objekty na vodních tocích,1
oblast riziková,1
oblouková geometrie,1
obor OECD,1
oborová skupina,1
obory činnosti,1
obrat zahraničního obchodu,1
obsazenost,1
obsazenost porkovišť,1
obslužná místa,1
obvod,1
obvody,1
obvyklý pobyt,1
obyvatelé,1
občan,1
občanský průkaz,1
ocenění,1
ochrana,1
ochrana krajiny,1
ochrana proti záření,1
ochrana půdy,1
ochrana zeleně,1
ochrana životního prostředí,1
ochranná pásma,1
ochranné oděvy,1
ochranné prostředky,1
ochranný materiál,1
odborná způsobilost,1
odběr,1
odběrová místa,1
odběrové sady,1
odběry,1
odchody spojů,1
odměny,1
odpadkové koše,1
odpadkový koš,1
odpaďák,1
odrudy,1
odrůdy,1
odvolání,1
odvětví ekonomické činnosti.,1
odvětví.,1
office,1
ok,1
okres (NUTS),1
okres Benešov,1
okres Beroun,1
okres Blansko,1
okres Brno-město,1
okres Brno-venkov,1
okres Bruntál,1
okres Břeclav,1
okres Cheb,1
okres Chomutov,1
okres Chrudim,1
okres Domažlice,1
okres Děčín,1
okres Frýdek-Místek,1
okres Havlíčkův Brod,1
okres Hodonín,1
okres Hradec Králové,1
okres Jablonec nad Nisou,1
okres Jeseník,1
okres Jihlava,1
okres Jindřichův Hradec,1
okres Jičín,1
okres Karlovy Vary,1
okres Karviná,1
okres Kladno,1
okres Klatovy,1
okres Kolín,1
okres Kroměříž,1
okres Kutná Hora,1
okres Liberec,1
okres Litoměřice,1
okres Louny,1
okres Mladá Boleslav,1
okres Most,1
okres Mělník,1
okres Nový Jičín,1
okres Nymburk,1
okres Náchod,1
okres Olomouc,1
okres Opava,1
okres Ostrava - město,1
okres Pardubice,1
okres Pelhřimov,1
okres Plzeň-jih,1
okres Plzeň-město,1
okres Plzeň-sever,1
okres Prachatice,1
okres Praha,1
okres Praha-východ,1
okres Praha-západ,1
okres Prostějov,1
okres Písek,1
okres Přerov,1
okres Příbram,1
okres Rakovník,1
okres Rokycany,1
okres Rychnov nad Kněžnou,1
okres Semily,1
okres Sokolov,1
okres Strakonice,1
okres Svitavy,1
okres Tachov,1
okres Teplice,1
okres Trutnov,1
okres Tábor,1
okres Třebíč,1
okres Uherské Hradiště,1
okres Vsetín,1
okres Vyškov,1
okres Zlín,1
okres Znojmo,1
okres děčín,1
okres Ústí nad Labem,1
okres Ústí nad Orlicí,1
okres Česká Lípa,1
okres České Budějovice,1
okres Český Krumlov,1
okres Šumperk,1
okres Žďár nad Sázavou,1
okrsek,1
okrsková data,1
okrsky,1
okruh,1
olomouc,1
omezená schopnost pohybu,1
omezení,1
omi,1
online dispečink intenzivní péče,1
opakované testy,1
opatření obecné povahy,1
opencard,1
opravné prostředky,1
oprávnění k přístupu,1
organizační složka státu,1
organizační statistika,1
orgán sociálně právní ochrany dětí,1
orgán veřejné moci,1
orgány veřejné moci,1
orientační hodnota,1
orientační číslo budovy,1
osev,1
osnova popisu úkonů orgánu veřejné moci,1
osobnost,1
osobní daňový účet,1
osobní počítač,1
osobní účet,1
osoby s omezenou schopností pohybu,1
ostatní platby za provedenou práci,1
osvědčení,1
osy vodních toků,1
osídlení.,1
otevřená data,1
otevřené služby nad prostorovými daty,1
ověřování,1
označník,1
označníky,1
označování zboží,1
oznámená,1
oznámení,1
oznámení podnikání,1
očkovací látka,1
očkovací místo,1
očkovací zařízení,1
očkování,1
padělky,1
památka,1
památky,1
památné,1
památný,1
paralelní modul výkonnosti,1
parcelní číslo,1
parcely,1
parcely SMB,1
parking,1
parkovací domy,1
parky,1
parliament,1
participace,1
participativní rozpočet,1
participatory budget,1
partneři,1
pas,1
pasport geologie,1
patenty,1
penzion,1
penziony,1
peníze,1
peněžité plnění,1
peněžní toky,1
personalistika,1
personál,1
personální ukazatele,1
pes,1
petiční zákon,1
petrografie,1
pevná služba,1
pevné rádiové systémy,1
pevné sítě,1
pevný přístup k síti Internet,1
pečovatelská služba,1
pid,1
pití,1
plast,1
plastika,1
plasty,1
platební karty,1
platební poukazy,1
platné hlasy,1
plavání,1
playground,1
playlist,1
plnění,1
plocha zeleně,1
plochy,1
plochy městské zeleně,1
plodina,1
plodiny,1
plošná mapa,1
plyn,1
plánované odstávky,1
pobočka banky,1
pobočková síť,1
pobíhání,1
pocitová mapa,1
poddruh výsledku,1
podkladová mapa,1
podlažnost,1
podlaží,1
podmínky financování,1
podnik s významnou tržní silou,1
podnikatelé,1
podnikové odpady,1
podnět,1
podpora,1
podrobné polohové bodové pole (PPBP),1
podzemní voda,1
podíl nezaměstnaných,1
pohledávky,1
pohřebiště,1
poi,1
pojištěnci,1
pojištění,1
pokoj,1
pokrytí infrastrukturou,1
pokrytí signálem,1
pokuta,1
pokuty,1
pole,1
policie ČR,1
poliklinika,1
politické strany,1
polohy,1
položka,1
položky,1
polychlorované bifenyly,1
polycyklické aromaticé uhlovodíky,1
pomoc,1
pomoc obětem domácího násilí,1
popisné číslo budovy,1
poplatek,1
populace,1
population movements,1
populační census,1
poradna,1
porost,1
portál otevřených dat,1
porážky zvířat,1
poskytovatelé podpory,1
poskytovatelé sociálních služeb,1
poskytování informací,1
post-paid,1
postavení v zaměstnání,1
potraty,1
potravina,1
potravinářské zboží,1
potvrzené případy,1
použité ampulky,1
povinnost sběru adresy,1
povinnosti,1
povodí,1
povodí labe,1
povodí moravy,1
povodí odry,1
povodí ohře,1
povodí vltavy,1
pověřené obecní úřady,1
pověřený obecní úřad,1
pozemek/území chráněné,1
pozemní stavitelství,1
počasí,1
počet,1
počet hlasů,1
počet hostů,1
počet kandidátů,1
počet přenocování,1
počet stavebních povolení,1
počet turistů,1
počet voličů,1
počet zaměstnanců,1
počet zemřelých,1
poštovny,1
poštovní schránky,1
poštovní služby,1
poštovní směrovací číslo (PSČ),1
poštovní trh,1
poštovní zásilky,1
pošty,1
pošty Partner,1
požadavky,1
pracoviště,1
pracovní,1
pracovní cesty,1
pracovní neschopnost,1
pracovní příležitost,1
pracovní síla,1
pracovní vztah,1
pracovněprávní vztah,1
pracovněprávní vztahy,1
praha,1
praha 5,1
praha5,1
prasata,1
pre-paid,1
predikce,1
premiéry,1
prevalence,1
prezident,1
prioritní skupina,1
pripravky na ochranu rostlin,1
prodej zboží,1
produkce,1
profese,1
program na podporu projektů,1
projects,1
projekt,1
projekty,1
projekty participativního rozpočtu,1
prokázaná nákaza,1
pronájem,1
protipovodni,1
provedené testy,1
provoz,1
provozní náklady,1
provozovatelé,1
práva a povinnosti,1
právní forma organizace,1
právní formy,1
právní předpis,1
právo [soubor předpisů]/úmluva/úmluva mezinárodní,1
průjezd,1
průjezdnost,1
průkaz,1
průmysl,1
průmyslová odvětví,1
průmyslová produkce,1
průmyslový areál,1
průměrná mzda,1
průměrný plat,1
průměrný počet přenocování,1
průzkum,1
průzkum geologický,1
průzkumné území,1
public transit,1
public transport,1
public transport routes,1
publikační plán,1
písmeno čísla orientačního,1
pítka,1
pětileté věkové skupiny,1
přednostní hlasy,1
představení,1
představitelé,1
předání působnosti,1
předškolní vzdělávání,1
přehled,1
přenesená čísla,1
přenocování,1
přenos,1
přenos R signálu,1
přenos TV signálu,1
přenositelnost,1
přepravní doby,1
přeshraniční pojetí,1
přestupek,1
převod služeb veřejné správy,1
převod činností,1
přiměřený zisk,1
připojení k internetu,1
přirozená měna,1
přirozený pohyb,1
přistěhovalí,1
příděly,1
příjemce,1
příjmy domácností,1
přípojky,1
přírodní památka,1
přírodní park,1
přírodní parky,1
přírodní rezervace,1
přírůstkové náklady,1
přírůstkové výnosy,1
příslušnost k českým právním předpisům,1
příspěvkovéorganizace,1
příspěvky operátorů,1
přístrojová technika,1
přístup k veřejně dostupné telefonní službě,1
příčina smrti,1
příčné překážky,1
působnost v agendě,1
původní geometrie,1
racionalni hnojeni,1
radioamatérské služby,1
radiokomunikační aplikace,1
radiokomunikační služby,1
radiokomunikační účet,1
radiotelefonista,1
radniční noviny,1
radní,1
referenční mapa,1
region,1
region NUTS,1
region soudržnosti,1
regiony,1
regionální účty,1
registr,1
registr de minimis,1
registr distributoru,1
registr ekonomických subjektů,1
registr podpor maleho rozsahu,1
registr práv a povinností,1
registr smluv,1
registr vinic,1
registrace,1
registrované partnerství,1
registry,1
regulativa,1
regulované nabídky,1
rejstřík informací o výsledcích,1
reklama,1
reprezentanty pro spotřebitelské ceny,1
reprofilizovaná kapacita,1
respirátory,1
revitalizace,1
revíry městské policie,1
riziko,1
roaming,1
rodina,1
rodinná poradna,1
rodinný dům,1
rodičovská,1
role při výkonu veřejné správy,1
roofs,1
ropid,1
router,1
routes,1
roušky,1
rovinná pravoúhlá souřadnicová síť,1
rozhlasové vysílače,1
rozhlasový příjem,1
rozhodnutí,1
rozpočet ÚSC,1
rozpočtová položka,1
rozpočty,1
rozvody,1
rozšířená působnost,1
roční,1
rpp,1
rukavice,1
rušená zařízení,1
rušící zařízení,1
rychlotesty,1
rádio,1
rádiová síť,1
rádiová zařízení,1
rádiové spektrum,1
rádiové zařízení,1
saldo indikátoru důvěry,1
samostatný zprostředkovatel,1
sanace,1
sankce,1
satelitní příjem,1
savci,1
savec,1
sazba pojištění,1
sbírky,1
sběrné středisko,1
sběrnénádoby,1
sběrný dvůr,1
schválená,1
schválená zařízení,1
scooter,1
scooter stands,1
sdilenadoprava,1
sdílená,1
sektory,1
sentinel,1
separovaný odpad,1
sesuv,1
seznam DPB,1
seznam orgánů ,1
seznam orgánů veřejné moci,1
seznam výrobků,1
seznam činností,1
sezónní a jiná očištění,1
sharing,1
shp,1
signalizace,1
silnicni_doprava,1
silniční doprava,1
silniční zeleň,1
skladování,1
sklizeň,1
sklon,1
sklony,1
skládka,1
skot,1
skupina hrobů,1
skupina stromů,1
slope,1
slopes,1
sloupky,1
sloupy,1
sluchové postižení,1
služba,1
služba veřejné správy,1
smlouva,1
smluvně chráněné území,1
směnnosti,1
směnárenská činnost,1
směnárna,1
směnárník,1
směr větru,1
socha,1
sochy,1
sociální poradny,1
"sociální péče, služby, Jihomoravský kraj",1
"sociální služby, Jihomoravský kraj, poskytovatelé",1
sociální zabezpečení,1
software,1
sonda,1
soudní spory,1
soukromoprávní uživatel údajů,1
soutěž,1
souřadnicový systém,1
specializovaná poradna,1
speciální případy časové specifikace,1
spektrum,1
sport;hřiště;koupaliště;sportoviště,1
sportovní akce,1
sportovní aktivita,1
sportovní klub,1
sportovní vyžití,1
spory,1
spotřeba podle účelu,1
spotřebitel,1
spotřebitelské ceny,1
spotřebitelský úvěr,1
spoření,1
správa domů,1
správa čísel,1
správce,1
správní,1
správní hranice,1
správní jednotky,1
správní obvod v Praze (SOP),1
správní obvody Prahy,1
správní rozhodnutí,1
správní členění,1
správní řád,1
spádovost,1
srážková voda,1
srážky,1
stanoviště,1
stará ekologická zátěž,1
statistická proměnná,1
statistické jednotky,1
statistický metainformační systém,1
statistik,1
statistiky,1
statni rostlinolekarska sprava,1
statutární města,1
stav obyvatel,1
stav podpory,1
stav projektu,1
stav soutěže,1
stav stavebních zakázek,1
stav uplatnění výsledku,1
stav zvířat,1
stavba,1
stavebnictví,1
stavební,1
stavební objekt,1
stavební objekty,1
stavební parcela,1
stavební pozemek,1
stavební zákon,1
stavební úřady,1
stezka,1
stk,1
stojany na kola,1
stop,1
stops,1
strany,1
strategický plán,1
strategie,1
stratigrafie,1
street lights,1
stromy,1
struktura,1
studenti,1
studia,1
studie,1
studna,1
státní,1
státní občanství,1
státní podnik,1
státní pokladna,1
státní příslušnost,1
stížnost,1
stížnosti,1
střechy,1
střední délka života,1
střední stav obyvatel,1
střední vzdělávání,1
střední škola,1
subjekt,1
subjekt města ,1
subjekt práva,1
subsektory,1
subsidies,1
supervizor,1
suroviny nerostné,1
svahový pohyb,1
svobodný přístup k informacím,1
svoz,1
svítidla,1
systemizovaná místa,1
sázkové kanceláře,1
sídla firem,1
sídlo,1
síla větru,1
sítě,1
síť,1
síť provozoven,1
sčítání lidu,1
tabule,1
tampóny,1
tarif,1
technicko-ekonomické atributy,1
technické prvky,1
technické sítě,1
technické údaje,1
telefon,1
telefonická poradna,1
telefonní sítě,1
telefonní čísla,1
televize,1
televizní příjem,1
televizní vysílače,1
televizní vysílání,1
tematická kontrola,1
terminace,1
testování,1
testy,1
testy s korekcí na opakovaně pozitivní testy,1
tetování,1
textil,1
timetable data,1
tlak,1
toluen,1
tourist places,1
track,1
traffic,1
tramvaj,1
transit,1
transparence,1
transparency,1
transport,1
transport routes,1
trasování linek,1
trasy,1
trasy linek,1
trestní oznámení,1
trestný čin,1
trh práce,1
tržby,1
tržní služby,1
turism,1
turismus,1
turistická místa,1
turistické cíle,1
turistické oblasti,1
turistické regiony,1
turistický cíl,1
turistický ruch,1
turisté,1
turizmus,1
tuři,1
tvorba hrubého fixního kapitálu,1
typ akce,1
typ datové schránky,1
typ místní příslušnosti,1
typ obce,1
typ obslužného kanálu,1
typ odpadu,1
typ organizační složky státu,1
typ podpory,1
typ programu,1
typ působnosti,1
typ rozhodnutí o schválení převodu působnosti,1
typ rozhodnutí o založení dokumentu převodu agend,1
typ služby veřejné správy,1
typ subjektu,1
typ veřejné soutěže,1
typ vykonavatele úkonu,1
typ činnosti,1
types of housing,1
typologie bydlení,1
typy území,1
téma,1
téma práce,1
týden,1
týdenní počty,1
těžba dřeva,1
těžké kovy,1
třidění,1
třídník zboží,1
třídy,1
třídění,1
třídění odpadu,1
ubytovací zařízení,1
ubytovna,1
ubytovny,1
uchazeč o práci,1
uchazeči,1
uchazeči o zaměstnání,1
udržitelnost,1
udržitelná metropole,1
událost,1
uhel sklonu,1
ukazatel,1
ukazatele ÚJ,1
ukončení volání,1
ulic,1
uložené povinnosti,1
umělecká díla,1
umění,1
univerzální služba,1
unp3,1
urbanismus,1
urbanuismus,1
uses,1
ustálená hladina,1
uzavírání pošt,1
uzemi,1
učitel,1
učitelka,1
užitné,1
uživatel,1
užívání,1
vakcinace,1
vazba,1
vchod,1
vegetace,1
velikostní skupina obcí,1
velkoobchodní ceny,1
velkoobchodní služby,1
verejny LPIS,1
veřejná hudební produkce,1
veřejná komunikační síť,1
"veřejná linková doprava, drážní doprava, městská doprava, dopravce, jízdní řády, CIS JŘ",1
"veřejná linková doprava, drážní doprava, městská doprava, zastávka, jízdní řády, CIS JŘ",1
veřejná soutěž,1
veřejná zakázka,1
veřejné,1
veřejné dokumenty,1
veřejné instituce,1
veřejné konzultace,1
veřejné osvětlení,1
veřejné telefonní automaty,1
veřejnéosvětlení,1
veřejný informační systém InspIS PORTÁL,1
veřejný pořádek,1
veřejný prostor,1
virtuální prohlídka,1
vlak,1
vlastnictví,1
vlastní kapitál,1
vlastník nemovitosti,1
vlhkost,1
vlhkost vzduchu,1
vládní instituce,1
vládní usnesení,1
vnitrobloky,1
vnitrostátní,1
vnitřní kresba,1
vo,1
vodní hospodářství,1
vodní nádrže,1
vodní plocha,1
vodní toky,1
vodoprávní rozhodnutí,1
vodstvo,1
volací značky,1
volby do EP,1
volby do evropského parlamentu,1
volby do zastupitelstev obcí,1
volby děčín,1
volební kraje,1
volební okrsky,1
volit,1
volná kapacita,1
volná pracovní místa,1
volný pohyb,1
voting,1
vozovky,1
vozíčkář,1
vrt,1
vrtná prozkoumannost,1
vstup,1
vybavenost domácností,1
vybavení,1
vyhláška,1
vyhláška 515/2020,1
vyhláška č. 464/2012 Sb.,1
vyhláška č. 465/2012 Sb.,1
vyhodnocení,1
vyhodnocení veřejné soutěže,1
vyjížďka,1
vyjížďka do zaměstnání,1
vyléčení,1
vymáhání,1
vyměřovací základ,1
vynálezy,1
vyplacené dávky,1
vypouštění,1
vysokorychlostní přístup k internetu,1
vysokoškolské vzdělávání,1
vystěhovalí,1
vysílače,1
vysílání,1
využití patentu,1
využití rádiového spektra,1
využití výsledku,1
vyzařovací diagramy,1
vyzkumny ustav zemedelske techniky,1
vyšší odborná škola,1
vyšší odborné vzdělávání,1
vyšší územní samosprávný celek (VÚSC),1
vzchu,1
vzdělávací obory,1
vzdělávání ,1
vzory,1
vázaný zástupce,1
výbor komise termín jednání,1
výbory,1
výdaje na vědu a výzkum,1
výdejní místa,1
výkaz,1
výkazy,1
výpis,1
výplata důchodů,1
výroční zpráva,1
výsledek,1
výsledky,1
"výsledky sčítání lidu, domů a bytů",1
výstava,1
výstavba,1
vývoz,1
vývoz zboží a služeb,1
"výzkum, experimentálni vývoj a inovace",1
výzkumní pracovníci,1
významná osobnost,1
významný krajinný prvek,1
výše dávek,1
výška,1
výška budov,1
včelnice,1
věcné břemeno,1
věková struktura,1
všeobecné oprávnění,1
water,1
webova sluzba,1
webová služba,1
wheelchair,1
widget,1
workout,1
xDSL,1
xylen,1
zadavatel,1
zahrady,1
zahraniční,1
zahraniční obchod se zbožím,1
zahraniční zprostředkovatel spotřebitelského úvěru na bydlení,1
zajištění zboží,1
zajišťovací příkaz,1
zajišťovací úhrada,1
zakládní sídelní jednotka,1
zakázky,1
zaměstnanci vědy a výzkumu,1
zaměstnanec,1
zaměstnaní,1
zaměstnání,1
zaplněnost,1
zasakování,1
zastavěné území,1
zastupitelstva krajů,1
zastupitelé,1
zastávka MHD,1
zdravotnická zařízení,1
zdravotnické prostředky,1
zdravotnický prostředek,1
zdravotní postižení,1
zdravotní problémy,1
zdravotní péče,1
zdroj,1
zdroj údaje,1
zdroje rušení,1
zdroje vody,1
zemedelska vodohospodarska sprava,1
zemské digitální televizní vysílání,1
země,1
země (alfanumericky),1
zemědělská plodina,1
zemřelý,1
zesnulý,1
zima,1
zimní období,1
zjištěná aktivita,1
zkušební komise,1
zm,1
znacky,1
znak,1
znaková řeč,1
znakování,1
znakový jazyk,1
značení,1
znehodnocené ampulky,1
známky,1
zona,1
zonace,1
zoo,1
zpoždění,1
zpravodajské jednotky SOP,1
zprostředkovatel vázaného spotřebitelského úvěru,1
zprostředkování zaměstnání,1
zpráva,1
zpráva o plnění povinnosti,1
zps,1
způsob publikování,1
ztráta,1
ztráta z poskytování univerzální služby,1
ztráta z poskytování zvláštních cen,1
ztráty,1
zvláštní ceny,1
zvláštní sociální potřeby,1
zvláště chráněné území,1
základní polohové bodové pole (ZPBP),1
základní služby,1
základní sídelní jednotka,1
základní sídelní jednotka - díl,1
základní sídelní jednotky,1
základní vzdělávání,1
základní územní jednotka,1
základní územní jednotky,1
zákon,1
zákon o elektronických komunikacích,1
zákon č. 106/1999 Sb.,1
zákon č. 127/2005 Sb.,1
zákon č. 130/2002 Sb.,1
zákon č. 236/1995 Sb.,1
zákon č. 29/2000 Sb.,1
zákon č. 304/2007 Sb.,1
zákon č. 435/2004 Sb.,1
zákon č. 500/2004 Sb.,1
zákon č. 85/1990 Sb.,1
zákona č. 151/2000 Sb.,1
zánik subjektu,1
zánik výplaty,1
zápis,1
záplavová území,1
záruky,1
zástavba,1
závazné ukazatele,1
závazný ukazatel,1
záznam,1
záštity,1
zóna,1
§ 129 ZEK,1
§ 18 ZPS,1
§ 30 ZEK,1
§ 38 ZEK,1
§19 ZPS,1
ÚJ,1
ÚPV,1
ÚSOP,1
ÚZ,1
Úplný,1
Úroveň státní jazykové zkoušky,1
Úroveň znalosti cizího jazyka,1
Ústav,1
Ústí nad Labem,1
Územně analytické podklady,1
Území vyhlášená státem - Společná databáze chráněných území (CDDA),1
Účel,1
Účelový znak,1
Účetní jednotka,1
Úřední deska,1
údaj,1
úhrada nákladů,1
úhrnné hodnoty druhů pozemků (UHDP),1
úkon,1
úmrtnostní tabulky,1
únik,1
úroveň důvěry,1
úroveň znalosti jazyka,1
úsek,1
úses,1
úvazek,1
úvěry,1
územní identifikace,1
územní jednotky,1
územní ochrana,1
územní platnost výsledku,1
územní plán,1
územní rozvoj,1
územní statistické jednotky,1
územní členění,1
územně analytické podklady,1
územně správní jednotka,1
územně technická jednotka,1
účast,1
účastnické spory,1
účastnické vedení,1
účastníci,1
účastník projektu,1
účel spotřeby,1
účet univerzální služby,1
účetní data,1
účetní jednotka,1
účetní závěrka,1
úřad práce,1
úřady,1
úřednídeska,1
ČDDD,1
ČNB,1
ČR,1
ČSÚ,1
Časová řada,1
Česká národní banka,1
Česká pošta,1
Česká školní inspekce,1
Česká školní inspekce ,1
České Budějovice,1
Četnost dotazů,1
Četnost událostí,1
Činnost kraje,1
Činnost obce,1
Člověk a biosféra,1
ČÚZK,1
Číselník,1
Číselník výkazů a tabulek,1
ČŠI,1
ČŠI ,1
čas,1
časová specifikace,1
černá,1
černá-šedá-bílá místa,1
čerpání,1
čestný,1
čestný občan,1
čhmú,1
činnost,1
čip,1
čipování,1
čisté náklady,1
čisté peněžní příjmy,1
čistý disponibilní důchod domácností,1
čistý disponibilní důchod domácností.,1
čištění,1
čištění chodníků,1
čištění vozovek,1
člen,1
členění,1
čtvrť,1
část,1
část budovy,1
část obce díl,1
části,1
části obcí,1
částiměsta,1
číselníky,1
číslo domovní,1
číslovací plány,1
ředitel ZŠ,1
ředitel školy,1
ředitelka ZŠ,1
ředitelka školy,1
ředitelka školy ,1
řeka,1
řízení,1
Školská zařízení,1
šedá a bílá místa,1
šetření,1
širokopásmový přístup,1
školní,1
školská právnická osoba,1
školská zařízení,1
školské zařízení,1
školskéobvody,1
školský zákon,1
školský zákon ,1
štíty,1
železnice,1
železniční koridory,1
železniční síť,1
živnostenské oprávnění; fyzická osoba,1
živnosti,1
životní styl,1
živě narození,1
žáci,1
žáků,1
 data service,1
AZZP,1
Accounting entity,1
Accounting management,1
Accounting statement,1
Accounting unit,1
Active organization,1
Addresses,1
Administrative units,1
Agricultural Water Management Administration,1
Agrochemical testing of agricultural land,1
Analytics,1
Approval,1
Approval of accounting statements,1
Area Unit,1
Auxiliary part to FIN2-04U part V.,1
Balance Sheet,1
Base unit,1
Basic Territorial Unit,1
Bio-geographical regions,1
Budget chapter,1
Budget item,1
Buildings,1
CF,1
COFOG,1
CORINE Land Cover,1
Cadastral Branch Office (KP),1
Cadastral Parcels,1
Cashflow,1
Changes in Equity,1
Classification of government´s functions COFOG,1
Classification of territorial statistical unit,1
Classification of territorial statistical unit NUTS,1
Code list of statements and tables,1
Codes of institutional sectors and subsectors,1
Copernicus,1
Directive 2009/147/EC,1
Directive 92/43/EEC,1
EDS,1
EPH,1
EZP,1
Elevation,1
FIN,1
FIN 1-12,1
FIN 1-12 OSS,1
FIN 1-12 OSS - Budget Fulfillment of CHAP and OSS,1
FIN 1-12 SF,1
FIN 1-12 SF - Budget Fulfillment of SF,1
FIN 2-04 U,1
FIN 2-04 U - Budget Fulfillment of CHAP,1
FIN 2-12 M,1
FIN 2-12 M - Budget Fulfillment of LGU,1
FIN SPO,1
FIN SPO - Budget Fulfillment of SPO,1
Financial location,1
Forest,1
Forms of accounting unit,1
Fund,1
Funded program (To 2014),1
GET DPB,1
Geology,1
Grassland,1
Guiding chart of accounts (items of financial statements),1
Habitat types distribution (Habitats Directive),1
Habitats and biotopes,1
High Resolution Layers,1
ISOOS,1
IZR,1
Imperviousness,1
Indicators,1
Indicators of accounting entity,1
Indicatorsort,1
Instrument,1
Item of statement,1
LPIS,1
Land Cover,1
Land Monitoring Service,1
Land cover,1
Land use,1
MONITOR,1
MZE,1
Man and the Biosphere,1
Mandatory indicators of state budget (To 2014),1
Mandatory indicators of state budget (from 2015),1
Method of Remuneration,1
Ministry of Agriculture,1
Municipalities monitoring,1
Municipality with authorized municipal office,1
Municipality with extended competence,1
NUTS,1
NUTS region,1
National biogeographical regions,1
Nationally designated areas - CDDA,1
Natura 2000,1
Natura 2000 sites (Birds Directive),1
Natura 2000 sites (Habitats Directive),1
Notes to Financial Statements,1
Number of inhabitants category,1
OSS,1
OSS Type,1
OSS and SF (2010-2014) (2010 - 2014),1
OpenData,1
Other legal entities,1
P&L,1
POR,1
PVS,1
PVS expenditures,1
PVS revenues,1
PVS revenues and PVS expenditures,1
Pan-European biogeographical regions (Birds Directive),1
Pan-European biogeographical regions (Habitats Directive),1
Paragraph (for digit code),1
Paragraph (six digit code),1
Profit and Loss,1
Profit and Loss Statement,1
Protected areas (Water Framework Directive),1
Protected sites,1
Purpose,1
Purposeful character,1
RDM,1
RDM ,1
RSS,1
RUIAN,1
RVIN,1
Ramsar,1
Ramsar site,1
Recording unit,1
Registry of agricultural entrepreneurs,1
Research Institute of Agricultural Engineering,1
SAO Board,1
SDB,1
SF,1
SMVS,1
SOAP,1
SPO,1
SRS,1
SZR,1
Small Woody Features,1
Soil,1
Source of organization´s funding,1
South Bohemian regional authority,1
Species distribution,1
Species distribution (Habitats Directive),1
Statement of Cashflow,1
Statement of Changes in Equity,1
Statistical units,1
Subtype of accounting unit,1
Supreme Audit Office,1
"The register of territorial identification, addresses and real estates (RÚIAN)",1
Type of accounting unit,1
Type of financial location,1
Type of management,1
UKZUZ,1
UNESCO,1
"UNESCO, world heritage site, natural",1
Urban Atlas,1
VUZT,1
Water and Wetness,1
accounting,1
accounting data,1
accounting unit,1
address,1
address point,1
administrative boundaries,1
administrative boundary,1
administrative district in Prague,1
administrative units,1
amelioration,1
arc geometry,1
authorized municipal office,1
authorized municipality,1
basic settlement unit,1
"biogeography, biogeographical division, ecological network, biogeographical province, subprovince, bioregion, biochore",1
biosphere/ecology/ecological parameter/species,1
biosphere/organism/animal/chordate/vertebrate/amphibian,1
biosphere/organism/animal/chordate/vertebrate/mammal,1
biosphere/organism/animal/chordate/vertebrate/reptile,1
biosphere/organism/animal/invertebrate,1
biosphere/organism/animal/invertebrate/mollusc,1
biosphere/organism/aquatic organism/fish,1
biosphere/organism/plant (biology)/cryptogam/bryophyte,1
biosphere/organism/plant (biology)/cryptogam/tracheophyte,1
boundaries of CR,1
boundaries of the Czech Republic,1
boundary,1
boundary of a parcel,1
budget,1
buffer zone,1
building,1
building object,1
building part,1
buildings,1
cadastral map digitized from an analogue map,1
"cadastral map, cadastre map",1
cadastral parcel,1
cadastre of real estate of the Czech Republic,1
cadastre unit,1
"centroid, centroid point, label point",1
chapter,1
character,1
cities,1
city districts and city parts,1
city districts in Prague,1
classification,1
classification of government´s functions,1
code list of fertilizers,1
codelist,1
cohesion region,1
conservation,1
construction objects,1
contracts,1
coordinate grid,1
country,1
covid-19,1
crops,1
crops code list,1
data service,1
days in week,1
de minimis registry,1
definition line of the street,1
digital cadastral map,1
district,1
district of Prague (MOP),1
drinking water,1
eagri,1
easement,1
ecologically important elements,1
education,1
educational fields,1
elbe river basin,1
election district,1
elevation,1
employers,1
employment,1
employment agencies,1
employment department,1
entities,1
esif,1
exchange rate,1
extended competence,1
farmer's blocks,1
fertilizers,1
fields of activity,1
finance,1
floor,1
form,1
free places,1
fundamental horizontral control,1
general code lists,1
geodetic point field,1
"geographical information, geoinformation, geospatial information",1
geography markup language (GML),1
geoinformation,1
"geonym, geographical name",1
government´s functions,1
grants,1
higher territorial self-governing unit (VÚSC),1
historical data,1
hop fields code list,1
house number,1
"house number, building number",1
house orientation number,1
hydrography,1
"immovables, real estate, real property",1
indicators,1
information system of basic registers,1
information system of territorial identification (ISÚI),1
information system of the cadastre of real estates,1
information system of the department of seeds and seedlings,1
inhabitants,1
inhabitants category,1
inner drawing,1
insolvency,1
institutional sector,1
institutional sectors and subsectors,1
institutional subsector,1
integrated agricultural registry,1
invoice,1
job placement,1
jobs,1
labor market,1
labor relations,1
land parcel number,1
land/protected area,1
languages,1
law (corpus of rules)/convention/international convention,1
legal entities,1
letter of house orientation number,1
level of language proficiency,1
list of farmer's blocks,1
local self-government units (LAU),1
management,1
mandatory indicators,1
"map symbol, map sign",1
master data,1
member,1
ministry of agriculture,1
minor horizontal geodetic control,1
monitoring,1
morava river basin,1
municipality with extended powers,1
mze,1
names,1
national specially protected area,1
nature,1
nature of land use,1
nitrates directive,1
nomenclature of territorial units for statistics (NUTS),1
objects on watercourses,1
odra river basin,1
ohře river basin,1
open services on spatial data,1
orders,1
organization,1
organizational units,1
organization´s funding,1
original geometry,1
other buildings,1
other features,1
park,1
part of municipality,1
parts of municipalities,1
period 01/2018,1
period 01/2019,1
period 01/2020,1
period 01/2021,1
period 02/2018,1
period 02/2019,1
period 02/2020,1
period 02/2021,1
period 03/2013,1
period 03/2014,1
period 03/2015,1
period 03/2016,1
period 03/2017,1
period 03/2018,1
period 03/2019,1
period 03/2020,1
period 03/2021,1
period 04/2018,1
period 04/2019,1
period 04/2020,1
period 04/2021,1
period 05/2018,1
period 05/2019,1
period 05/2020,1
period 05/2021,1
period 06/2013,1
period 06/2014,1
period 06/2015,1
period 06/2016,1
period 06/2017,1
period 06/2018,1
period 06/2019,1
period 06/2020,1
period 06/2021,1
period 07/2018,1
period 07/2019,1
period 07/2020,1
period 07/2021,1
period 08/2018,1
period 08/2019,1
period 08/2020,1
period 08/2021,1
period 09/2013,1
period 09/2014,1
period 09/2015,1
period 09/2016,1
period 09/2017,1
period 09/2018,1
period 09/2019,1
period 09/2020,1
period 09/2021,1
period 10/2018,1
period 10/2019,1
period 10/2020,1
period 11/2018,1
period 11/2019,1
period 11/2020,1
period 12/2010,1
period 12/2011,1
period 12/2012,1
period 12/2013,1
period 12/2014,1
period 12/2015,1
period 12/2016,1
period 12/2017,1
period 12/2018,1
period 12/2019,1
period 12/2020,1
period 12/2021,1
planimetric net of orthogonal coordinates,1
planimetry supplement,1
plant protection products,1
plant varieties,1
"plot (of land), parcel (of land), plat (US)",1
"plot, lot, land",1
"postal code, zip code",1
"property, ownership, possesion",1
"proprietor of a real estate, owner of a real estate",1
protected zone,1
protected zone of geodetic point,1
protective equipment,1
public LPIS,1
public agency,1
public authorities,1
public contracts,1
public institution,1
purpose,1
qualified supliers,1
quasigeoid,1
rational fertilization,1
"real estate cadastre, cadastre of real estate",1
region,1
regions,1
registration number (of country cottage),1
registry of distributors,1
registry of fertilizers,1
registry of vineyards,1
remuneration,1
river basin,1
schools,1
sector,1
service,1
skills,1
small scale aid registry,1
social service providers,1
social services,1
soil blocks,1
source,1
sources of drinking water,1
spatial planning,1
species,1
state organizational units,1
state phytosanitary administration,1
state treasury,1
statement,1
statistical unit,1
studies,1
subsector,1
subsidies,1
survey control point,1
survey sketch,1
table,1
technical-economical attributes,1
territorial statistical unit,1
territorial unit,1
the whole czech republic,1
thoroughfare,1
total values of nature of land use,1
town district (MOMC),1
transport networks,1
transverse obstacles ,1
type,1
unit,1
unit of territorial administration,1
varieties,1
vegetation,1
vineyards,1
vltava river basin,1
wages,1
water consumption,1
water drainage,1
water management,1
water reservoirs,1
watercourse axes,1
watercourses,1
web service,1
without authorization,1
without autorization,1
work,1
