jméno_poskytovatele,počet_distribucí,neplatný_typ
Ministerstvo životního prostředí,28,Esri REST
Ministerstvo životního prostředí,28,OGC WFS
Ministerstvo životního prostředí,28,OGC WMS
Statutární město Děčín,26,ZIP (SHP)
HLAVNÍ MĚSTO PRAHA,16,gzip:csv
HLAVNÍ MĚSTO PRAHA,5,API
Český telekomunikační úřad,5,rdf
Statutární město Děčín,3,DGN
HLAVNÍ MĚSTO PRAHA,3,URL
HLAVNÍ MĚSTO PRAHA,3,XSD
HLAVNÍ MĚSTO PRAHA,3,ZIP:CSV
HLAVNÍ MĚSTO PRAHA,3,zip:csv
HLAVNÍ MĚSTO PRAHA,2,XSLX
Statutární město Děčín,2,dgn
Statutární město Děčín,2,dxf
HLAVNÍ MĚSTO PRAHA,1,
Statutární město Děčín,1,DXF
Statutární město Děčín,1,ZIP (DXF)
Statutární město Opava,1,aplication/xml
Český telekomunikační úřad,1,data
HLAVNÍ MĚSTO PRAHA,1,url
HLAVNÍ MĚSTO PRAHA,1,xslx
