<?xml version="1.0" encoding="UTF-8"?>
<beans xmlns="http://www.springframework.org/schema/beans"
       xmlns:xsi="http://www.w3.org/2001/XMLSchema-instance"
       xmlns:context="http://www.springframework.org/schema/context"
       xmlns:task="http://www.springframework.org/schema/task"
       xsi:schemaLocation="http://www.springframework.org/schema/beans http://www.springframework.org/schema/beans/spring-beans.xsd
		http://www.springframework.org/schema/context http://www.springframework.org/schema/context/spring-context.xsd
		http://www.springframework.org/schema/task http://www.springframework.org/schema/task/spring-task-3.0.xsd">

    <context:component-scan  base-package="com.linkedpipes.etl.executor.monitor" >
        <context:exclude-filter type="regex" expression="com.linkedpipes.etl.executor.monitor.web.*"/>
    </context:component-scan>

    <!-- Web server initialization and holder. -->
    <bean class="com.linkedpipes.etl.executor.monitor.web.WebServer" />
    <bean class="com.linkedpipes.etl.executor.monitor.web.FtpServer" />

    <task:annotation-driven executor="asynchExecutor" />
    <task:executor id="asynchExecutor" pool-size="2" />
    <!--<task:scheduler id="scheduler" pool-size="2" />-->

</beans>