{
  "cs": {
    "license.authorType": "Autorské dílo",
    "license.authorMulti": "Obsahuje více děl",
    "license.authorMultiComment": "Obsahuje více autorských děl. Licence umožňující jejich užití jsou přiloženy přímo u nich.",
    "license.authorNo": "Neobsahuje",
    "license.authorNoComment": "Neobsahuje autorská díla.",
    "license.authorCcBy": "CC BY 4.0",
    "license.authorCcByComment": "Autorské dílo licencované CC BY 4.0. Při použití díla je nutno uvést autora.",
    "license.authorCustom": "Vlastní licence",
    "license.authorCustomComment": "Poskytovatel pro dílo používá vlastní podmínky užití. Před užitím díla je nutné se s nimi seznámit a souhlasit s nimi.",
    "license.authorCustomAvailable": "Podmínky užití byly {date} dostupné. {note}",
    "license.authorCustomUnavailable": "Podmínky užití byly {date} nedostupné. {note}",
    "license.dbType": "Originální databáze",
    "license.dbNo": "Neobsahuje",
    "license.dbNoComment": "Není autorskoprávně chráněnou databází.",
    "license.dbCcBy": "CC BY 4.0",
    "license.dbCcByComment": "Databáze licencována CC BY 4.0. Při použití databáze je nutno uvést autora.",
    "license.dbCustom": "Vlastní licence",
    "license.dbCustomComment": "Poskytovatel pro databázi používá vlastní podmínky užití. Před užitím databáze je nutné se s nimi seznámit a souhlasit s nimi.",
    "license.dbCustomAvailable": "Podmínky užití byly {date} dostupné. {note}",
    "license.dbCustomUnavailable": "Podmínky užití byly {date} nedostupné. {note}",
    "license.specialdbType": "Zvláštní právo pořizovatele databáze",
    "license.specialdbNo": "Není chráněna",
    "license.specialdbNoComment": "Není chráněna zvláštním právem pořizovatele databáze.",
    "license.specialdbCc0": "CC0",
    "license.specialdbCc0Comment": "Licencováno CC0.",
    "license.specialdbCustom": "Vlastní licence",
    "license.specialdbCustomComment": "Poskytovatel pro ošetření zvláštního práva pořizovatele databáze používá vlastní podmínky užití. Před užitím databáze je nutné se s nimi seznámit a souhlasit s nimi.",
    "license.specialdbCustomAvailable": "Podmínky užití byly {date} dostupné. {note}",
    "license.specialdbCustomUnavailable": "Podmínky užití byly {date} nedostupné. {note}",
    "license.personalType": "Osobní údaje",
    "license.personalNo": "Neobsahuje",
    "license.personalNoComment": "Neobsahuje osobní údaje.",
    "license.personalYes": "Obsahuje",
    "license.personalYesComment": "Obsahuje osobní údaje. Příjemce této distribuce datové sady se stává správcem osobních údajů.",
    "license.missing": "Nespecifikovány",
    "license.missingComment": "Poskytovatel dat nespecifikoval podmínky užití. Nejedná se tedy o otevřená data a jejich užitím se příjemce vystavuje právním rizikům.",
    "license.personalUnspecified": "Může obsahovat osobní údaje (nespecifikováno)",
    "license.personalUnspecifiedComment": "Poskytovatel nespecifikuje, zda distribuce datové sady obsahuje osobní údaje. Pokud ano, tak se příjemce této distribuce stává správcem osobních údajů.",
    "license.personalMissing": "Může obsahovat osobní údaje (nespecifikováno)",
    "license.personalMissingComment": "Poskytovatel nespecifikuje, zda distribuce datové sady obsahuje osobní údaje. Pokud ano, tak se příjemce této distribuce stává správcem osobních údajů.",
    "license.quality.loading": "Informace o kvalitě se nahrávají",
    "legalCorsTrue": "Technika CORS byla pro podmínky užití dostupná {date}.",
    "legalCorsFalse": "Technika CORS nebyla pro podmínky užití dostupná {date}."
  },
  "en": {
    "license.authorType": "Copyrighted work",
    "license.authorMulti": "Multiple works",
    "license.authorMultiComment": "The distribution contains several copyrighted works. Licences that allow further use of these copyrighted works are attached to them.",
    "license.authorNo": "Not copyrighted",
    "license.authorNoComment": "Does not contain copyrighted works.",
    "license.authorCcBy": "CC BY 4.0",
    "license.authorCcByComment": "Copyrighted work licensed using CC BY 4.0. You must give appropriate credit, provide a link to the license, and indicate if changes were made.",
    "license.authorCustom": "Custom license",
    "license.authorCustomComment": "The publisher uses custom terms of use. It is necessary to agree to them before using the data.",
    "license.authorCustomAvailable": "The terms of use were available on {date}. {note}",
    "license.authorCustomUnavailable": "The terms of use were unavailable on {date}. {note}",
    "license.dbType": "Copyrighted database",
    "license.dbNo": "Not copyrighted",
    "license.dbNoComment": "Not a database protected by copyright.",
    "license.dbCcBy": "CC BY 4.0",
    "license.dbCcByComment": "The database is a copyrighted work licensed using CC BY 4.0. You must give appropriate credit, provide a link to the license, and indicate if changes were made.",
    "license.dbCustom": "Custom license",
    "license.dbCustomComment": "The publisher uses custom terms of use for the database. It is necessary to agree to them before using the database.",
    "license.dbCustomAvailable": "The terms of use were available on {date}. {note}",
    "license.dbCustomUnavailable": "The terms of use were unavailable on {date}. {note}",
    "license.specialdbType": "Sui generis db rights",
    "license.specialdbNo": "Not protected",
    "license.specialdbNoComment": "Not protected by sui generis database rights.",
    "license.specialdbCc0": "CC0",
    "license.specialdbCc0Comment": "Licensed using CC0.",
    "license.specialdbCustom": "Custom license",
    "license.specialdbCustomComment": "The publisher uses custom terms of use for the sui generis database rights. It is necessary to agree to them before using the database.",
    "license.specialdbCustomAvailable": "The terms of use were available on {date}. {note}",
    "license.specialdbCustomUnavailable": "The terms of use were unavailable on {date}. {note}",
    "license.personalType": "Personal data",
    "license.personalNo": "No personal data",
    "license.personalNoComment": "Does not contain personal data.",
    "license.personalYes": "Contains personal data",
    "license.personalYesComment": "Contains personal data. With download of this distribution you are becoming personal data controller.",
    "license.missing": "Unspecified license",
    "license.missingComment": "The publisher does not specify the terms of use for this distribution. It is not considered open data and by using it, you expose yourself to legal issues.",
    "license.personalUnspecified": "May contain personal data (unspecified)",
    "license.personalUnspecifiedComment": "The publisher does not specify whether or not this distribution contains personal data. If it does, then with download of this distribution you are becoming personal data controller.",
    "license.personalMissing": "May contain personal data (unspecified)",
    "license.personalMissingComment": "The publisher does not specify whether or not this distribution contains personal data. If it does, then with download of this distribution you are becoming personal data controller.",
    "license.quality.loading": "Loading quality information",
    "legalCorsTrue": "CORS for the terms of use was available on {date}.",
    "legalCorsFalse": "CORS for the terms of use was not available on {date}."
  }
}